climate_zone,city,building_type,parameter,variant,wwr_target,u_factor,shgc,infil_rate,peak_heat_mult,peak_cool_mult,annual_heat_mult,annual_cool_mult,combined_peak_mult,baseline_peak_heat_kW,baseline_peak_cool_kW,baseline_annual_heat_MWh,baseline_annual_cool_MWh
3A,atlanta,apartment_highrise,wwr,wwr_20pct,0.2,2.06120838,0.378,0.000569572250459736,1.0,1.0,1.0,1.0,1.0,159.9,261.44,50.801,407.413
3A,atlanta,apartment_highrise,equipment,equip_high,0.2,2.06120838,0.378,0.000569572250459736,0.9995,1.0005,0.9935,1.0015,1.0,159.9,261.44,50.801,407.413
3A,atlanta,apartment_highrise,equipment,equip_low,0.2,2.06120838,0.378,0.000569572250459736,1.0003,0.9997,1.0033,0.9993,1.0,159.9,261.44,50.801,407.413
3A,atlanta,apartment_highrise,glazing,double_low_e,0.2,2.06120838,0.378,0.000569572250459736,1.0,1.0,1.0,1.0,1.0,159.9,261.44,50.801,407.413
3A,atlanta,apartment_highrise,glazing,double_pane,0.2,3.0,0.7,0.000569572250459736,1.0761,1.2178,0.9305,1.4463,1.1447,159.9,261.44,50.801,407.413
3A,atlanta,apartment_highrise,glazing,single_pane,0.2,5.8,0.86,0.000569572250459736,1.5171,1.3739,1.7142,1.591,1.4437,159.9,261.44,50.801,407.413
3A,atlanta,apartment_highrise,glazing,triple_low_e,0.2,0.85,0.2,0.000569572250459736,0.7881,0.8834,0.7055,0.8145,0.8344,159.9,261.44,50.801,407.413
3A,atlanta,apartment_highrise,infiltration,leaky,0.2,2.06120838,0.378,0.00114,1.5413,1.1664,1.9662,0.9974,1.3408,159.9,261.44,50.801,407.413
3A,atlanta,apartment_highrise,infiltration,standard,0.2,2.06120838,0.378,0.000569572250459736,1.0,1.0,1.0,1.0,1.0,159.9,261.44,50.801,407.413
3A,atlanta,apartment_highrise,infiltration,tight,0.2,2.06120838,0.378,0.000285,0.707,0.9112,0.6101,1.0087,0.8026,159.9,261.44,50.801,407.413
3A,atlanta,apartment_highrise,lighting,lighting_high,0.2,2.06120838,0.378,0.000569572250459736,0.8553,1.0851,0.5585,1.2788,0.9633,159.9,261.44,50.801,407.413
3A,atlanta,apartment_highrise,lighting,lighting_low,0.2,2.06120838,0.378,0.000569572250459736,1.1177,0.9139,1.6864,0.7563,1.0107,159.9,261.44,50.801,407.413
3A,atlanta,apartment_highrise,people,people_high,0.2,2.06120838,0.378,0.000569572250459736,0.9996,1.0002,0.9992,1.0015,0.9999,159.9,261.44,50.801,407.413
3A,atlanta,apartment_highrise,people,people_low,0.2,2.06120838,0.378,0.000569572250459736,1.0003,0.9999,1.0005,0.9993,1.0001,159.9,261.44,50.801,407.413
3A,atlanta,apartment_highrise,schedule,sched_5day,0.2,2.06120838,0.378,0.000569572250459736,1.0,1.0,1.0,1.0,1.0,159.9,261.44,50.801,407.413
3A,atlanta,apartment_highrise,schedule,sched_extended,0.2,2.06120838,0.378,0.000569572250459736,1.0,1.0,1.0,1.0,1.0,159.9,261.44,50.801,407.413
3A,atlanta,apartment_highrise,wwr,wwr_10pct,0.1,2.06120838,0.378,0.000569572250459736,0.9999,0.9996,1.0006,0.999,0.9998,159.9,261.44,50.801,407.413
3A,atlanta,apartment_highrise,wwr,wwr_30pct,0.3,2.06120838,0.378,0.000569572250459736,0.9999,0.9998,1.0004,0.9993,0.9998,159.9,261.44,50.801,407.413
3A,atlanta,apartment_highrise,wwr,wwr_50pct,0.5,2.06120838,0.378,0.000569572250459736,1.0,0.9999,1.0002,0.9997,0.9999,159.9,261.44,50.801,407.413
3A,atlanta,apartment_highrise,wwr,wwr_70pct,0.7,2.06120838,0.378,0.000569572250459736,1.0,1.0,1.0,1.0001,1.0,159.9,261.44,50.801,407.413
3A,atlanta,apartment_highrise,wwr,wwr_90pct,0.9,2.06120838,0.378,0.000569572250459736,1.0001,1.0002,0.9998,1.0005,1.0001,159.9,261.44,50.801,407.413
5A,buffalo,apartment_highrise,wwr,wwr_20pct,0.2,2.06120838,0.378,0.000569572250459736,1.0,1.0,1.0,1.0,1.0,234.44,241.34,200.264,153.261
5A,buffalo,apartment_highrise,equipment,equip_high,0.2,2.06120838,0.378,0.000569572250459736,0.9995,1.0006,0.9972,1.0024,1.0,234.44,241.34,200.264,153.261
5A,buffalo,apartment_highrise,equipment,equip_low,0.2,2.06120838,0.378,0.000569572250459736,1.0003,0.9997,1.0014,0.9989,1.0,234.44,241.34,200.264,153.261
5A,buffalo,apartment_highrise,glazing,double_low_e,0.2,2.06120838,0.378,0.000569572250459736,1.0,1.0,1.0,1.0,1.0,234.44,241.34,200.264,153.261
5A,buffalo,apartment_highrise,glazing,double_pane,0.2,3.0,0.7,0.000569572250459736,0.9745,1.2126,1.0211,1.6978,1.0871,234.44,241.34,200.264,153.261
5A,buffalo,apartment_highrise,glazing,single_pane,0.2,5.8,0.86,0.000569572250459736,1.3336,1.3202,1.6674,1.8011,1.3269,234.44,241.34,200.264,153.261
5A,buffalo,apartment_highrise,glazing,triple_low_e,0.2,0.85,0.2,0.000569572250459736,0.8416,0.8961,0.7119,0.7872,0.8684,234.44,241.34,200.264,153.261
5A,buffalo,apartment_highrise,infiltration,leaky,0.2,2.06120838,0.378,0.00114,1.5787,1.0964,1.7931,0.8825,1.3156,234.44,241.34,200.264,153.261
5A,buffalo,apartment_highrise,infiltration,standard,0.2,2.06120838,0.378,0.000569572250459736,1.0,1.0,1.0,1.0,1.0,234.44,241.34,200.264,153.261
5A,buffalo,apartment_highrise,infiltration,tight,0.2,2.06120838,0.378,0.000285,0.65,0.8995,0.6359,1.0997,0.7646,234.44,241.34,200.264,153.261
5A,buffalo,apartment_highrise,lighting,lighting_high,0.2,2.06120838,0.378,0.000569572250459736,0.864,1.1072,0.7128,1.4966,0.9781,234.44,241.34,200.264,153.261
5A,buffalo,apartment_highrise,lighting,lighting_low,0.2,2.06120838,0.378,0.000569572250459736,1.1254,0.9083,1.3601,0.6241,1.011,234.44,241.34,200.264,153.261
5A,buffalo,apartment_highrise,people,people_high,0.2,2.06120838,0.378,0.000569572250459736,0.9999,1.0,0.9987,1.0024,1.0,234.44,241.34,200.264,153.261
5A,buffalo,apartment_highrise,people,people_low,0.2,2.06120838,0.378,0.000569572250459736,1.0001,1.0,1.0006,0.9989,1.0,234.44,241.34,200.264,153.261
5A,buffalo,apartment_highrise,schedule,sched_5day,0.2,2.06120838,0.378,0.000569572250459736,1.0,1.0,1.0,1.0,1.0,234.44,241.34,200.264,153.261
5A,buffalo,apartment_highrise,schedule,sched_extended,0.2,2.06120838,0.378,0.000569572250459736,1.0,1.0,1.0,1.0,1.0,234.44,241.34,200.264,153.261
5A,buffalo,apartment_highrise,wwr,wwr_10pct,0.1,2.06120838,0.378,0.000569572250459736,0.9998,0.9994,1.0,0.9987,0.9996,234.44,241.34,200.264,153.261
5A,buffalo,apartment_highrise,wwr,wwr_30pct,0.3,2.06120838,0.378,0.000569572250459736,0.9999,0.9996,1.0,0.9992,0.9997,234.44,241.34,200.264,153.261
5A,buffalo,apartment_highrise,wwr,wwr_50pct,0.5,2.06120838,0.378,0.000569572250459736,0.9999,0.9998,1.0,0.9996,0.9999,234.44,241.34,200.264,153.261
5A,buffalo,apartment_highrise,wwr,wwr_70pct,0.7,2.06120838,0.378,0.000569572250459736,1.0,1.0,1.0,1.0001,1.0,234.44,241.34,200.264,153.261
5A,buffalo,apartment_highrise,wwr,wwr_90pct,0.9,2.06120838,0.378,0.000569572250459736,1.0001,1.0003,1.0,1.0006,1.0002,234.44,241.34,200.264,153.261
5B,denver,apartment_highrise,wwr,wwr_20pct,0.2,2.06120838,0.378,0.000569572250459736,1.0,1.0,1.0,1.0,1.0,169.44,211.2,81.76,249.434
5B,denver,apartment_highrise,equipment,equip_high,0.2,2.06120838,0.378,0.000569572250459736,0.9992,1.0006,0.9948,1.0021,0.9999,169.44,211.2,81.76,249.434
5B,denver,apartment_highrise,equipment,equip_low,0.2,2.06120838,0.378,0.000569572250459736,1.0004,0.9997,1.0026,0.999,1.0001,169.44,211.2,81.76,249.434
5B,denver,apartment_highrise,glazing,double_low_e,0.2,2.06120838,0.378,0.000569572250459736,1.0,1.0,1.0,1.0,1.0,169.44,211.2,81.76,249.434
5B,denver,apartment_highrise,glazing,double_pane,0.2,3.0,0.7,0.000569572250459736,1.1346,1.3198,1.0568,1.7259,1.2237,169.44,211.2,81.76,249.434
5B,denver,apartment_highrise,glazing,single_pane,0.2,5.8,0.86,0.000569572250459736,1.7487,1.5489,2.1053,1.8501,1.6458,169.44,211.2,81.76,249.434
5B,denver,apartment_highrise,glazing,triple_low_e,0.2,0.85,0.2,0.000569572250459736,0.7034,0.7965,0.5584,0.774,0.7485,169.44,211.2,81.76,249.434
5B,denver,apartment_highrise,infiltration,leaky,0.2,2.06120838,0.378,0.00114,1.5071,1.0505,1.801,0.8719,1.2583,169.44,211.2,81.76,249.434
5B,denver,apartment_highrise,infiltration,standard,0.2,2.06120838,0.378,0.000569572250459736,1.0,1.0,1.0,1.0,1.0,169.44,211.2,81.76,249.434
5B,denver,apartment_highrise,infiltration,tight,0.2,2.06120838,0.378,0.000285,0.7761,0.9749,0.6734,1.092,0.8698,169.44,211.2,81.76,249.434
5B,denver,apartment_highrise,lighting,lighting_high,0.2,2.06120838,0.378,0.000569572250459736,0.8347,1.1256,0.5958,1.3964,0.9693,169.44,211.2,81.76,249.434
5B,denver,apartment_highrise,lighting,lighting_low,0.2,2.06120838,0.378,0.000569572250459736,1.2332,0.8793,1.5948,0.6708,1.0413,169.44,211.2,81.76,249.434
5B,denver,apartment_highrise,people,people_high,0.2,2.06120838,0.378,0.000569572250459736,0.9996,1.0002,0.9989,1.0021,0.9999,169.44,211.2,81.76,249.434
5B,denver,apartment_highrise,people,people_low,0.2,2.06120838,0.378,0.000569572250459736,1.0002,0.9999,1.0006,0.9991,1.0001,169.44,211.2,81.76,249.434
5B,denver,apartment_highrise,schedule,sched_5day,0.2,2.06120838,0.378,0.000569572250459736,1.0,1.0,1.0,1.0,1.0,169.44,211.2,81.76,249.434
5B,denver,apartment_highrise,schedule,sched_extended,0.2,2.06120838,0.378,0.000569572250459736,1.0,1.0,1.0,1.0,1.0,169.44,211.2,81.76,249.434
5B,denver,apartment_highrise,wwr,wwr_10pct,0.1,2.06120838,0.378,0.000569572250459736,0.9996,0.9992,1.0005,0.9987,0.9994,169.44,211.2,81.76,249.434
5B,denver,apartment_highrise,wwr,wwr_30pct,0.3,2.06120838,0.378,0.000569572250459736,0.9997,0.9995,1.0003,0.9992,0.9996,169.44,211.2,81.76,249.434
5B,denver,apartment_highrise,wwr,wwr_50pct,0.5,2.06120838,0.378,0.000569572250459736,0.9999,0.9998,1.0001,0.9996,0.9998,169.44,211.2,81.76,249.434
5B,denver,apartment_highrise,wwr,wwr_70pct,0.7,2.06120838,0.378,0.000569572250459736,1.0,1.0001,1.0,1.0001,1.0,169.44,211.2,81.76,249.434
5B,denver,apartment_highrise,wwr,wwr_90pct,0.9,2.06120838,0.378,0.000569572250459736,1.0002,1.0003,0.9998,1.0006,1.0003,169.44,211.2,81.76,249.434
1A,miami,apartment_highrise,wwr,wwr_20pct,0.2,2.06120838,0.378,0.000569572250459736,1.0,1.0,1.0,1.0,1.0,21.58,283.76,0.663,844.968
1A,miami,apartment_highrise,equipment,equip_high,0.2,2.06120838,0.378,0.000569572250459736,0.9952,1.0004,0.9469,1.0012,0.9978,21.58,283.76,0.663,844.968
1A,miami,apartment_highrise,equipment,equip_low,0.2,2.06120838,0.378,0.000569572250459736,1.0026,0.9998,1.0259,0.9994,1.0012,21.58,283.76,0.663,844.968
1A,miami,apartment_highrise,glazing,double_low_e,0.2,2.06120838,0.378,0.000569572250459736,1.0,1.0,1.0,1.0,1.0,21.58,283.76,0.663,844.968
1A,miami,apartment_highrise,glazing,double_pane,0.2,3.0,0.7,0.000569572250459736,0.6534,1.1842,0.8429,1.279,0.8796,21.58,283.76,0.663,844.968
1A,miami,apartment_highrise,glazing,single_pane,0.2,5.8,0.86,0.000569572250459736,1.1656,1.3065,1.6718,1.4162,1.234,21.58,283.76,0.663,844.968
1A,miami,apartment_highrise,glazing,triple_low_e,0.2,0.85,0.2,0.000569572250459736,0.9735,0.8828,0.8388,0.8525,0.927,21.58,283.76,0.663,844.968
1A,miami,apartment_highrise,infiltration,leaky,0.2,2.06120838,0.378,0.00114,1.6829,1.1583,2.2623,1.0854,1.3961,21.58,283.76,0.663,844.968
1A,miami,apartment_highrise,infiltration,standard,0.2,2.06120838,0.378,0.000569572250459736,1.0,1.0,1.0,1.0,1.0,21.58,283.76,0.663,844.968
1A,miami,apartment_highrise,infiltration,tight,0.2,2.06120838,0.378,0.000285,0.6135,0.8856,0.6126,0.9437,0.7371,21.58,283.76,0.663,844.968
1A,miami,apartment_highrise,lighting,lighting_high,0.2,2.06120838,0.378,0.000569572250459736,0.3523,1.0765,0.3882,1.1798,0.6159,21.58,283.76,0.663,844.968
1A,miami,apartment_highrise,lighting,lighting_low,0.2,2.06120838,0.378,0.000569572250459736,1.8275,0.9161,2.5189,0.8222,1.2939,21.58,283.76,0.663,844.968
1A,miami,apartment_highrise,people,people_high,0.2,2.06120838,0.378,0.000569572250459736,1.0,1.0001,1.0,1.0009,1.0001,21.58,283.76,0.663,844.968
1A,miami,apartment_highrise,people,people_low,0.2,2.06120838,0.378,0.000569572250459736,1.0,0.9999,1.0,0.9995,1.0,21.58,283.76,0.663,844.968
1A,miami,apartment_highrise,schedule,sched_5day,0.2,2.06120838,0.378,0.000569572250459736,1.0,1.0,1.0,1.0,1.0,21.58,283.76,0.663,844.968
1A,miami,apartment_highrise,schedule,sched_extended,0.2,2.06120838,0.378,0.000569572250459736,1.0,1.0,1.0,1.0,1.0,21.58,283.76,0.663,844.968
1A,miami,apartment_highrise,wwr,wwr_10pct,0.1,2.06120838,0.378,0.000569572250459736,1.0003,0.9997,1.0,0.9993,1.0,21.58,283.76,0.663,844.968
1A,miami,apartment_highrise,wwr,wwr_30pct,0.3,2.06120838,0.378,0.000569572250459736,1.0002,0.9998,1.0001,0.9996,1.0,21.58,283.76,0.663,844.968
1A,miami,apartment_highrise,wwr,wwr_50pct,0.5,2.06120838,0.378,0.000569572250459736,1.0001,0.9999,1.0,0.9998,1.0,21.58,283.76,0.663,844.968
1A,miami,apartment_highrise,wwr,wwr_70pct,0.7,2.06120838,0.378,0.000569572250459736,1.0,1.0,1.0,1.0,1.0,21.58,283.76,0.663,844.968
1A,miami,apartment_highrise,wwr,wwr_90pct,0.9,2.06120838,0.378,0.000569572250459736,0.9999,1.0001,1.0,1.0003,1.0,21.58,283.76,0.663,844.968
3A,atlanta,apartment_midrise,wwr,wwr_20pct,0.2,2.06120838,0.378,0.000569572250459736,1.0,1.0,1.0,1.0,1.0,39.4,88.71,9.893,172.397
3A,atlanta,apartment_midrise,equipment,equip_high,0.2,2.06120838,0.378,0.000569572250459736,0.998,1.0005,0.9965,1.0017,0.9993,39.4,88.71,9.893,172.397
3A,atlanta,apartment_midrise,equipment,equip_low,0.2,2.06120838,0.378,0.000569572250459736,1.0009,0.9998,1.0018,0.9991,1.0004,39.4,88.71,9.893,172.397
3A,atlanta,apartment_midrise,glazing,double_low_e,0.2,2.06120838,0.378,0.000569572250459736,1.0,1.0,1.0,1.0,1.0,39.4,88.71,9.893,172.397
3A,atlanta,apartment_midrise,glazing,double_pane,0.2,3.0,0.7,0.000569572250459736,1.0302,1.1614,0.9232,1.2932,1.0939,39.4,88.71,9.893,172.397
3A,atlanta,apartment_midrise,glazing,single_pane,0.2,5.8,0.86,0.000569572250459736,1.4328,1.2727,1.5445,1.3828,1.3504,39.4,88.71,9.893,172.397
3A,atlanta,apartment_midrise,glazing,triple_low_e,0.2,0.85,0.2,0.000569572250459736,0.7937,0.9269,0.7738,0.8854,0.8577,39.4,88.71,9.893,172.397
3A,atlanta,apartment_midrise,infiltration,leaky,0.2,2.06120838,0.378,0.00114,1.6866,1.1565,2.0086,0.9879,1.3967,39.4,88.71,9.893,172.397
3A,atlanta,apartment_midrise,infiltration,standard,0.2,2.06120838,0.378,0.000569572250459736,1.0,1.0,1.0,1.0,1.0,39.4,88.71,9.893,172.397
3A,atlanta,apartment_midrise,infiltration,tight,0.2,2.06120838,0.378,0.000285,0.6417,0.909,0.6342,1.0109,0.7637,39.4,88.71,9.893,172.397
3A,atlanta,apartment_midrise,lighting,lighting_high,0.2,2.06120838,0.378,0.000569572250459736,0.7267,1.0977,0.5245,1.3027,0.8931,39.4,88.71,9.893,172.397
3A,atlanta,apartment_midrise,lighting,lighting_low,0.2,2.06120838,0.378,0.000569572250459736,1.2648,0.9101,1.8991,0.7271,1.0729,39.4,88.71,9.893,172.397
3A,atlanta,apartment_midrise,people,people_high,0.2,2.06120838,0.378,0.000569572250459736,0.9982,1.0014,0.9972,1.0032,0.9998,39.4,88.71,9.893,172.397
3A,atlanta,apartment_midrise,people,people_low,0.2,2.06120838,0.378,0.000569572250459736,1.0009,0.9994,1.0015,0.9985,1.0001,39.4,88.71,9.893,172.397
3A,atlanta,apartment_midrise,schedule,sched_5day,0.2,2.06120838,0.378,0.000569572250459736,1.0,1.0,1.0,1.0,1.0,39.4,88.71,9.893,172.397
3A,atlanta,apartment_midrise,schedule,sched_extended,0.2,2.06120838,0.378,0.000569572250459736,1.0,1.0,1.0,1.0,1.0,39.4,88.71,9.893,172.397
3A,atlanta,apartment_midrise,wwr,wwr_10pct,0.1,2.06120838,0.378,0.000569572250459736,0.9987,0.9978,1.0007,0.9949,0.9982,39.4,88.71,9.893,172.397
3A,atlanta,apartment_midrise,wwr,wwr_30pct,0.3,2.06120838,0.378,0.000569572250459736,1.0004,0.9999,1.0,0.9996,1.0002,39.4,88.71,9.893,172.397
3A,atlanta,apartment_midrise,wwr,wwr_50pct,0.5,2.06120838,0.378,0.000569572250459736,1.002,1.0021,0.9993,1.0043,1.0021,39.4,88.71,9.893,172.397
3A,atlanta,apartment_midrise,wwr,wwr_70pct,0.7,2.06120838,0.378,0.000569572250459736,1.0037,1.0042,0.9986,1.009,1.004,39.4,88.71,9.893,172.397
3A,atlanta,apartment_midrise,wwr,wwr_90pct,0.9,2.06120838,0.378,0.000569572250459736,1.0054,1.0064,0.9978,1.0137,1.0059,39.4,88.71,9.893,172.397
5A,buffalo,apartment_midrise,wwr,wwr_20pct,0.2,2.06120838,0.378,0.000569572250459736,1.0,1.0,1.0,1.0,1.0,61.56,82.86,48.837,85.548
5A,buffalo,apartment_midrise,equipment,equip_high,0.2,2.06120838,0.378,0.000569572250459736,0.9991,1.0009,0.997,1.0022,1.0,61.56,82.86,48.837,85.548
5A,buffalo,apartment_midrise,equipment,equip_low,0.2,2.06120838,0.378,0.000569572250459736,1.0005,0.9997,1.0015,0.9989,1.0001,61.56,82.86,48.837,85.548
5A,buffalo,apartment_midrise,glazing,double_low_e,0.2,2.06120838,0.378,0.000569572250459736,1.0,1.0,1.0,1.0,1.0,61.56,82.86,48.837,85.548
5A,buffalo,apartment_midrise,glazing,double_pane,0.2,3.0,0.7,0.000569572250459736,0.9876,1.1508,0.9989,1.3612,1.0661,61.56,82.86,48.837,85.548
5A,buffalo,apartment_midrise,glazing,single_pane,0.2,5.8,0.86,0.000569572250459736,1.2732,1.2292,1.5113,1.4062,1.251,61.56,82.86,48.837,85.548
5A,buffalo,apartment_midrise,glazing,triple_low_e,0.2,0.85,0.2,0.000569572250459736,0.8575,0.927,0.7561,0.8971,0.8916,61.56,82.86,48.837,85.548
5A,buffalo,apartment_midrise,infiltration,leaky,0.2,2.06120838,0.378,0.00114,1.6598,1.1229,1.8187,0.8959,1.3652,61.56,82.86,48.837,85.548
5A,buffalo,apartment_midrise,infiltration,standard,0.2,2.06120838,0.378,0.000569572250459736,1.0,1.0,1.0,1.0,1.0,61.56,82.86,48.837,85.548
5A,buffalo,apartment_midrise,infiltration,tight,0.2,2.06120838,0.378,0.000285,0.6821,0.8996,0.6361,1.0772,0.7834,61.56,82.86,48.837,85.548
5A,buffalo,apartment_midrise,lighting,lighting_high,0.2,2.06120838,0.378,0.000569572250459736,0.792,1.1109,0.6242,1.4358,0.938,61.56,82.86,48.837,85.548
5A,buffalo,apartment_midrise,lighting,lighting_low,0.2,2.06120838,0.378,0.000569572250459736,1.1937,0.8874,1.4905,0.6335,1.0292,61.56,82.86,48.837,85.548
5A,buffalo,apartment_midrise,people,people_high,0.2,2.06120838,0.378,0.000569572250459736,0.9989,1.0004,0.996,1.0039,0.9996,61.56,82.86,48.837,85.548
5A,buffalo,apartment_midrise,people,people_low,0.2,2.06120838,0.378,0.000569572250459736,1.0006,0.9998,1.0021,0.9983,1.0002,61.56,82.86,48.837,85.548
5A,buffalo,apartment_midrise,schedule,sched_5day,0.2,2.06120838,0.378,0.000569572250459736,1.0,1.0,1.0,1.0,1.0,61.56,82.86,48.837,85.548
5A,buffalo,apartment_midrise,schedule,sched_extended,0.2,2.06120838,0.378,0.000569572250459736,1.0,1.0,1.0,1.0,1.0,61.56,82.86,48.837,85.548
5A,buffalo,apartment_midrise,wwr,wwr_10pct,0.1,2.06120838,0.378,0.000569572250459736,0.9979,0.9975,0.9976,0.994,0.9977,61.56,82.86,48.837,85.548
5A,buffalo,apartment_midrise,wwr,wwr_30pct,0.3,2.06120838,0.378,0.000569572250459736,1.0002,0.9998,1.0005,0.9998,1.0,61.56,82.86,48.837,85.548
5A,buffalo,apartment_midrise,wwr,wwr_50pct,0.5,2.06120838,0.378,0.000569572250459736,1.0024,1.002,1.0031,1.0056,1.0022,61.56,82.86,48.837,85.548
5A,buffalo,apartment_midrise,wwr,wwr_70pct,0.7,2.06120838,0.378,0.000569572250459736,1.0046,1.004,1.0057,1.0113,1.0043,61.56,82.86,48.837,85.548
5A,buffalo,apartment_midrise,wwr,wwr_90pct,0.9,2.06120838,0.378,0.000569572250459736,1.0068,1.0068,1.0083,1.017,1.0068,61.56,82.86,48.837,85.548
5B,denver,apartment_midrise,wwr,wwr_20pct,0.2,2.06120838,0.378,0.000569572250459736,1.0,1.0,1.0,1.0,1.0,44.97,71.14,19.402,110.595
5B,denver,apartment_midrise,equipment,equip_high,0.2,2.06120838,0.378,0.000569572250459736,0.9988,1.0007,0.995,1.0022,0.9997,44.97,71.14,19.402,110.595
5B,denver,apartment_midrise,equipment,equip_low,0.2,2.06120838,0.378,0.000569572250459736,1.0006,0.9996,1.0025,0.999,1.0001,44.97,71.14,19.402,110.595
5B,denver,apartment_midrise,glazing,double_low_e,0.2,2.06120838,0.378,0.000569572250459736,1.0,1.0,1.0,1.0,1.0,44.97,71.14,19.402,110.595
5B,denver,apartment_midrise,glazing,double_pane,0.2,3.0,0.7,0.000569572250459736,1.0805,1.2405,1.004,1.4478,1.1577,44.97,71.14,19.402,110.595
5B,denver,apartment_midrise,glazing,single_pane,0.2,5.8,0.86,0.000569572250459736,1.6901,1.4246,1.8413,1.5177,1.5517,44.97,71.14,19.402,110.595
5B,denver,apartment_midrise,glazing,triple_low_e,0.2,0.85,0.2,0.000569572250459736,0.7442,0.8575,0.6761,0.8743,0.7988,44.97,71.14,19.402,110.595
5B,denver,apartment_midrise,infiltration,leaky,0.2,2.06120838,0.378,0.00114,1.5654,1.0396,1.7681,0.8925,1.2757,44.97,71.14,19.402,110.595
5B,denver,apartment_midrise,infiltration,standard,0.2,2.06120838,0.378,0.000569572250459736,1.0,1.0,1.0,1.0,1.0,44.97,71.14,19.402,110.595
5B,denver,apartment_midrise,infiltration,tight,0.2,2.06120838,0.378,0.000285,0.799,0.9851,0.7015,1.075,0.8872,44.97,71.14,19.402,110.595
5B,denver,apartment_midrise,lighting,lighting_high,0.2,2.06120838,0.378,0.000569572250459736,0.8235,1.1359,0.537,1.4116,0.9672,44.97,71.14,19.402,110.595
5B,denver,apartment_midrise,lighting,lighting_low,0.2,2.06120838,0.378,0.000569572250459736,1.2111,0.8633,1.8111,0.6541,1.0225,44.97,71.14,19.402,110.595
5B,denver,apartment_midrise,people,people_high,0.2,2.06120838,0.378,0.000569572250459736,0.9991,1.0018,0.9958,1.0041,1.0005,44.97,71.14,19.402,110.595
5B,denver,apartment_midrise,people,people_low,0.2,2.06120838,0.378,0.000569572250459736,1.0004,0.9997,1.0023,0.9982,1.0001,44.97,71.14,19.402,110.595
5B,denver,apartment_midrise,schedule,sched_5day,0.2,2.06120838,0.378,0.000569572250459736,1.0,1.0,1.0,1.0,1.0,44.97,71.14,19.402,110.595
5B,denver,apartment_midrise,schedule,sched_extended,0.2,2.06120838,0.378,0.000569572250459736,1.0,1.0,1.0,1.0,1.0,44.97,71.14,19.402,110.595
5B,denver,apartment_midrise,wwr,wwr_10pct,0.1,2.06120838,0.378,0.000569572250459736,0.996,0.996,0.9988,0.9934,0.996,44.97,71.14,19.402,110.595
5B,denver,apartment_midrise,wwr,wwr_30pct,0.3,2.06120838,0.378,0.000569572250459736,1.0001,1.0,1.0012,0.9997,1.0001,44.97,71.14,19.402,110.595
5B,denver,apartment_midrise,wwr,wwr_50pct,0.5,2.06120838,0.378,0.000569572250459736,1.0042,1.0038,1.0035,1.0059,1.004,44.97,71.14,19.402,110.595
5B,denver,apartment_midrise,wwr,wwr_70pct,0.7,2.06120838,0.378,0.000569572250459736,1.0082,1.0075,1.0058,1.0121,1.0078,44.97,71.14,19.402,110.595
5B,denver,apartment_midrise,wwr,wwr_90pct,0.9,2.06120838,0.378,0.000569572250459736,1.0122,1.0112,1.0081,1.0182,1.0117,44.97,71.14,19.402,110.595
1A,miami,apartment_midrise,wwr,wwr_20pct,0.2,2.06120838,0.378,0.000569572250459736,1.0,1.0,1.0,1.0,1.0,3.13,97.71,0.026,326.112
1A,miami,apartment_midrise,equipment,equip_high,0.2,2.06120838,0.378,0.000569572250459736,0.9999,1.0003,0.9998,1.001,1.0001,3.13,97.71,0.026,326.112
1A,miami,apartment_midrise,equipment,equip_low,0.2,2.06120838,0.378,0.000569572250459736,1.0,0.9998,1.0,0.9995,0.9999,3.13,97.71,0.026,326.112
1A,miami,apartment_midrise,glazing,double_low_e,0.2,2.06120838,0.378,0.000569572250459736,1.0,1.0,1.0,1.0,1.0,3.13,97.71,0.026,326.112
1A,miami,apartment_midrise,glazing,double_pane,0.2,3.0,0.7,0.000569572250459736,1.0418,1.1334,0.9534,1.1916,1.0866,3.13,97.71,0.026,326.112
1A,miami,apartment_midrise,glazing,single_pane,0.2,5.8,0.86,0.000569572250459736,1.5985,1.2239,2.4223,1.2917,1.3987,3.13,97.71,0.026,326.112
1A,miami,apartment_midrise,glazing,triple_low_e,0.2,0.85,0.2,0.000569572250459736,0.739,0.9283,0.6067,0.8988,0.8283,3.13,97.71,0.026,326.112
1A,miami,apartment_midrise,infiltration,leaky,0.2,2.06120838,0.378,0.00114,2.1821,1.1733,4.3101,1.0804,1.6001,3.13,97.71,0.026,326.112
1A,miami,apartment_midrise,infiltration,standard,0.2,2.06120838,0.378,0.000569572250459736,1.0,1.0,1.0,1.0,1.0,3.13,97.71,0.026,326.112
1A,miami,apartment_midrise,infiltration,tight,0.2,2.06120838,0.378,0.000285,0.4687,0.8908,0.2841,0.9503,0.6461,3.13,97.71,0.026,326.112
1A,miami,apartment_midrise,lighting,lighting_high,0.2,2.06120838,0.378,0.000569572250459736,0.4934,1.0904,0.2513,1.1858,0.7335,3.13,97.71,0.026,326.112
1A,miami,apartment_midrise,lighting,lighting_low,0.2,2.06120838,0.378,0.000569572250459736,1.7145,0.9159,4.0086,0.8128,1.2531,3.13,97.71,0.026,326.112
1A,miami,apartment_midrise,people,people_high,0.2,2.06120838,0.378,0.000569572250459736,1.0,1.0004,1.0,1.0022,1.0002,3.13,97.71,0.026,326.112
1A,miami,apartment_midrise,people,people_low,0.2,2.06120838,0.378,0.000569572250459736,1.0,0.9998,0.9999,0.9989,0.9999,3.13,97.71,0.026,326.112
1A,miami,apartment_midrise,schedule,sched_5day,0.2,2.06120838,0.378,0.000569572250459736,1.0,1.0,1.0,1.0,1.0,3.13,97.71,0.026,326.112
1A,miami,apartment_midrise,schedule,sched_extended,0.2,2.06120838,0.378,0.000569572250459736,1.0,1.0,1.0,1.0,1.0,3.13,97.71,0.026,326.112
1A,miami,apartment_midrise,wwr,wwr_10pct,0.1,2.06120838,0.378,0.000569572250459736,1.0004,0.9987,1.0047,0.9965,0.9996,3.13,97.71,0.026,326.112
1A,miami,apartment_midrise,wwr,wwr_30pct,0.3,2.06120838,0.378,0.000569572250459736,0.9997,1.0,0.9972,0.9998,0.9999,3.13,97.71,0.026,326.112
1A,miami,apartment_midrise,wwr,wwr_50pct,0.5,2.06120838,0.378,0.000569572250459736,0.9989,1.0013,0.9904,1.0031,1.0001,3.13,97.71,0.026,326.112
1A,miami,apartment_midrise,wwr,wwr_70pct,0.7,2.06120838,0.378,0.000569572250459736,0.9982,1.0034,0.984,1.0063,1.0008,3.13,97.71,0.026,326.112
1A,miami,apartment_midrise,wwr,wwr_90pct,0.9,2.06120838,0.378,0.000569572250459736,0.9974,1.0057,0.9774,1.0096,1.0015,3.13,97.71,0.026,326.112
3A,atlanta,hospital,wwr,wwr_20pct,0.2,2.06120838,0.378,0.000569572250459736,1.0,1.0,1.0,1.0,1.0,27.13,783.74,3.98,3715.926
3A,atlanta,hospital,equipment,equip_high,0.2,2.06120838,0.378,0.000569572250459736,0.5247,1.5812,0.3456,1.7185,0.9108,27.13,783.74,3.98,3715.926
3A,atlanta,hospital,equipment,equip_low,0.2,2.06120838,0.378,0.000569572250459736,1.7989,0.7105,2.3732,0.6429,1.1305,27.13,783.74,3.98,3715.926
3A,atlanta,hospital,glazing,double_low_e,0.2,2.06120838,0.378,0.000569572250459736,1.0,1.0,1.0,1.0,1.0,27.13,783.74,3.98,3715.926
3A,atlanta,hospital,glazing,double_pane,0.2,3.0,0.7,0.000569572250459736,1.2907,1.075,1.1468,1.0449,1.1779,27.13,783.74,3.98,3715.926
3A,atlanta,hospital,glazing,single_pane,0.2,5.8,0.86,0.000569572250459736,2.8184,1.1328,3.2395,1.0556,1.7868,27.13,783.74,3.98,3715.926
3A,atlanta,hospital,glazing,triple_low_e,0.2,0.85,0.2,0.000569572250459736,0.5504,0.9528,0.5763,0.9843,0.7241,27.13,783.74,3.98,3715.926
3A,atlanta,hospital,infiltration,leaky,0.2,2.06120838,0.378,0.00114,1.5662,1.0095,1.5087,0.9958,1.2574,27.13,783.74,3.98,3715.926
3A,atlanta,hospital,infiltration,standard,0.2,2.06120838,0.378,0.000569572250459736,1.0,1.0,1.0,1.0,1.0,27.13,783.74,3.98,3715.926
3A,atlanta,hospital,infiltration,tight,0.2,2.06120838,0.378,0.000285,0.8079,0.9952,0.8094,1.0026,0.8966,27.13,783.74,3.98,3715.926
3A,atlanta,hospital,lighting,lighting_high,0.2,2.06120838,0.378,0.000569572250459736,0.7585,1.0764,0.8195,1.0917,0.9036,27.13,783.74,3.98,3715.926
3A,atlanta,hospital,lighting,lighting_low,0.2,2.06120838,0.378,0.000569572250459736,1.4215,0.924,1.3997,0.9087,1.1461,27.13,783.74,3.98,3715.926
3A,atlanta,hospital,people,people_high,0.2,2.06120838,0.378,0.000569572250459736,1.0,1.0,1.0,1.0,1.0,27.13,783.74,3.98,3715.926
3A,atlanta,hospital,people,people_low,0.2,2.06120838,0.378,0.000569572250459736,1.0,1.0,1.0,1.0,1.0,27.13,783.74,3.98,3715.926
3A,atlanta,hospital,schedule,sched_5day,0.2,2.06120838,0.378,0.000569572250459736,1.0681,0.9522,1.2192,0.9439,1.0085,27.13,783.74,3.98,3715.926
3A,atlanta,hospital,schedule,sched_extended,0.2,2.06120838,0.378,0.000569572250459736,0.9522,1.0251,0.8673,1.0407,0.988,27.13,783.74,3.98,3715.926
3A,atlanta,hospital,wwr,wwr_10pct,0.1,2.06120838,0.378,0.000569572250459736,0.6852,0.9456,0.8568,0.9748,0.8049,27.13,783.74,3.98,3715.926
3A,atlanta,hospital,wwr,wwr_30pct,0.3,2.06120838,0.378,0.000569572250459736,1.0965,1.0166,1.1039,1.0073,1.0558,27.13,783.74,3.98,3715.926
3A,atlanta,hospital,wwr,wwr_50pct,0.5,2.06120838,0.378,0.000569572250459736,1.7211,1.087,1.6771,1.0397,1.3678,27.13,783.74,3.98,3715.926
3A,atlanta,hospital,wwr,wwr_70pct,0.7,2.06120838,0.378,0.000569572250459736,2.4757,1.1585,2.4871,1.0717,1.6935,27.13,783.74,3.98,3715.926
3A,atlanta,hospital,wwr,wwr_90pct,0.9,2.06120838,0.378,0.000569572250459736,3.2259,1.2308,3.5425,1.1034,1.9926,27.13,783.74,3.98,3715.926
5A,buffalo,hospital,wwr,wwr_20pct,0.2,2.06120838,0.378,0.000569572250459736,1.0,1.0,1.0,1.0,1.0,65.22,747.32,25.96,3328.475
5A,buffalo,hospital,equipment,equip_high,0.2,2.06120838,0.378,0.000569572250459736,0.4335,1.611,0.3181,1.7977,0.8357,65.22,747.32,25.96,3328.475
5A,buffalo,hospital,equipment,equip_low,0.2,2.06120838,0.378,0.000569572250459736,1.3835,0.6955,2.1008,0.6083,0.9809,65.22,747.32,25.96,3328.475
5A,buffalo,hospital,glazing,double_low_e,0.2,2.06120838,0.378,0.000569572250459736,1.0,1.0,1.0,1.0,1.0,65.22,747.32,25.96,3328.475
5A,buffalo,hospital,glazing,double_pane,0.2,3.0,0.7,0.000569572250459736,1.2173,1.0809,1.2138,1.0326,1.147,65.22,747.32,25.96,3328.475
5A,buffalo,hospital,glazing,single_pane,0.2,5.8,0.86,0.000569572250459736,1.9596,1.1349,2.9964,1.0281,1.4913,65.22,747.32,25.96,3328.475
5A,buffalo,hospital,glazing,triple_low_e,0.2,0.85,0.2,0.000569572250459736,0.5233,0.9556,0.4775,0.9978,0.7071,65.22,747.32,25.96,3328.475
5A,buffalo,hospital,infiltration,leaky,0.2,2.06120838,0.378,0.00114,1.3489,1.0207,1.5945,0.9849,1.1734,65.22,747.32,25.96,3328.475
5A,buffalo,hospital,infiltration,standard,0.2,2.06120838,0.378,0.000569572250459736,1.0,1.0,1.0,1.0,1.0,65.22,747.32,25.96,3328.475
5A,buffalo,hospital,infiltration,tight,0.2,2.06120838,0.378,0.000285,0.839,0.9956,0.7642,1.0091,0.914,65.22,747.32,25.96,3328.475
5A,buffalo,hospital,lighting,lighting_high,0.2,2.06120838,0.378,0.000569572250459736,0.837,1.0759,0.7636,1.0948,0.949,65.22,747.32,25.96,3328.475
5A,buffalo,hospital,lighting,lighting_low,0.2,2.06120838,0.378,0.000569572250459736,1.182,0.9245,1.4416,0.9071,1.0453,65.22,747.32,25.96,3328.475
5A,buffalo,hospital,people,people_high,0.2,2.06120838,0.378,0.000569572250459736,1.0,1.0,1.0,1.0,1.0,65.22,747.32,25.96,3328.475
5A,buffalo,hospital,people,people_low,0.2,2.06120838,0.378,0.000569572250459736,1.0,1.0,1.0,1.0,1.0,65.22,747.32,25.96,3328.475
5A,buffalo,hospital,schedule,sched_5day,0.2,2.06120838,0.378,0.000569572250459736,1.0325,0.9498,1.1218,0.938,0.9903,65.22,747.32,25.96,3328.475
5A,buffalo,hospital,schedule,sched_extended,0.2,2.06120838,0.378,0.000569572250459736,0.9819,1.0264,0.9207,1.045,1.0039,65.22,747.32,25.96,3328.475
5A,buffalo,hospital,wwr,wwr_10pct,0.1,2.06120838,0.378,0.000569572250459736,0.693,0.947,0.6772,0.9861,0.8101,65.22,747.32,25.96,3328.475
5A,buffalo,hospital,wwr,wwr_30pct,0.3,2.06120838,0.378,0.000569572250459736,1.0952,1.0174,1.1393,1.0044,1.0556,65.22,747.32,25.96,3328.475
5A,buffalo,hospital,wwr,wwr_50pct,0.5,2.06120838,0.378,0.000569572250459736,1.4713,1.0914,1.7819,1.0241,1.2672,65.22,747.32,25.96,3328.475
5A,buffalo,hospital,wwr,wwr_70pct,0.7,2.06120838,0.378,0.000569572250459736,1.8268,1.1644,2.5441,1.0444,1.4584,65.22,747.32,25.96,3328.475
5A,buffalo,hospital,wwr,wwr_90pct,0.9,2.06120838,0.378,0.000569572250459736,2.1747,1.2357,3.3956,1.0651,1.6393,65.22,747.32,25.96,3328.475
5B,denver,hospital,wwr,wwr_20pct,0.2,2.06120838,0.378,0.000569572250459736,1.0,1.0,1.0,1.0,1.0,66.15,760.72,14.001,3481.13
5B,denver,hospital,equipment,equip_high,0.2,2.06120838,0.378,0.000569572250459736,0.4214,1.6005,0.3446,1.7667,0.8213,66.15,760.72,14.001,3481.13
5B,denver,hospital,equipment,equip_low,0.2,2.06120838,0.378,0.000569572250459736,1.3946,0.7007,2.0893,0.6209,0.9885,66.15,760.72,14.001,3481.13
5B,denver,hospital,glazing,double_low_e,0.2,2.06120838,0.378,0.000569572250459736,1.0,1.0,1.0,1.0,1.0,66.15,760.72,14.001,3481.13
5B,denver,hospital,glazing,double_pane,0.2,3.0,0.7,0.000569572250459736,1.3397,1.085,1.3185,1.0493,1.2056,66.15,760.72,14.001,3481.13
5B,denver,hospital,glazing,single_pane,0.2,5.8,0.86,0.000569572250459736,2.5332,1.1497,3.4881,1.0528,1.7066,66.15,760.72,14.001,3481.13
5B,denver,hospital,glazing,triple_low_e,0.2,0.85,0.2,0.000569572250459736,0.5475,0.9473,0.4622,0.9892,0.7202,66.15,760.72,14.001,3481.13
5B,denver,hospital,infiltration,leaky,0.2,2.06120838,0.378,0.00114,1.1957,1.001,1.3156,0.9878,1.094,66.15,760.72,14.001,3481.13
5B,denver,hospital,infiltration,standard,0.2,2.06120838,0.378,0.000569572250459736,1.0,1.0,1.0,1.0,1.0,66.15,760.72,14.001,3481.13
5B,denver,hospital,infiltration,tight,0.2,2.06120838,0.378,0.000285,0.9211,0.9995,0.865,1.0069,0.9595,66.15,760.72,14.001,3481.13
5B,denver,hospital,lighting,lighting_high,0.2,2.06120838,0.378,0.000569572250459736,0.8501,1.0746,0.8189,1.0921,0.9558,66.15,760.72,14.001,3481.13
5B,denver,hospital,lighting,lighting_low,0.2,2.06120838,0.378,0.000569572250459736,1.197,0.9257,1.298,0.9085,1.0527,66.15,760.72,14.001,3481.13
5B,denver,hospital,people,people_high,0.2,2.06120838,0.378,0.000569572250459736,1.0,1.0,1.0,1.0,1.0,66.15,760.72,14.001,3481.13
5B,denver,hospital,people,people_low,0.2,2.06120838,0.378,0.000569572250459736,1.0,1.0,1.0,1.0,1.0,66.15,760.72,14.001,3481.13
5B,denver,hospital,schedule,sched_5day,0.2,2.06120838,0.378,0.000569572250459736,1.0361,0.9507,1.1268,0.9403,0.9925,66.15,760.72,14.001,3481.13
5B,denver,hospital,schedule,sched_extended,0.2,2.06120838,0.378,0.000569572250459736,0.9771,1.026,0.9173,1.0433,1.0012,66.15,760.72,14.001,3481.13
5B,denver,hospital,wwr,wwr_10pct,0.1,2.06120838,0.378,0.000569572250459736,0.7024,0.9371,0.6581,0.9756,0.8113,66.15,760.72,14.001,3481.13
5B,denver,hospital,wwr,wwr_30pct,0.3,2.06120838,0.378,0.000569572250459736,1.1013,1.0193,1.1721,1.0073,1.0595,66.15,760.72,14.001,3481.13
5B,denver,hospital,wwr,wwr_50pct,0.5,2.06120838,0.378,0.000569572250459736,1.5915,1.1006,2.0273,1.0401,1.3235,66.15,760.72,14.001,3481.13
5B,denver,hospital,wwr,wwr_70pct,0.7,2.06120838,0.378,0.000569572250459736,2.0396,1.1908,3.1413,1.0736,1.5584,66.15,760.72,14.001,3481.13
5B,denver,hospital,wwr,wwr_90pct,0.9,2.06120838,0.378,0.000569572250459736,2.4689,1.2862,4.4563,1.1072,1.7819,66.15,760.72,14.001,3481.13
1A,miami,hospital,wwr,wwr_20pct,0.2,2.06120838,0.378,0.000569572250459736,1.0,1.0,1.0,1.0,1.0,2.47,835.2,0.02,4331.486
1A,miami,hospital,equipment,equip_high,0.2,2.06120838,0.378,0.000569572250459736,0.5356,1.5398,0.1694,1.6107,0.9081,2.47,835.2,0.02,4331.486
1A,miami,hospital,equipment,equip_low,0.2,2.06120838,0.378,0.000569572250459736,1.2593,0.7315,2.2957,0.6953,0.9598,2.47,835.2,0.02,4331.486
1A,miami,hospital,glazing,double_low_e,0.2,2.06120838,0.378,0.000569572250459736,1.0,1.0,1.0,1.0,1.0,2.47,835.2,0.02,4331.486
1A,miami,hospital,glazing,double_pane,0.2,3.0,0.7,0.000569572250459736,1.1369,1.0679,1.0992,1.044,1.1019,2.47,835.2,0.02,4331.486
1A,miami,hospital,glazing,single_pane,0.2,5.8,0.86,0.000569572250459736,1.7487,1.1174,3.2858,1.0674,1.3978,2.47,835.2,0.02,4331.486
1A,miami,hospital,glazing,triple_low_e,0.2,0.85,0.2,0.000569572250459736,0.6737,0.9617,0.5844,0.9766,0.8049,2.47,835.2,0.02,4331.486
1A,miami,hospital,infiltration,leaky,0.2,2.06120838,0.378,0.00114,1.249,1.0172,1.5807,1.0104,1.1271,2.47,835.2,0.02,4331.486
1A,miami,hospital,infiltration,standard,0.2,2.06120838,0.378,0.000569572250459736,1.0,1.0,1.0,1.0,1.0,2.47,835.2,0.02,4331.486
1A,miami,hospital,infiltration,tight,0.2,2.06120838,0.378,0.000285,0.874,0.9941,0.777,0.9947,0.9321,2.47,835.2,0.02,4331.486
1A,miami,hospital,lighting,lighting_high,0.2,2.06120838,0.378,0.000569572250459736,0.954,1.0707,0.8697,1.0777,1.0107,2.47,835.2,0.02,4331.486
1A,miami,hospital,lighting,lighting_low,0.2,2.06120838,0.378,0.000569572250459736,1.0491,0.9298,1.1655,0.9224,0.9877,2.47,835.2,0.02,4331.486
1A,miami,hospital,people,people_high,0.2,2.06120838,0.378,0.000569572250459736,1.0,1.0,1.0,1.0,1.0,2.47,835.2,0.02,4331.486
1A,miami,hospital,people,people_low,0.2,2.06120838,0.378,0.000569572250459736,1.0,1.0,1.0,1.0,1.0,2.47,835.2,0.02,4331.486
1A,miami,hospital,schedule,sched_5day,0.2,2.06120838,0.378,0.000569572250459736,1.1463,0.9553,1.603,0.9518,1.0465,2.47,835.2,0.02,4331.486
1A,miami,hospital,schedule,sched_extended,0.2,2.06120838,0.378,0.000569572250459736,0.8828,1.0235,0.6755,1.0349,0.9505,2.47,835.2,0.02,4331.486
1A,miami,hospital,wwr,wwr_10pct,0.1,2.06120838,0.378,0.000569572250459736,0.9028,0.9621,1.1826,0.9762,0.932,2.47,835.2,0.02,4331.486
1A,miami,hospital,wwr,wwr_30pct,0.3,2.06120838,0.378,0.000569572250459736,1.0519,1.0133,1.0026,1.007,1.0324,2.47,835.2,0.02,4331.486
1A,miami,hospital,wwr,wwr_50pct,0.5,2.06120838,0.378,0.000569572250459736,1.2432,1.0684,1.4276,1.0372,1.1525,2.47,835.2,0.02,4331.486
1A,miami,hospital,wwr,wwr_70pct,0.7,2.06120838,0.378,0.000569572250459736,1.4498,1.1233,2.4477,1.067,1.2761,2.47,835.2,0.02,4331.486
1A,miami,hospital,wwr,wwr_90pct,0.9,2.06120838,0.378,0.000569572250459736,2.0654,1.1782,4.4657,1.0962,1.56,2.47,835.2,0.02,4331.486
3A,atlanta,hotel_large,wwr,wwr_20pct,0.2,2.06120838,0.378,0.000569572250459736,1.0,1.0,1.0,1.0,1.0,47.62,385.26,16.949,1769.685
3A,atlanta,hotel_large,equipment,equip_high,0.2,2.06120838,0.378,0.000569572250459736,0.7844,1.3326,0.6174,1.3871,1.0224,47.62,385.26,16.949,1769.685
3A,atlanta,hotel_large,equipment,equip_low,0.2,2.06120838,0.378,0.000569572250459736,1.1819,0.8415,1.3345,0.8089,0.9973,47.62,385.26,16.949,1769.685
3A,atlanta,hotel_large,glazing,double_low_e,0.2,2.06120838,0.378,0.000569572250459736,1.0,1.0,1.0,1.0,1.0,47.62,385.26,16.949,1769.685
3A,atlanta,hotel_large,glazing,double_pane,0.2,3.0,0.7,0.000569572250459736,1.2037,1.0906,1.1084,1.1228,1.1458,47.62,385.26,16.949,1769.685
3A,atlanta,hotel_large,glazing,single_pane,0.2,5.8,0.86,0.000569572250459736,2.0397,1.1775,2.3548,1.1514,1.5498,47.62,385.26,16.949,1769.685
3A,atlanta,hotel_large,glazing,triple_low_e,0.2,0.85,0.2,0.000569572250459736,0.7133,0.9722,0.5513,0.9563,0.8328,47.62,385.26,16.949,1769.685
3A,atlanta,hotel_large,infiltration,leaky,0.2,2.06120838,0.378,0.00114,1.2841,1.0397,1.5025,0.9878,1.1554,47.62,385.26,16.949,1769.685
3A,atlanta,hotel_large,infiltration,standard,0.2,2.06120838,0.378,0.000569572250459736,1.0,1.0,1.0,1.0,1.0,47.62,385.26,16.949,1769.685
3A,atlanta,hotel_large,infiltration,tight,0.2,2.06120838,0.378,0.000285,0.8635,0.9903,0.7855,1.0071,0.9247,47.62,385.26,16.949,1769.685
3A,atlanta,hotel_large,lighting,lighting_high,0.2,2.06120838,0.378,0.000569572250459736,0.9477,1.0366,0.8955,1.0363,0.9911,47.62,385.26,16.949,1769.685
3A,atlanta,hotel_large,lighting,lighting_low,0.2,2.06120838,0.378,0.000569572250459736,1.0681,0.9683,1.1234,0.9641,1.017,47.62,385.26,16.949,1769.685
3A,atlanta,hotel_large,people,people_high,0.2,2.06120838,0.378,0.000569572250459736,1.0,1.0,1.0,1.0,1.0,47.62,385.26,16.949,1769.685
3A,atlanta,hotel_large,people,people_low,0.2,2.06120838,0.378,0.000569572250459736,1.0,1.0,1.0,1.0,1.0,47.62,385.26,16.949,1769.685
3A,atlanta,hotel_large,schedule,sched_5day,0.2,2.06120838,0.378,0.000569572250459736,1.002,0.9634,1.0003,0.9622,0.9825,47.62,385.26,16.949,1769.685
3A,atlanta,hotel_large,schedule,sched_extended,0.2,2.06120838,0.378,0.000569572250459736,0.9983,1.016,0.9994,1.029,1.0071,47.62,385.26,16.949,1769.685
3A,atlanta,hotel_large,wwr,wwr_10pct,0.1,2.06120838,0.378,0.000569572250459736,0.957,0.9818,0.8624,0.9179,0.9693,47.62,385.26,16.949,1769.685
3A,atlanta,hotel_large,wwr,wwr_30pct,0.3,2.06120838,0.378,0.000569572250459736,0.9941,0.9975,0.9711,0.9823,0.9958,47.62,385.26,16.949,1769.685
3A,atlanta,hotel_large,wwr,wwr_50pct,0.5,2.06120838,0.378,0.000569572250459736,1.1834,1.0404,1.175,1.0481,1.1096,47.62,385.26,16.949,1769.685
3A,atlanta,hotel_large,wwr,wwr_70pct,0.7,2.06120838,0.378,0.000569572250459736,1.4307,1.0871,1.433,1.1135,1.2471,47.62,385.26,16.949,1769.685
3A,atlanta,hotel_large,wwr,wwr_90pct,0.9,2.06120838,0.378,0.000569572250459736,1.6773,1.1798,1.7261,1.1782,1.4067,47.62,385.26,16.949,1769.685
5A,buffalo,hotel_large,wwr,wwr_20pct,0.2,2.06120838,0.378,0.000569572250459736,1.0,1.0,1.0,1.0,1.0,93.29,368.68,68.528,1446.31
5A,buffalo,hotel_large,equipment,equip_high,0.2,2.06120838,0.378,0.000569572250459736,0.7591,1.356,0.6413,1.4555,1.0146,93.29,368.68,68.528,1446.31
5A,buffalo,hotel_large,equipment,equip_low,0.2,2.06120838,0.378,0.000569572250459736,1.1532,0.8239,1.2872,0.7776,0.9748,93.29,368.68,68.528,1446.31
5A,buffalo,hotel_large,glazing,double_low_e,0.2,2.06120838,0.378,0.000569572250459736,1.0,1.0,1.0,1.0,1.0,93.29,368.68,68.528,1446.31
5A,buffalo,hotel_large,glazing,double_pane,0.2,3.0,0.7,0.000569572250459736,1.1413,1.0652,1.1229,1.091,1.1026,93.29,368.68,68.528,1446.31
5A,buffalo,hotel_large,glazing,single_pane,0.2,5.8,0.86,0.000569572250459736,1.7869,1.1164,2.2945,1.0743,1.4124,93.29,368.68,68.528,1446.31
5A,buffalo,hotel_large,glazing,triple_low_e,0.2,0.85,0.2,0.000569572250459736,0.5946,0.9706,0.509,0.9898,0.7597,93.29,368.68,68.528,1446.31
5A,buffalo,hotel_large,infiltration,leaky,0.2,2.06120838,0.378,0.00114,1.273,1.0119,1.4881,0.9569,1.1349,93.29,368.68,68.528,1446.31
5A,buffalo,hotel_large,infiltration,standard,0.2,2.06120838,0.378,0.000569572250459736,1.0,1.0,1.0,1.0,1.0,93.29,368.68,68.528,1446.31
5A,buffalo,hotel_large,infiltration,tight,0.2,2.06120838,0.378,0.000285,0.8572,0.9925,0.7831,1.0248,0.9224,93.29,368.68,68.528,1446.31
5A,buffalo,hotel_large,lighting,lighting_high,0.2,2.06120838,0.378,0.000569572250459736,0.9434,1.0379,0.8969,1.0363,0.9895,93.29,368.68,68.528,1446.31
5A,buffalo,hotel_large,lighting,lighting_low,0.2,2.06120838,0.378,0.000569572250459736,1.0515,0.9619,1.116,0.9645,1.0057,93.29,368.68,68.528,1446.31
5A,buffalo,hotel_large,people,people_high,0.2,2.06120838,0.378,0.000569572250459736,1.0,1.0,1.0,1.0,1.0,93.29,368.68,68.528,1446.31
5A,buffalo,hotel_large,people,people_low,0.2,2.06120838,0.378,0.000569572250459736,1.0,1.0,1.0,1.0,1.0,93.29,368.68,68.528,1446.31
5A,buffalo,hotel_large,schedule,sched_5day,0.2,2.06120838,0.378,0.000569572250459736,1.0024,0.9577,1.0023,0.9535,0.9798,93.29,368.68,68.528,1446.31
5A,buffalo,hotel_large,schedule,sched_extended,0.2,2.06120838,0.378,0.000569572250459736,0.998,1.0168,0.9988,1.0357,1.0073,93.29,368.68,68.528,1446.31
5A,buffalo,hotel_large,wwr,wwr_10pct,0.1,2.06120838,0.378,0.000569572250459736,0.7721,0.9718,0.7385,0.952,0.8662,93.29,368.68,68.528,1446.31
5A,buffalo,hotel_large,wwr,wwr_30pct,0.3,2.06120838,0.378,0.000569572250459736,0.9669,0.9955,0.9613,0.9893,0.9811,93.29,368.68,68.528,1446.31
5A,buffalo,hotel_large,wwr,wwr_50pct,0.5,2.06120838,0.378,0.000569572250459736,1.1658,1.0131,1.2249,1.029,1.0868,93.29,368.68,68.528,1446.31
5A,buffalo,hotel_large,wwr,wwr_70pct,0.7,2.06120838,0.378,0.000569572250459736,1.3463,1.0568,1.5146,1.0699,1.1928,93.29,368.68,68.528,1446.31
5A,buffalo,hotel_large,wwr,wwr_90pct,0.9,2.06120838,0.378,0.000569572250459736,1.5568,1.1559,1.8208,1.1109,1.3414,93.29,368.68,68.528,1446.31
5B,denver,hotel_large,wwr,wwr_20pct,0.2,2.06120838,0.378,0.000569572250459736,1.0,1.0,1.0,1.0,1.0,84.18,356.17,42.039,1569.916
5B,denver,hotel_large,equipment,equip_high,0.2,2.06120838,0.378,0.000569572250459736,0.8712,1.3357,0.6462,1.4313,1.0788,84.18,356.17,42.039,1569.916
5B,denver,hotel_large,equipment,equip_low,0.2,2.06120838,0.378,0.000569572250459736,1.0942,0.8266,1.2931,0.7893,0.951,84.18,356.17,42.039,1569.916
5B,denver,hotel_large,glazing,double_low_e,0.2,2.06120838,0.378,0.000569572250459736,1.0,1.0,1.0,1.0,1.0,84.18,356.17,42.039,1569.916
5B,denver,hotel_large,glazing,double_pane,0.2,3.0,0.7,0.000569572250459736,1.1548,1.1327,1.2017,1.1463,1.1437,84.18,356.17,42.039,1569.916
5B,denver,hotel_large,glazing,single_pane,0.2,5.8,0.86,0.000569572250459736,2.4738,1.267,2.5135,1.1575,1.7704,84.18,356.17,42.039,1569.916
5B,denver,hotel_large,glazing,triple_low_e,0.2,0.85,0.2,0.000569572250459736,0.706,0.9223,0.4795,0.9641,0.8069,84.18,356.17,42.039,1569.916
5B,denver,hotel_large,infiltration,leaky,0.2,2.06120838,0.378,0.00114,1.273,0.9988,1.4555,0.955,1.1276,84.18,356.17,42.039,1569.916
5B,denver,hotel_large,infiltration,standard,0.2,2.06120838,0.378,0.000569572250459736,1.0,1.0,1.0,1.0,1.0,84.18,356.17,42.039,1569.916
5B,denver,hotel_large,infiltration,tight,0.2,2.06120838,0.378,0.000285,0.9195,0.9993,0.8053,1.0263,0.9586,84.18,356.17,42.039,1569.916
5B,denver,hotel_large,lighting,lighting_high,0.2,2.06120838,0.378,0.000569572250459736,0.9657,1.0303,0.909,1.0363,0.9975,84.18,356.17,42.039,1569.916
5B,denver,hotel_large,lighting,lighting_low,0.2,2.06120838,0.378,0.000569572250459736,1.0612,0.9692,1.105,0.9643,1.0142,84.18,356.17,42.039,1569.916
5B,denver,hotel_large,people,people_high,0.2,2.06120838,0.378,0.000569572250459736,1.0,1.0,1.0,1.0,1.0,84.18,356.17,42.039,1569.916
5B,denver,hotel_large,people,people_low,0.2,2.06120838,0.378,0.000569572250459736,1.0,1.0,1.0,1.0,1.0,84.18,356.17,42.039,1569.916
5B,denver,hotel_large,schedule,sched_5day,0.2,2.06120838,0.378,0.000569572250459736,1.0153,0.9611,1.0019,0.9572,0.9878,84.18,356.17,42.039,1569.916
5B,denver,hotel_large,schedule,sched_extended,0.2,2.06120838,0.378,0.000569572250459736,0.9988,1.0178,0.9988,1.0329,1.0083,84.18,356.17,42.039,1569.916
5B,denver,hotel_large,wwr,wwr_10pct,0.1,2.06120838,0.378,0.000569572250459736,0.7946,0.9129,0.666,0.9116,0.8517,84.18,356.17,42.039,1569.916
5B,denver,hotel_large,wwr,wwr_30pct,0.3,2.06120838,0.378,0.000569572250459736,0.9977,0.9828,0.9439,0.9792,0.9902,84.18,356.17,42.039,1569.916
5B,denver,hotel_large,wwr,wwr_50pct,0.5,2.06120838,0.378,0.000569572250459736,1.1597,1.0492,1.3085,1.0501,1.1031,84.18,356.17,42.039,1569.916
5B,denver,hotel_large,wwr,wwr_70pct,0.7,2.06120838,0.378,0.000569572250459736,1.4934,1.1383,1.7242,1.1215,1.3038,84.18,356.17,42.039,1569.916
5B,denver,hotel_large,wwr,wwr_90pct,0.9,2.06120838,0.378,0.000569572250459736,1.867,1.3574,2.1715,1.1929,1.5919,84.18,356.17,42.039,1569.916
1A,miami,hotel_large,wwr,wwr_20pct,0.2,2.06120838,0.378,0.000569572250459736,1.0,1.0,1.0,1.0,1.0,3.66,395.0,2.481,2248.092
1A,miami,hotel_large,equipment,equip_high,0.2,2.06120838,0.378,0.000569572250459736,0.9115,1.3002,0.902,1.3018,1.0887,3.66,395.0,2.481,2248.092
1A,miami,hotel_large,equipment,equip_low,0.2,2.06120838,0.378,0.000569572250459736,1.2374,0.8515,1.0289,0.8496,1.0265,3.66,395.0,2.481,2248.092
1A,miami,hotel_large,glazing,double_low_e,0.2,2.06120838,0.378,0.000569572250459736,1.0,1.0,1.0,1.0,1.0,3.66,395.0,2.481,2248.092
1A,miami,hotel_large,glazing,double_pane,0.2,3.0,0.7,0.000569572250459736,1.3366,1.0978,0.8432,1.1124,1.2113,3.66,395.0,2.481,2248.092
1A,miami,hotel_large,glazing,single_pane,0.2,5.8,0.86,0.000569572250459736,3.9227,1.2222,0.7967,1.1737,2.1896,3.66,395.0,2.481,2248.092
1A,miami,hotel_large,glazing,triple_low_e,0.2,0.85,0.2,0.000569572250459736,0.9697,0.9523,1.1077,0.9392,0.961,3.66,395.0,2.481,2248.092
1A,miami,hotel_large,infiltration,leaky,0.2,2.06120838,0.378,0.00114,1.7337,1.0528,0.9943,1.0313,1.351,3.66,395.0,2.481,2248.092
1A,miami,hotel_large,infiltration,standard,0.2,2.06120838,0.378,0.000569572250459736,1.0,1.0,1.0,1.0,1.0,3.66,395.0,2.481,2248.092
1A,miami,hotel_large,infiltration,tight,0.2,2.06120838,0.378,0.000285,0.8958,0.9721,1.0065,0.9827,0.9332,3.66,395.0,2.481,2248.092
1A,miami,hotel_large,lighting,lighting_high,0.2,2.06120838,0.378,0.000569572250459736,0.9095,1.0281,0.9866,1.0277,0.967,3.66,395.0,2.481,2248.092
1A,miami,hotel_large,lighting,lighting_low,0.2,2.06120838,0.378,0.000569572250459736,1.0902,0.9724,1.0123,0.9723,1.0296,3.66,395.0,2.481,2248.092
1A,miami,hotel_large,people,people_high,0.2,2.06120838,0.378,0.000569572250459736,1.0,1.0,1.0,1.0,1.0,3.66,395.0,2.481,2248.092
1A,miami,hotel_large,people,people_low,0.2,2.06120838,0.378,0.000569572250459736,1.0,1.0,1.0,1.0,1.0,3.66,395.0,2.481,2248.092
1A,miami,hotel_large,schedule,sched_5day,0.2,2.06120838,0.378,0.000569572250459736,1.0,0.967,1.0,0.9714,0.9834,3.66,395.0,2.481,2248.092
1A,miami,hotel_large,schedule,sched_extended,0.2,2.06120838,0.378,0.000569572250459736,1.0,1.0153,1.0,1.022,1.0076,3.66,395.0,2.481,2248.092
1A,miami,hotel_large,wwr,wwr_10pct,0.1,2.06120838,0.378,0.000569572250459736,0.9889,0.9705,1.1224,0.9235,0.9797,3.66,395.0,2.481,2248.092
1A,miami,hotel_large,wwr,wwr_30pct,0.3,2.06120838,0.378,0.000569572250459736,0.9353,0.9962,1.0146,0.986,0.9653,3.66,395.0,2.481,2248.092
1A,miami,hotel_large,wwr,wwr_50pct,0.5,2.06120838,0.378,0.000569572250459736,1.4544,1.0259,0.9183,1.0474,1.2215,3.66,395.0,2.481,2248.092
1A,miami,hotel_large,wwr,wwr_70pct,0.7,2.06120838,0.378,0.000569572250459736,1.9867,1.0803,0.8462,1.1077,1.465,3.66,395.0,2.481,2248.092
1A,miami,hotel_large,wwr,wwr_90pct,0.9,2.06120838,0.378,0.000569572250459736,2.6385,1.1856,0.7917,1.1671,1.7687,3.66,395.0,2.481,2248.092
3A,atlanta,hotel_small,wwr,wwr_20pct,0.2,2.06120838,0.378,0.000569572250459736,1.0,1.0,1.0,1.0,1.0,36.75,87.82,7.117,321.326
3A,atlanta,hotel_small,equipment,equip_high,0.2,2.06120838,0.378,0.000569572250459736,0.8389,1.226,0.8241,1.3986,1.0141,36.75,87.82,7.117,321.326
3A,atlanta,hotel_small,equipment,equip_low,0.2,2.06120838,0.378,0.000569572250459736,1.1261,0.8893,1.2035,0.8052,1.0007,36.75,87.82,7.117,321.326
3A,atlanta,hotel_small,glazing,double_low_e,0.2,2.06120838,0.378,0.000569572250459736,1.0,1.0,1.0,1.0,1.0,36.75,87.82,7.117,321.326
3A,atlanta,hotel_small,glazing,double_pane,0.2,3.0,0.7,0.000569572250459736,1.0369,1.0876,0.9741,1.0807,1.062,36.75,87.82,7.117,321.326
3A,atlanta,hotel_small,glazing,single_pane,0.2,5.8,0.86,0.000569572250459736,1.2125,1.157,1.2513,1.0903,1.1844,36.75,87.82,7.117,321.326
3A,atlanta,hotel_small,glazing,triple_low_e,0.2,0.85,0.2,0.000569572250459736,0.9271,0.9449,0.9027,0.9761,0.936,36.75,87.82,7.117,321.326
3A,atlanta,hotel_small,infiltration,leaky,0.2,2.06120838,0.378,0.00114,1.3132,1.0491,1.424,0.9738,1.1738,36.75,87.82,7.117,321.326
3A,atlanta,hotel_small,infiltration,standard,0.2,2.06120838,0.378,0.000569572250459736,1.0,1.0,1.0,1.0,1.0,36.75,87.82,7.117,321.326
3A,atlanta,hotel_small,infiltration,tight,0.2,2.06120838,0.378,0.000285,0.8773,0.9735,0.8226,1.0161,0.9242,36.75,87.82,7.117,321.326
3A,atlanta,hotel_small,lighting,lighting_high,0.2,2.06120838,0.378,0.000569572250459736,0.881,1.0758,0.7313,1.18,0.9735,36.75,87.82,7.117,321.326
3A,atlanta,hotel_small,lighting,lighting_low,0.2,2.06120838,0.378,0.000569572250459736,1.1832,0.9226,1.4651,0.8234,1.0448,36.75,87.82,7.117,321.326
3A,atlanta,hotel_small,people,people_high,0.2,2.06120838,0.378,0.000569572250459736,1.0,1.0,1.0,1.0,1.0,36.75,87.82,7.117,321.326
3A,atlanta,hotel_small,people,people_low,0.2,2.06120838,0.378,0.000569572250459736,1.0,1.0,1.0,1.0,1.0,36.75,87.82,7.117,321.326
3A,atlanta,hotel_small,schedule,sched_5day,0.2,2.06120838,0.378,0.000569572250459736,1.0,1.0,1.0,1.0,1.0,36.75,87.82,7.117,321.326
3A,atlanta,hotel_small,schedule,sched_extended,0.2,2.06120838,0.378,0.000569572250459736,1.0,1.0,1.0,1.0,1.0,36.75,87.82,7.117,321.326
3A,atlanta,hotel_small,wwr,wwr_10pct,0.1,2.06120838,0.378,0.000569572250459736,0.971,0.9621,0.9843,0.9747,0.9666,36.75,87.82,7.117,321.326
3A,atlanta,hotel_small,wwr,wwr_30pct,0.3,2.06120838,0.378,0.000569572250459736,1.0767,1.0791,1.0656,1.0637,1.0779,36.75,87.82,7.117,321.326
3A,atlanta,hotel_small,wwr,wwr_50pct,0.5,2.06120838,0.378,0.000569572250459736,1.1872,1.1981,1.186,1.1523,1.1927,36.75,87.82,7.117,321.326
3A,atlanta,hotel_small,wwr,wwr_70pct,0.7,2.06120838,0.378,0.000569572250459736,1.3063,1.3149,1.3372,1.2398,1.3106,36.75,87.82,7.117,321.326
3A,atlanta,hotel_small,wwr,wwr_90pct,0.9,2.06120838,0.378,0.000569572250459736,1.4321,1.4277,1.515,1.326,1.4299,36.75,87.82,7.117,321.326
5A,buffalo,hotel_small,wwr,wwr_20pct,0.2,2.06120838,0.378,0.000569572250459736,1.0,1.0,1.0,1.0,1.0,47.65,79.79,22.745,228.352
5A,buffalo,hotel_small,equipment,equip_high,0.2,2.06120838,0.378,0.000569572250459736,0.8305,1.2381,0.7888,1.5533,1.0141,47.65,79.79,22.745,228.352
5A,buffalo,hotel_small,equipment,equip_low,0.2,2.06120838,0.378,0.000569572250459736,1.0874,0.8631,1.2754,0.7467,0.9688,47.65,79.79,22.745,228.352
5A,buffalo,hotel_small,glazing,double_low_e,0.2,2.06120838,0.378,0.000569572250459736,1.0,1.0,1.0,1.0,1.0,47.65,79.79,22.745,228.352
5A,buffalo,hotel_small,glazing,double_pane,0.2,3.0,0.7,0.000569572250459736,1.0496,1.0774,1.0366,1.0674,1.0634,47.65,79.79,22.745,228.352
5A,buffalo,hotel_small,glazing,single_pane,0.2,5.8,0.86,0.000569572250459736,1.2322,1.132,1.4513,1.0278,1.1811,47.65,79.79,22.745,228.352
5A,buffalo,hotel_small,glazing,triple_low_e,0.2,0.85,0.2,0.000569572250459736,0.9063,0.9559,0.8352,1.0093,0.9308,47.65,79.79,22.745,228.352
5A,buffalo,hotel_small,infiltration,leaky,0.2,2.06120838,0.378,0.00114,1.3512,1.0724,1.6769,0.9147,1.2037,47.65,79.79,22.745,228.352
5A,buffalo,hotel_small,infiltration,standard,0.2,2.06120838,0.378,0.000569572250459736,1.0,1.0,1.0,1.0,1.0,47.65,79.79,22.745,228.352
5A,buffalo,hotel_small,infiltration,tight,0.2,2.06120838,0.378,0.000285,0.8313,0.9516,0.7236,1.059,0.8894,47.65,79.79,22.745,228.352
5A,buffalo,hotel_small,lighting,lighting_high,0.2,2.06120838,0.378,0.000569572250459736,0.8614,1.081,0.7256,1.2333,0.965,47.65,79.79,22.745,228.352
5A,buffalo,hotel_small,lighting,lighting_low,0.2,2.06120838,0.378,0.000569572250459736,1.1793,0.9193,1.4621,0.7829,1.0412,47.65,79.79,22.745,228.352
5A,buffalo,hotel_small,people,people_high,0.2,2.06120838,0.378,0.000569572250459736,1.0,1.0,1.0,1.0,1.0,47.65,79.79,22.745,228.352
5A,buffalo,hotel_small,people,people_low,0.2,2.06120838,0.378,0.000569572250459736,1.0,1.0,1.0,1.0,1.0,47.65,79.79,22.745,228.352
5A,buffalo,hotel_small,schedule,sched_5day,0.2,2.06120838,0.378,0.000569572250459736,1.0,1.0,1.0,1.0,1.0,47.65,79.79,22.745,228.352
5A,buffalo,hotel_small,schedule,sched_extended,0.2,2.06120838,0.378,0.000569572250459736,1.0,1.0,1.0,1.0,1.0,47.65,79.79,22.745,228.352
5A,buffalo,hotel_small,wwr,wwr_10pct,0.1,2.06120838,0.378,0.000569572250459736,0.9529,0.9684,0.9308,0.99,0.9606,47.65,79.79,22.745,228.352
5A,buffalo,hotel_small,wwr,wwr_30pct,0.3,2.06120838,0.378,0.000569572250459736,1.1058,1.0718,1.1848,1.029,1.0887,47.65,79.79,22.745,228.352
5A,buffalo,hotel_small,wwr,wwr_50pct,0.5,2.06120838,0.378,0.000569572250459736,1.2569,1.1787,1.4901,1.0753,1.2172,47.65,79.79,22.745,228.352
5A,buffalo,hotel_small,wwr,wwr_70pct,0.7,2.06120838,0.378,0.000569572250459736,1.4111,1.2826,1.8318,1.1254,1.3453,47.65,79.79,22.745,228.352
5A,buffalo,hotel_small,wwr,wwr_90pct,0.9,2.06120838,0.378,0.000569572250459736,1.5603,1.3867,2.1997,1.178,1.471,47.65,79.79,22.745,228.352
5B,denver,hotel_small,wwr,wwr_20pct,0.2,2.06120838,0.378,0.000569572250459736,1.0,1.0,1.0,1.0,1.0,45.34,76.83,12.468,265.968
5B,denver,hotel_small,equipment,equip_high,0.2,2.06120838,0.378,0.000569572250459736,0.83,1.2644,0.7898,1.4889,1.0244,45.34,76.83,12.468,265.968
5B,denver,hotel_small,equipment,equip_low,0.2,2.06120838,0.378,0.000569572250459736,1.0946,0.8631,1.229,0.7667,0.972,45.34,76.83,12.468,265.968
5B,denver,hotel_small,glazing,double_low_e,0.2,2.06120838,0.378,0.000569572250459736,1.0,1.0,1.0,1.0,1.0,45.34,76.83,12.468,265.968
5B,denver,hotel_small,glazing,double_pane,0.2,3.0,0.7,0.000569572250459736,1.0428,1.0989,1.0308,1.0966,1.0705,45.34,76.83,12.468,265.968
5B,denver,hotel_small,glazing,single_pane,0.2,5.8,0.86,0.000569572250459736,1.2281,1.1772,1.4873,1.0772,1.2024,45.34,76.83,12.468,265.968
5B,denver,hotel_small,glazing,triple_low_e,0.2,0.85,0.2,0.000569572250459736,0.893,0.9387,0.8269,0.9898,0.9155,45.34,76.83,12.468,265.968
5B,denver,hotel_small,infiltration,leaky,0.2,2.06120838,0.378,0.00114,1.245,1.0049,1.4289,0.9334,1.1186,45.34,76.83,12.468,265.968
5B,denver,hotel_small,infiltration,standard,0.2,2.06120838,0.378,0.000569572250459736,1.0,1.0,1.0,1.0,1.0,45.34,76.83,12.468,265.968
5B,denver,hotel_small,infiltration,tight,0.2,2.06120838,0.378,0.000285,0.8844,0.9987,0.8173,1.0392,0.9398,45.34,76.83,12.468,265.968
5B,denver,hotel_small,lighting,lighting_high,0.2,2.06120838,0.378,0.000569572250459736,0.8658,1.0907,0.711,1.2142,0.9718,45.34,76.83,12.468,265.968
5B,denver,hotel_small,lighting,lighting_low,0.2,2.06120838,0.378,0.000569572250459736,1.1499,0.908,1.4958,0.7924,1.0218,45.34,76.83,12.468,265.968
5B,denver,hotel_small,people,people_high,0.2,2.06120838,0.378,0.000569572250459736,1.0,1.0,1.0,1.0,1.0,45.34,76.83,12.468,265.968
5B,denver,hotel_small,people,people_low,0.2,2.06120838,0.378,0.000569572250459736,1.0,1.0,1.0,1.0,1.0,45.34,76.83,12.468,265.968
5B,denver,hotel_small,schedule,sched_5day,0.2,2.06120838,0.378,0.000569572250459736,1.0,1.0,1.0,1.0,1.0,45.34,76.83,12.468,265.968
5B,denver,hotel_small,schedule,sched_extended,0.2,2.06120838,0.378,0.000569572250459736,1.0,1.0,1.0,1.0,1.0,45.34,76.83,12.468,265.968
5B,denver,hotel_small,wwr,wwr_10pct,0.1,2.06120838,0.378,0.000569572250459736,0.9468,0.9565,0.9301,0.9791,0.9516,45.34,76.83,12.468,265.968
5B,denver,hotel_small,wwr,wwr_30pct,0.3,2.06120838,0.378,0.000569572250459736,1.1008,1.09,1.2064,1.0639,1.0954,45.34,76.83,12.468,265.968
5B,denver,hotel_small,wwr,wwr_50pct,0.5,2.06120838,0.378,0.000569572250459736,1.2449,1.22,1.5715,1.1521,1.2324,45.34,76.83,12.468,265.968
5B,denver,hotel_small,wwr,wwr_70pct,0.7,2.06120838,0.378,0.000569572250459736,1.3918,1.3495,2.0077,1.2425,1.3705,45.34,76.83,12.468,265.968
5B,denver,hotel_small,wwr,wwr_90pct,0.9,2.06120838,0.378,0.000569572250459736,1.5521,1.4755,2.5029,1.334,1.5133,45.34,76.83,12.468,265.968
1A,miami,hotel_small,wwr,wwr_20pct,0.2,2.06120838,0.378,0.000569572250459736,1.0,1.0,1.0,1.0,1.0,12.02,100.47,1.534,462.239
1A,miami,hotel_small,equipment,equip_high,0.2,2.06120838,0.378,0.000569572250459736,0.6749,1.2057,1.033,1.2807,0.9021,12.02,100.47,1.534,462.239
1A,miami,hotel_small,equipment,equip_low,0.2,2.06120838,0.378,0.000569572250459736,1.1845,0.8995,1.0775,0.8591,1.0322,12.02,100.47,1.534,462.239
1A,miami,hotel_small,glazing,double_low_e,0.2,2.06120838,0.378,0.000569572250459736,1.0,1.0,1.0,1.0,1.0,12.02,100.47,1.534,462.239
1A,miami,hotel_small,glazing,double_pane,0.2,3.0,0.7,0.000569572250459736,0.9917,1.0659,0.9335,1.0698,1.0281,12.02,100.47,1.534,462.239
1A,miami,hotel_small,glazing,single_pane,0.2,5.8,0.86,0.000569572250459736,1.0474,1.1178,0.909,1.1055,1.082,12.02,100.47,1.534,462.239
1A,miami,hotel_small,glazing,triple_low_e,0.2,0.85,0.2,0.000569572250459736,0.9816,0.9585,1.0323,0.9641,0.97,12.02,100.47,1.534,462.239
1A,miami,hotel_small,infiltration,leaky,0.2,2.06120838,0.378,0.00114,1.0997,1.0536,1.0179,1.0258,1.0764,12.02,100.47,1.534,462.239
1A,miami,hotel_small,infiltration,standard,0.2,2.06120838,0.378,0.000569572250459736,1.0,1.0,1.0,1.0,1.0,12.02,100.47,1.534,462.239
1A,miami,hotel_small,infiltration,tight,0.2,2.06120838,0.378,0.000285,0.9543,0.9736,0.9931,0.9862,0.9639,12.02,100.47,1.534,462.239
1A,miami,hotel_small,lighting,lighting_high,0.2,2.06120838,0.378,0.000569572250459736,0.9208,1.0866,0.8824,1.1318,1.0003,12.02,100.47,1.534,462.239
1A,miami,hotel_small,lighting,lighting_low,0.2,2.06120838,0.378,0.000569572250459736,1.1297,0.9143,1.1334,0.8685,1.0163,12.02,100.47,1.534,462.239
1A,miami,hotel_small,people,people_high,0.2,2.06120838,0.378,0.000569572250459736,1.0,1.0,1.0,1.0,1.0,12.02,100.47,1.534,462.239
1A,miami,hotel_small,people,people_low,0.2,2.06120838,0.378,0.000569572250459736,1.0,1.0,1.0,1.0,1.0,12.02,100.47,1.534,462.239
1A,miami,hotel_small,schedule,sched_5day,0.2,2.06120838,0.378,0.000569572250459736,1.0,1.0,1.0,1.0,1.0,12.02,100.47,1.534,462.239
1A,miami,hotel_small,schedule,sched_extended,0.2,2.06120838,0.378,0.000569572250459736,1.0,1.0,1.0,1.0,1.0,12.02,100.47,1.534,462.239
1A,miami,hotel_small,wwr,wwr_10pct,0.1,2.06120838,0.378,0.000569572250459736,1.0003,0.9744,1.0225,0.9742,0.9872,12.02,100.47,1.534,462.239
1A,miami,hotel_small,wwr,wwr_30pct,0.3,2.06120838,0.378,0.000569572250459736,0.9993,1.0527,0.9392,1.0622,1.0257,12.02,100.47,1.534,462.239
1A,miami,hotel_small,wwr,wwr_50pct,0.5,2.06120838,0.378,0.000569572250459736,1.0023,1.1265,0.8656,1.1483,1.0626,12.02,100.47,1.534,462.239
1A,miami,hotel_small,wwr,wwr_70pct,0.7,2.06120838,0.378,0.000569572250459736,1.0078,1.2023,0.8011,1.2326,1.1008,12.02,100.47,1.534,462.239
1A,miami,hotel_small,wwr,wwr_90pct,0.9,2.06120838,0.378,0.000569572250459736,1.0149,1.2857,0.7453,1.3151,1.1423,12.02,100.47,1.534,462.239
3A,atlanta,large_office,wwr,wwr_20pct,0.2,2.06120838,0.378,0.000569572250459736,1.0,1.0,1.0,1.0,1.0,400.95,1764.42,24.295,5618.512
3A,atlanta,large_office,equipment,equip_high,0.2,2.06120838,0.378,0.000569572250459736,0.6631,1.1649,0.3626,1.2504,0.8789,400.95,1764.42,24.295,5618.512
3A,atlanta,large_office,equipment,equip_low,0.2,2.06120838,0.378,0.000569572250459736,1.393,0.9138,1.7842,0.8775,1.1282,400.95,1764.42,24.295,5618.512
3A,atlanta,large_office,glazing,double_low_e,0.2,2.06120838,0.378,0.000569572250459736,1.0,1.0,1.0,1.0,1.0,400.95,1764.42,24.295,5618.512
3A,atlanta,large_office,glazing,double_pane,0.2,3.0,0.7,0.000569572250459736,1.1072,1.1782,1.3964,1.1429,1.1422,400.95,1764.42,24.295,5618.512
3A,atlanta,large_office,glazing,single_pane,0.2,5.8,0.86,0.000569572250459736,1.5521,1.3012,4.1928,1.1811,1.4211,400.95,1764.42,24.295,5618.512
3A,atlanta,large_office,glazing,triple_low_e,0.2,0.85,0.2,0.000569572250459736,0.6647,0.9047,0.3337,0.9482,0.7754,400.95,1764.42,24.295,5618.512
3A,atlanta,large_office,infiltration,leaky,0.2,2.06120838,0.378,0.00114,1.4587,1.0118,2.0514,0.9841,1.2149,400.95,1764.42,24.295,5618.512
3A,atlanta,large_office,infiltration,standard,0.2,2.06120838,0.378,0.000569572250459736,1.0,1.0,1.0,1.0,1.0,400.95,1764.42,24.295,5618.512
3A,atlanta,large_office,infiltration,tight,0.2,2.06120838,0.378,0.000285,0.8416,0.994,0.6443,1.0087,0.9147,400.95,1764.42,24.295,5618.512
3A,atlanta,large_office,lighting,lighting_high,0.2,2.06120838,0.378,0.000569572250459736,0.9388,1.173,0.8453,1.2752,1.0494,400.95,1764.42,24.295,5618.512
3A,atlanta,large_office,lighting,lighting_low,0.2,2.06120838,0.378,0.000569572250459736,1.0942,0.827,1.2594,0.7254,0.9513,400.95,1764.42,24.295,5618.512
3A,atlanta,large_office,people,people_high,0.2,2.06120838,0.378,0.000569572250459736,0.9715,1.1525,0.8289,1.1287,1.0581,400.95,1764.42,24.295,5618.512
3A,atlanta,large_office,people,people_low,0.2,2.06120838,0.378,0.000569572250459736,1.0163,0.924,1.1246,0.9365,0.9691,400.95,1764.42,24.295,5618.512
3A,atlanta,large_office,schedule,sched_5day,0.2,2.06120838,0.378,0.000569572250459736,1.1182,0.9127,1.4591,0.9015,1.0102,400.95,1764.42,24.295,5618.512
3A,atlanta,large_office,schedule,sched_extended,0.2,2.06120838,0.378,0.000569572250459736,0.9182,1.035,0.7838,1.0583,0.9749,400.95,1764.42,24.295,5618.512
3A,atlanta,large_office,wwr,wwr_10pct,0.1,2.06120838,0.378,0.000569572250459736,0.853,0.853,0.6259,0.8848,0.853,400.95,1764.42,24.295,5618.512
3A,atlanta,large_office,wwr,wwr_30pct,0.3,2.06120838,0.378,0.000569572250459736,0.8979,0.9107,0.7414,0.933,0.9043,400.95,1764.42,24.295,5618.512
3A,atlanta,large_office,wwr,wwr_50pct,0.5,2.06120838,0.378,0.000569572250459736,0.9723,0.9753,0.9167,0.9814,0.9738,400.95,1764.42,24.295,5618.512
3A,atlanta,large_office,wwr,wwr_70pct,0.7,2.06120838,0.378,0.000569572250459736,1.0401,1.0397,1.1509,1.0294,1.0399,400.95,1764.42,24.295,5618.512
3A,atlanta,large_office,wwr,wwr_90pct,0.9,2.06120838,0.378,0.000569572250459736,1.098,1.113,1.4386,1.0774,1.1055,400.95,1764.42,24.295,5618.512
5A,buffalo,large_office,wwr,wwr_20pct,0.2,2.06120838,0.378,0.000569572250459736,1.0,1.0,1.0,1.0,1.0,929.49,1684.81,161.713,4637.54
5A,buffalo,large_office,equipment,equip_high,0.2,2.06120838,0.378,0.000569572250459736,0.6207,1.1777,0.4747,1.2845,0.855,929.49,1684.81,161.713,4637.54
5A,buffalo,large_office,equipment,equip_low,0.2,2.06120838,0.378,0.000569572250459736,1.2851,0.9034,1.5169,0.8627,1.0775,929.49,1684.81,161.713,4637.54
5A,buffalo,large_office,glazing,double_low_e,0.2,2.06120838,0.378,0.000569572250459736,1.0,1.0,1.0,1.0,1.0,929.49,1684.81,161.713,4637.54
5A,buffalo,large_office,glazing,double_pane,0.2,3.0,0.7,0.000569572250459736,1.0511,1.1795,1.2927,1.1171,1.1134,929.49,1684.81,161.713,4637.54
5A,buffalo,large_office,glazing,single_pane,0.2,5.8,0.86,0.000569572250459736,1.3055,1.2921,2.9674,1.1168,1.2988,929.49,1684.81,161.713,4637.54
5A,buffalo,large_office,glazing,triple_low_e,0.2,0.85,0.2,0.000569572250459736,0.9002,0.9078,0.391,0.9836,0.904,929.49,1684.81,161.713,4637.54
5A,buffalo,large_office,infiltration,leaky,0.2,2.06120838,0.378,0.00114,1.1123,1.0092,1.821,0.9651,1.0595,929.49,1684.81,161.713,4637.54
5A,buffalo,large_office,infiltration,standard,0.2,2.06120838,0.378,0.000569572250459736,1.0,1.0,1.0,1.0,1.0,929.49,1684.81,161.713,4637.54
5A,buffalo,large_office,infiltration,tight,0.2,2.06120838,0.378,0.000285,0.9699,0.9952,0.676,1.0212,0.9825,929.49,1684.81,161.713,4637.54
5A,buffalo,large_office,lighting,lighting_high,0.2,2.06120838,0.378,0.000569572250459736,0.9303,1.1822,0.8659,1.3294,1.0487,929.49,1684.81,161.713,4637.54
5A,buffalo,large_office,lighting,lighting_low,0.2,2.06120838,0.378,0.000569572250459736,1.0602,0.8176,1.1833,0.6721,0.9311,929.49,1684.81,161.713,4637.54
5A,buffalo,large_office,people,people_high,0.2,2.06120838,0.378,0.000569572250459736,0.9703,1.1598,0.8353,1.1465,1.0608,929.49,1684.81,161.713,4637.54
5A,buffalo,large_office,people,people_low,0.2,2.06120838,0.378,0.000569572250459736,1.0015,0.9203,1.1079,0.9289,0.96,929.49,1684.81,161.713,4637.54
5A,buffalo,large_office,schedule,sched_5day,0.2,2.06120838,0.378,0.000569572250459736,1.1191,0.9064,1.3263,0.8905,1.0071,929.49,1684.81,161.713,4637.54
5A,buffalo,large_office,schedule,sched_extended,0.2,2.06120838,0.378,0.000569572250459736,0.8981,1.0381,0.8329,1.0652,0.9655,929.49,1684.81,161.713,4637.54
5A,buffalo,large_office,wwr,wwr_10pct,0.1,2.06120838,0.378,0.000569572250459736,0.9109,0.8393,0.5432,0.9215,0.8744,929.49,1684.81,161.713,4637.54
5A,buffalo,large_office,wwr,wwr_30pct,0.3,2.06120838,0.378,0.000569572250459736,0.9435,0.9081,0.7158,0.9536,0.9256,929.49,1684.81,161.713,4637.54
5A,buffalo,large_office,wwr,wwr_50pct,0.5,2.06120838,0.378,0.000569572250459736,0.9854,0.9745,0.9162,0.9869,0.9799,929.49,1684.81,161.713,4637.54
5A,buffalo,large_office,wwr,wwr_70pct,0.7,2.06120838,0.378,0.000569572250459736,1.0153,1.0399,1.1353,1.0209,1.0275,929.49,1684.81,161.713,4637.54
5A,buffalo,large_office,wwr,wwr_90pct,0.9,2.06120838,0.378,0.000569572250459736,1.0641,1.1098,1.3743,1.0554,1.0867,929.49,1684.81,161.713,4637.54
5B,denver,large_office,wwr,wwr_20pct,0.2,2.06120838,0.378,0.000569572250459736,1.0,1.0,1.0,1.0,1.0,488.43,1713.81,74.762,5122.804
5B,denver,large_office,equipment,equip_high,0.2,2.06120838,0.378,0.000569572250459736,0.8227,1.1775,0.4396,1.2682,0.9843,488.43,1713.81,74.762,5122.804
5B,denver,large_office,equipment,equip_low,0.2,2.06120838,0.378,0.000569572250459736,1.1441,0.9016,1.538,0.8701,1.0156,488.43,1713.81,74.762,5122.804
5B,denver,large_office,glazing,double_low_e,0.2,2.06120838,0.378,0.000569572250459736,1.0,1.0,1.0,1.0,1.0,488.43,1713.81,74.762,5122.804
5B,denver,large_office,glazing,double_pane,0.2,3.0,0.7,0.000569572250459736,1.2414,1.1968,1.4714,1.1605,1.2189,488.43,1713.81,74.762,5122.804
5B,denver,large_office,glazing,single_pane,0.2,5.8,0.86,0.000569572250459736,2.0787,1.328,4.0899,1.1836,1.6615,488.43,1713.81,74.762,5122.804
5B,denver,large_office,glazing,triple_low_e,0.2,0.85,0.2,0.000569572250459736,0.5923,0.9016,0.2698,0.9617,0.7308,488.43,1713.81,74.762,5122.804
5B,denver,large_office,infiltration,leaky,0.2,2.06120838,0.378,0.00114,1.3206,0.9915,1.6371,0.9719,1.1443,488.43,1713.81,74.762,5122.804
5B,denver,large_office,infiltration,standard,0.2,2.06120838,0.378,0.000569572250459736,1.0,1.0,1.0,1.0,1.0,488.43,1713.81,74.762,5122.804
5B,denver,large_office,infiltration,tight,0.2,2.06120838,0.378,0.000285,0.882,1.0045,0.7493,1.0167,0.9412,488.43,1713.81,74.762,5122.804
5B,denver,large_office,lighting,lighting_high,0.2,2.06120838,0.378,0.000569572250459736,0.9595,1.1794,0.8685,1.3007,1.0638,488.43,1713.81,74.762,5122.804
5B,denver,large_office,lighting,lighting_low,0.2,2.06120838,0.378,0.000569572250459736,1.0421,0.8202,1.1784,0.7002,0.9245,488.43,1713.81,74.762,5122.804
5B,denver,large_office,people,people_high,0.2,2.06120838,0.378,0.000569572250459736,0.9673,1.1572,0.8411,1.1381,1.058,488.43,1713.81,74.762,5122.804
5B,denver,large_office,people,people_low,0.2,2.06120838,0.378,0.000569572250459736,1.0138,0.9205,1.1019,0.9326,0.9661,488.43,1713.81,74.762,5122.804
5B,denver,large_office,schedule,sched_5day,0.2,2.06120838,0.378,0.000569572250459736,1.056,0.9061,1.3328,0.8956,0.9782,488.43,1713.81,74.762,5122.804
5B,denver,large_office,schedule,sched_extended,0.2,2.06120838,0.378,0.000569572250459736,0.956,1.0379,0.8169,1.0621,0.9961,488.43,1713.81,74.762,5122.804
5B,denver,large_office,wwr,wwr_10pct,0.1,2.06120838,0.378,0.000569572250459736,0.7303,0.8331,0.4024,0.8835,0.78,488.43,1713.81,74.762,5122.804
5B,denver,large_office,wwr,wwr_30pct,0.3,2.06120838,0.378,0.000569572250459736,0.798,0.9005,0.5997,0.9315,0.8477,488.43,1713.81,74.762,5122.804
5B,denver,large_office,wwr,wwr_50pct,0.5,2.06120838,0.378,0.000569572250459736,0.9433,0.9702,0.8774,0.9807,0.9566,488.43,1713.81,74.762,5122.804
5B,denver,large_office,wwr,wwr_70pct,0.7,2.06120838,0.378,0.000569572250459736,1.0836,1.0465,1.2146,1.0307,1.0649,488.43,1713.81,74.762,5122.804
5B,denver,large_office,wwr,wwr_90pct,0.9,2.06120838,0.378,0.000569572250459736,1.2138,1.1224,1.6054,1.0813,1.1672,488.43,1713.81,74.762,5122.804
1A,miami,large_office,wwr,wwr_20pct,0.2,2.06120838,0.378,0.000569572250459736,1.0,1.0,1.0,1.0,1.0,21.34,1865.12,0.062,6981.497
1A,miami,large_office,equipment,equip_high,0.2,2.06120838,0.378,0.000569572250459736,0.2702,1.1492,0.2238,1.205,0.5572,21.34,1865.12,0.062,6981.497
1A,miami,large_office,equipment,equip_low,0.2,2.06120838,0.378,0.000569572250459736,1.807,0.9237,2.1004,0.8987,1.2919,21.34,1865.12,0.062,6981.497
1A,miami,large_office,glazing,double_low_e,0.2,2.06120838,0.378,0.000569572250459736,1.0,1.0,1.0,1.0,1.0,21.34,1865.12,0.062,6981.497
1A,miami,large_office,glazing,double_pane,0.2,3.0,0.7,0.000569572250459736,2.032,1.169,2.0189,1.1302,1.5413,21.34,1865.12,0.062,6981.497
1A,miami,large_office,glazing,single_pane,0.2,5.8,0.86,0.000569572250459736,6.2886,1.2718,13.1113,1.1928,2.828,21.34,1865.12,0.062,6981.497
1A,miami,large_office,glazing,triple_low_e,0.2,0.85,0.2,0.000569572250459736,0.2495,0.9204,0.1959,0.9316,0.4792,21.34,1865.12,0.062,6981.497
1A,miami,large_office,infiltration,leaky,0.2,2.06120838,0.378,0.00114,2.8734,1.0139,3.7331,1.0086,1.7068,21.34,1865.12,0.062,6981.497
1A,miami,large_office,infiltration,standard,0.2,2.06120838,0.378,0.000569572250459736,1.0,1.0,1.0,1.0,1.0,21.34,1865.12,0.062,6981.497
1A,miami,large_office,infiltration,tight,0.2,2.06120838,0.378,0.000285,0.3939,0.9929,0.4255,0.994,0.6253,21.34,1865.12,0.062,6981.497
1A,miami,large_office,lighting,lighting_high,0.2,2.06120838,0.378,0.000569572250459736,0.7682,1.1617,0.7799,1.2241,0.9447,21.34,1865.12,0.062,6981.497
1A,miami,large_office,lighting,lighting_low,0.2,2.06120838,0.378,0.000569572250459736,1.2391,0.8395,1.258,0.776,1.0199,21.34,1865.12,0.062,6981.497
1A,miami,large_office,people,people_high,0.2,2.06120838,0.378,0.000569572250459736,0.8105,1.1422,0.8013,1.1059,0.9621,21.34,1865.12,0.062,6981.497
1A,miami,large_office,people,people_low,0.2,2.06120838,0.378,0.000569572250459736,1.0911,0.929,1.1055,0.9471,1.0068,21.34,1865.12,0.062,6981.497
1A,miami,large_office,schedule,sched_5day,0.2,2.06120838,0.378,0.000569572250459736,1.4877,0.9207,1.6144,0.9184,1.1704,21.34,1865.12,0.062,6981.497
1A,miami,large_office,schedule,sched_extended,0.2,2.06120838,0.378,0.000569572250459736,0.6589,1.031,0.6335,1.0482,0.8242,21.34,1865.12,0.062,6981.497
1A,miami,large_office,wwr,wwr_10pct,0.1,2.06120838,0.378,0.000569572250459736,0.6087,0.8994,0.9066,0.9103,0.7399,21.34,1865.12,0.062,6981.497
1A,miami,large_office,wwr,wwr_30pct,0.3,2.06120838,0.378,0.000569572250459736,0.7517,0.9403,0.8767,0.9478,0.8407,21.34,1865.12,0.062,6981.497
1A,miami,large_office,wwr,wwr_50pct,0.5,2.06120838,0.378,0.000569572250459736,0.9078,0.9825,0.9495,0.9854,0.9444,21.34,1865.12,0.062,6981.497
1A,miami,large_office,wwr,wwr_70pct,0.7,2.06120838,0.378,0.000569572250459736,1.142,1.028,1.1059,1.0232,1.0835,21.34,1865.12,0.062,6981.497
1A,miami,large_office,wwr,wwr_90pct,0.9,2.06120838,0.378,0.000569572250459736,1.4763,1.0907,1.3747,1.0612,1.2689,21.34,1865.12,0.062,6981.497
4B,albuquerque,medium_office,wwr,wwr_20pct,0.2,2.06120838,0.378,0.000569572250459736,1.0,1.0,1.0,1.0,1.0,65.11,174.63,3.724,336.86
4B,albuquerque,medium_office,glazing,single_pane,0.2,5.8,0.86,0.000569572250459736,1.4195,1.3966,2.9716,1.463,1.408,65.11,174.63,3.724,336.86
4B,albuquerque,medium_office,glazing,triple_low_e,0.2,0.85,0.2,0.000569572250459736,0.6841,0.8506,0.5967,0.875,0.7628,65.11,174.63,3.724,336.86
4B,albuquerque,medium_office,infiltration,leaky,0.2,2.06120838,0.378,0.00114,1.2611,1.0004,1.4375,0.96,1.1232,65.11,174.63,3.724,336.86
4B,albuquerque,medium_office,infiltration,tight,0.2,2.06120838,0.378,0.000285,0.8401,1.0005,0.836,1.0235,0.9168,65.11,174.63,3.724,336.86
4B,albuquerque,medium_office,wwr,wwr_10pct,0.1,2.06120838,0.378,0.000569572250459736,0.8754,0.7759,0.8694,0.7319,0.8241,65.11,174.63,3.724,336.86
4B,albuquerque,medium_office,wwr,wwr_30pct,0.3,2.06120838,0.378,0.000569572250459736,0.939,0.8983,0.878,0.8739,0.9184,65.11,174.63,3.724,336.86
4B,albuquerque,medium_office,wwr,wwr_50pct,0.5,2.06120838,0.378,0.000569572250459736,1.0019,1.0149,1.0146,1.0163,1.0083,65.11,174.63,3.724,336.86
4B,albuquerque,medium_office,wwr,wwr_70pct,0.7,2.06120838,0.378,0.000569572250459736,1.0649,1.1281,1.2508,1.1583,1.096,65.11,174.63,3.724,336.86
4B,albuquerque,medium_office,wwr,wwr_90pct,0.9,2.06120838,0.378,0.000569572250459736,1.1235,1.2374,1.5563,1.299,1.179,65.11,174.63,3.724,336.86
4B,albuquerque,medium_office,glazing,double_low_e,0.2,2.06120838,0.378,0.000569572250459736,1.0,1.0,1.0,1.0,1.0,65.11,174.63,3.724,336.86
4B,albuquerque,medium_office,infiltration,standard,0.2,2.06120838,0.378,0.000569572250459736,1.0,1.0,1.0,1.0,1.0,65.11,174.63,3.724,336.86
4B,albuquerque,medium_office,glazing,double_pane,0.2,3.0,0.7,0.000569572250459736,0.9108,1.2425,0.9626,1.3819,1.0638,65.11,174.63,3.724,336.86
3A,atlanta,medium_office,wwr,wwr_20pct,0.2,2.06120838,0.378,0.000569572250459736,1.0,1.0,1.0,1.0,1.0,121.71,175.41,7.715,345.865
3A,atlanta,medium_office,equipment,equip_high,0.2,2.06120838,0.378,0.000569572250459736,0.6734,1.2026,0.3772,1.4705,0.8999,121.71,175.41,7.715,345.865
3A,atlanta,medium_office,equipment,equip_low,0.2,2.06120838,0.378,0.000569572250459736,1.3477,0.8939,1.764,0.7783,1.0976,121.71,175.41,7.715,345.865
3A,atlanta,medium_office,glazing,double_low_e,0.2,2.06120838,0.378,0.000569572250459736,1.0,1.0,1.0,1.0,1.0,121.71,175.41,7.715,345.865
3A,atlanta,medium_office,glazing,double_pane,0.2,3.0,0.7,0.000569572250459736,1.0219,1.2282,0.937,1.3138,1.1203,121.71,175.41,7.715,345.865
3A,atlanta,medium_office,glazing,single_pane,0.2,5.8,0.86,0.000569572250459736,1.2831,1.3841,2.0209,1.4056,1.3326,121.71,175.41,7.715,345.865
3A,atlanta,medium_office,glazing,triple_low_e,0.2,0.85,0.2,0.000569572250459736,0.793,0.8662,0.6079,0.8776,0.8288,121.71,175.41,7.715,345.865
3A,atlanta,medium_office,infiltration,leaky,0.2,2.06120838,0.378,0.00114,1.1383,1.0115,1.4751,0.9773,1.073,121.71,175.41,7.715,345.865
3A,atlanta,medium_office,infiltration,standard,0.2,2.06120838,0.378,0.000569572250459736,1.0,1.0,1.0,1.0,1.0,121.71,175.41,7.715,345.865
3A,atlanta,medium_office,infiltration,tight,0.2,2.06120838,0.378,0.000285,0.9193,0.9942,0.7822,1.0127,0.956,121.71,175.41,7.715,345.865
3A,atlanta,medium_office,lighting,lighting_high,0.2,2.06120838,0.378,0.000569572250459736,0.9586,1.038,0.8647,1.0713,0.9975,121.71,175.41,7.715,345.865
3A,atlanta,medium_office,lighting,lighting_low,0.2,2.06120838,0.378,0.000569572250459736,1.0421,0.962,1.165,0.9298,1.0013,121.71,175.41,7.715,345.865
3A,atlanta,medium_office,people,people_high,0.2,2.06120838,0.378,0.000569572250459736,0.938,1.1634,0.7873,1.2134,1.0446,121.71,175.41,7.715,345.865
3A,atlanta,medium_office,people,people_low,0.2,2.06120838,0.378,0.000569572250459736,1.0346,0.9184,1.1521,0.8969,0.9748,121.71,175.41,7.715,345.865
3A,atlanta,medium_office,schedule,sched_5day,0.2,2.06120838,0.378,0.000569572250459736,1.1085,0.9007,1.4427,0.8308,0.9992,121.71,175.41,7.715,345.865
3A,atlanta,medium_office,schedule,sched_extended,0.2,2.06120838,0.378,0.000569572250459736,0.9101,1.0405,0.7621,1.1038,0.9731,121.71,175.41,7.715,345.865
3A,atlanta,medium_office,wwr,wwr_10pct,0.1,2.06120838,0.378,0.000569572250459736,0.9624,0.8134,1.0232,0.7644,0.8847,121.71,175.41,7.715,345.865
3A,atlanta,medium_office,wwr,wwr_30pct,0.3,2.06120838,0.378,0.000569572250459736,0.9653,0.9151,0.9918,0.8898,0.9399,121.71,175.41,7.715,345.865
3A,atlanta,medium_office,wwr,wwr_50pct,0.5,2.06120838,0.378,0.000569572250459736,1.0033,1.012,1.001,1.0146,1.0076,121.71,175.41,7.715,345.865
3A,atlanta,medium_office,wwr,wwr_70pct,0.7,2.06120838,0.378,0.000569572250459736,1.0409,1.1089,1.0383,1.1386,1.0744,121.71,175.41,7.715,345.865
3A,atlanta,medium_office,wwr,wwr_90pct,0.9,2.06120838,0.378,0.000569572250459736,1.0751,1.2095,1.1004,1.2614,1.1404,121.71,175.41,7.715,345.865
5A,buffalo,medium_office,wwr,wwr_20pct,0.2,2.06120838,0.378,0.000569572250459736,1.0,1.0,1.0,1.0,1.0,179.44,159.11,39.781,212.424
5A,buffalo,medium_office,equipment,equip_high,0.2,2.06120838,0.378,0.000569572250459736,0.7951,1.2367,0.4475,1.6727,0.9916,179.44,159.11,39.781,212.424
5A,buffalo,medium_office,equipment,equip_low,0.2,2.06120838,0.378,0.000569572250459736,1.1045,0.8699,1.5252,0.7109,0.9802,179.44,159.11,39.781,212.424
5A,buffalo,medium_office,glazing,double_low_e,0.2,2.06120838,0.378,0.000569572250459736,1.0,1.0,1.0,1.0,1.0,179.44,159.11,39.781,212.424
5A,buffalo,medium_office,glazing,double_pane,0.2,3.0,0.7,0.000569572250459736,1.0359,1.2514,1.0656,1.3368,1.1385,179.44,159.11,39.781,212.424
5A,buffalo,medium_office,glazing,single_pane,0.2,5.8,0.86,0.000569572250459736,1.184,1.3955,2.0385,1.3603,1.2854,179.44,159.11,39.781,212.424
5A,buffalo,medium_office,glazing,triple_low_e,0.2,0.85,0.2,0.000569572250459736,0.9289,0.8655,0.5733,0.9245,0.8966,179.44,159.11,39.781,212.424
5A,buffalo,medium_office,infiltration,leaky,0.2,2.06120838,0.378,0.00114,1.0275,1.0123,1.4591,0.9381,1.0199,179.44,159.11,39.781,212.424
5A,buffalo,medium_office,infiltration,standard,0.2,2.06120838,0.378,0.000569572250459736,1.0,1.0,1.0,1.0,1.0,179.44,159.11,39.781,212.424
5A,buffalo,medium_office,infiltration,tight,0.2,2.06120838,0.378,0.000285,0.9875,0.9937,0.7967,1.0374,0.9906,179.44,159.11,39.781,212.424
5A,buffalo,medium_office,lighting,lighting_high,0.2,2.06120838,0.378,0.000569572250459736,0.9917,1.0414,0.8768,1.0971,1.0163,179.44,159.11,39.781,212.424
5A,buffalo,medium_office,lighting,lighting_low,0.2,2.06120838,0.378,0.000569572250459736,1.0134,0.9585,1.141,0.9064,0.9856,179.44,159.11,39.781,212.424
5A,buffalo,medium_office,people,people_high,0.2,2.06120838,0.378,0.000569572250459736,0.9788,1.1738,0.7938,1.2918,1.0719,179.44,159.11,39.781,212.424
5A,buffalo,medium_office,people,people_low,0.2,2.06120838,0.378,0.000569572250459736,1.013,0.9175,1.1334,0.8655,0.9641,179.44,159.11,39.781,212.424
5A,buffalo,medium_office,schedule,sched_5day,0.2,2.06120838,0.378,0.000569572250459736,1.0502,0.8911,1.3355,0.7789,0.9674,179.44,159.11,39.781,212.424
5A,buffalo,medium_office,schedule,sched_extended,0.2,2.06120838,0.378,0.000569572250459736,0.9608,1.0518,0.8269,1.1397,1.0053,179.44,159.11,39.781,212.424
5A,buffalo,medium_office,wwr,wwr_10pct,0.1,2.06120838,0.378,0.000569572250459736,0.9369,0.784,0.6874,0.7902,0.8571,179.44,159.11,39.781,212.424
5A,buffalo,medium_office,wwr,wwr_30pct,0.3,2.06120838,0.378,0.000569572250459736,0.9734,0.9044,0.8475,0.9004,0.9383,179.44,159.11,39.781,212.424
5A,buffalo,medium_office,wwr,wwr_50pct,0.5,2.06120838,0.378,0.000569572250459736,1.0042,1.0136,1.0183,1.0137,1.0089,179.44,159.11,39.781,212.424
5A,buffalo,medium_office,wwr,wwr_70pct,0.7,2.06120838,0.378,0.000569572250459736,1.0362,1.1242,1.2011,1.1278,1.0793,179.44,159.11,39.781,212.424
5A,buffalo,medium_office,wwr,wwr_90pct,0.9,2.06120838,0.378,0.000569572250459736,1.0725,1.237,1.391,1.2425,1.1518,179.44,159.11,39.781,212.424
5B,denver,medium_office,wwr,wwr_20pct,0.2,2.06120838,0.378,0.000569572250459736,1.0,1.0,1.0,1.0,1.0,129.53,171.64,17.154,270.033
5B,denver,medium_office,equipment,equip_high,0.2,2.06120838,0.378,0.000569572250459736,0.7128,1.2193,0.43,1.582,0.9323,129.53,171.64,17.154,270.033
5B,denver,medium_office,equipment,equip_low,0.2,2.06120838,0.378,0.000569572250459736,1.1602,0.8813,1.6373,0.7325,1.0112,129.53,171.64,17.154,270.033
5B,denver,medium_office,glazing,double_low_e,0.2,2.06120838,0.378,0.000569572250459736,1.0,1.0,1.0,1.0,1.0,129.53,171.64,17.154,270.033
5B,denver,medium_office,glazing,double_pane,0.2,3.0,0.7,0.000569572250459736,1.0922,1.2485,1.077,1.4075,1.1677,129.53,171.64,17.154,270.033
5B,denver,medium_office,glazing,single_pane,0.2,5.8,0.86,0.000569572250459736,1.4684,1.4165,2.516,1.4675,1.4422,129.53,171.64,17.154,270.033
5B,denver,medium_office,glazing,triple_low_e,0.2,0.85,0.2,0.000569572250459736,0.6945,0.8417,0.4911,0.8893,0.7646,129.53,171.64,17.154,270.033
5B,denver,medium_office,infiltration,leaky,0.2,2.06120838,0.378,0.00114,1.0964,0.9985,1.37,0.9463,1.0463,129.53,171.64,17.154,270.033
5B,denver,medium_office,infiltration,standard,0.2,2.06120838,0.378,0.000569572250459736,1.0,1.0,1.0,1.0,1.0,129.53,171.64,17.154,270.033
5B,denver,medium_office,infiltration,tight,0.2,2.06120838,0.378,0.000285,0.941,1.0007,0.8369,1.0328,0.9704,129.53,171.64,17.154,270.033
5B,denver,medium_office,lighting,lighting_high,0.2,2.06120838,0.378,0.000569572250459736,0.9605,1.0407,0.8687,1.0875,0.9998,129.53,171.64,17.154,270.033
5B,denver,medium_office,lighting,lighting_low,0.2,2.06120838,0.378,0.000569572250459736,1.0389,0.9593,1.1551,0.9143,0.9983,129.53,171.64,17.154,270.033
5B,denver,medium_office,people,people_high,0.2,2.06120838,0.378,0.000569572250459736,0.9453,1.166,0.7995,1.26,1.0498,129.53,171.64,17.154,270.033
5B,denver,medium_office,people,people_low,0.2,2.06120838,0.378,0.000569572250459736,1.0281,0.9172,1.1333,0.8768,0.971,129.53,171.64,17.154,270.033
5B,denver,medium_office,schedule,sched_5day,0.2,2.06120838,0.378,0.000569572250459736,1.0955,0.8958,1.39,0.797,0.9906,129.53,171.64,17.154,270.033
5B,denver,medium_office,schedule,sched_extended,0.2,2.06120838,0.378,0.000569572250459736,0.923,1.0445,0.8032,1.1262,0.9819,129.53,171.64,17.154,270.033
5B,denver,medium_office,wwr,wwr_10pct,0.1,2.06120838,0.378,0.000569572250459736,0.9258,0.7605,0.6893,0.7326,0.8391,129.53,171.64,17.154,270.033
5B,denver,medium_office,wwr,wwr_30pct,0.3,2.06120838,0.378,0.000569572250459736,0.8844,0.8923,0.826,0.8727,0.8883,129.53,171.64,17.154,270.033
5B,denver,medium_office,wwr,wwr_50pct,0.5,2.06120838,0.378,0.000569572250459736,1.0111,1.0144,1.0186,1.0167,1.0128,129.53,171.64,17.154,270.033
5B,denver,medium_office,wwr,wwr_70pct,0.7,2.06120838,0.378,0.000569572250459736,1.1168,1.1312,1.2665,1.1617,1.124,129.53,171.64,17.154,270.033
5B,denver,medium_office,wwr,wwr_90pct,0.9,2.06120838,0.378,0.000569572250459736,1.2076,1.2441,1.5488,1.3074,1.2257,129.53,171.64,17.154,270.033
3B,el_paso,medium_office,wwr,wwr_20pct,0.2,2.06120838,0.378,0.000569572250459736,1.0,1.0,1.0,1.0,1.0,41.41,186.63,1.679,404.472
3B,el_paso,medium_office,glazing,single_pane,0.2,5.8,0.86,0.000569572250459736,1.8116,1.3609,2.4661,1.4588,1.5702,41.41,186.63,1.679,404.472
3B,el_paso,medium_office,glazing,triple_low_e,0.2,0.85,0.2,0.000569572250459736,0.6467,0.863,0.6837,0.8568,0.747,41.41,186.63,1.679,404.472
3B,el_paso,medium_office,infiltration,leaky,0.2,2.06120838,0.378,0.00114,1.1312,1.0051,1.2952,0.98,1.0663,41.41,186.63,1.679,404.472
3B,el_paso,medium_office,infiltration,tight,0.2,2.06120838,0.378,0.000285,0.9341,0.9974,0.88,1.012,0.9652,41.41,186.63,1.679,404.472
3B,el_paso,medium_office,wwr,wwr_10pct,0.1,2.06120838,0.378,0.000569572250459736,0.851,0.8163,1.1277,0.7378,0.8335,41.41,186.63,1.679,404.472
3B,el_paso,medium_office,wwr,wwr_30pct,0.3,2.06120838,0.378,0.000569572250459736,0.9167,0.9158,1.0117,0.8771,0.9162,41.41,186.63,1.679,404.472
3B,el_paso,medium_office,wwr,wwr_50pct,0.5,2.06120838,0.378,0.000569572250459736,1.0053,1.0113,0.9946,1.0159,1.0083,41.41,186.63,1.679,404.472
3B,el_paso,medium_office,wwr,wwr_70pct,0.7,2.06120838,0.378,0.000569572250459736,1.1045,1.1041,1.0314,1.1533,1.1043,41.41,186.63,1.679,404.472
3B,el_paso,medium_office,wwr,wwr_90pct,0.9,2.06120838,0.378,0.000569572250459736,1.2048,1.1946,1.1098,1.2886,1.1997,41.41,186.63,1.679,404.472
3B,el_paso,medium_office,glazing,double_low_e,0.2,2.06120838,0.378,0.000569572250459736,1.0,1.0,1.0,1.0,1.0,41.41,186.63,1.679,404.472
3B,el_paso,medium_office,infiltration,standard,0.2,2.06120838,0.378,0.000569572250459736,1.0,1.0,1.0,1.0,1.0,41.41,186.63,1.679,404.472
3B,el_paso,medium_office,glazing,double_pane,0.2,3.0,0.7,0.000569572250459736,1.0917,1.2088,0.9178,1.3435,1.1487,41.41,186.63,1.679,404.472
8,fairbanks,medium_office,wwr,wwr_20pct,0.2,2.06120838,0.378,0.000569572250459736,1.0,1.0,1.0,1.0,1.0,236.28,148.39,147.22,155.024
8,fairbanks,medium_office,glazing,single_pane,0.2,5.8,0.86,0.000569572250459736,1.3035,1.4654,1.9623,1.4499,1.3821,236.28,148.39,147.22,155.024
8,fairbanks,medium_office,glazing,triple_low_e,0.2,0.85,0.2,0.000569572250459736,0.8954,0.833,0.5677,0.9157,0.8636,236.28,148.39,147.22,155.024
8,fairbanks,medium_office,infiltration,leaky,0.2,2.06120838,0.378,0.00114,1.0295,0.9948,1.0987,0.9341,1.012,236.28,148.39,147.22,155.024
8,fairbanks,medium_office,infiltration,tight,0.2,2.06120838,0.378,0.000285,0.984,1.0026,0.9524,1.0389,0.9932,236.28,148.39,147.22,155.024
8,fairbanks,medium_office,wwr,wwr_10pct,0.1,2.06120838,0.378,0.000569572250459736,0.8897,0.7202,0.5612,0.7622,0.8005,236.28,148.39,147.22,155.024
8,fairbanks,medium_office,wwr,wwr_30pct,0.3,2.06120838,0.378,0.000569572250459736,0.9447,0.8716,0.793,0.883,0.9074,236.28,148.39,147.22,155.024
8,fairbanks,medium_office,wwr,wwr_50pct,0.5,2.06120838,0.378,0.000569572250459736,1.0081,1.0198,1.0261,1.0151,1.0139,236.28,148.39,147.22,155.024
8,fairbanks,medium_office,wwr,wwr_70pct,0.7,2.06120838,0.378,0.000569572250459736,1.0884,1.1609,1.2623,1.1531,1.124,236.28,148.39,147.22,155.024
8,fairbanks,medium_office,wwr,wwr_90pct,0.9,2.06120838,0.378,0.000569572250459736,1.1645,1.2969,1.5007,1.2943,1.229,236.28,148.39,147.22,155.024
8,fairbanks,medium_office,glazing,double_low_e,0.2,2.06120838,0.378,0.000569572250459736,1.0,1.0,1.0,1.0,1.0,236.28,148.39,147.22,155.024
8,fairbanks,medium_office,infiltration,standard,0.2,2.06120838,0.378,0.000569572250459736,1.0,1.0,1.0,1.0,1.0,236.28,148.39,147.22,155.024
8,fairbanks,medium_office,glazing,double_pane,0.2,3.0,0.7,0.000569572250459736,1.07,1.3122,1.213,1.4334,1.1849,236.28,148.39,147.22,155.024
6B,great_falls,medium_office,wwr,wwr_20pct,0.2,2.06120838,0.378,0.000569572250459736,1.0,1.0,1.0,1.0,1.0,210.61,178.8,42.809,210.337
6B,great_falls,medium_office,glazing,single_pane,0.2,5.8,0.86,0.000569572250459736,1.3025,1.4295,2.07,1.4504,1.3645,210.61,178.8,42.809,210.337
6B,great_falls,medium_office,glazing,triple_low_e,0.2,0.85,0.2,0.000569572250459736,0.8223,0.8359,0.555,0.9041,0.829,210.61,178.8,42.809,210.337
6B,great_falls,medium_office,infiltration,leaky,0.2,2.06120838,0.378,0.00114,1.0459,0.9996,1.3451,0.9192,1.0225,210.61,178.8,42.809,210.337
6B,great_falls,medium_office,infiltration,tight,0.2,2.06120838,0.378,0.000285,0.9735,1.0001,0.8428,1.0504,0.9867,210.61,178.8,42.809,210.337
6B,great_falls,medium_office,wwr,wwr_10pct,0.1,2.06120838,0.378,0.000569572250459736,0.8353,0.7484,0.6637,0.7439,0.7907,210.61,178.8,42.809,210.337
6B,great_falls,medium_office,wwr,wwr_30pct,0.3,2.06120838,0.378,0.000569572250459736,0.9274,0.8875,0.831,0.8772,0.9072,210.61,178.8,42.809,210.337
6B,great_falls,medium_office,wwr,wwr_50pct,0.5,2.06120838,0.378,0.000569572250459736,1.0073,1.0161,1.0186,1.0157,1.0117,210.61,178.8,42.809,210.337
6B,great_falls,medium_office,wwr,wwr_70pct,0.7,2.06120838,0.378,0.000569572250459736,1.0829,1.1388,1.2227,1.1567,1.1105,210.61,178.8,42.809,210.337
6B,great_falls,medium_office,wwr,wwr_90pct,0.9,2.06120838,0.378,0.000569572250459736,1.1555,1.257,1.4401,1.2996,1.2052,210.61,178.8,42.809,210.337
6B,great_falls,medium_office,glazing,double_low_e,0.2,2.06120838,0.378,0.000569572250459736,1.0,1.0,1.0,1.0,1.0,210.61,178.8,42.809,210.337
6B,great_falls,medium_office,infiltration,standard,0.2,2.06120838,0.378,0.000569572250459736,1.0,1.0,1.0,1.0,1.0,210.61,178.8,42.809,210.337
6B,great_falls,medium_office,glazing,double_pane,0.2,3.0,0.7,0.000569572250459736,1.0667,1.2529,1.0763,1.4187,1.1561,210.61,178.8,42.809,210.337
7,international_falls,medium_office,wwr,wwr_20pct,0.2,2.06120838,0.378,0.000569572250459736,1.0,1.0,1.0,1.0,1.0,240.85,164.29,92.109,179.819
7,international_falls,medium_office,glazing,single_pane,0.2,5.8,0.86,0.000569572250459736,1.2823,1.4089,1.9083,1.4,1.3441,240.85,164.29,92.109,179.819
7,international_falls,medium_office,glazing,triple_low_e,0.2,0.85,0.2,0.000569572250459736,0.9171,0.8457,0.5993,0.9234,0.8807,240.85,164.29,92.109,179.819
7,international_falls,medium_office,infiltration,leaky,0.2,2.06120838,0.378,0.00114,1.037,1.0016,1.2563,0.9441,1.0191,240.85,164.29,92.109,179.819
7,international_falls,medium_office,infiltration,tight,0.2,2.06120838,0.378,0.000285,0.9802,0.9991,0.8791,1.034,0.9896,240.85,164.29,92.109,179.819
7,international_falls,medium_office,wwr,wwr_10pct,0.1,2.06120838,0.378,0.000569572250459736,0.9307,0.7531,0.6727,0.7789,0.8372,240.85,164.29,92.109,179.819
7,international_falls,medium_office,wwr,wwr_30pct,0.3,2.06120838,0.378,0.000569572250459736,0.9679,0.8887,0.8425,0.8934,0.9275,240.85,164.29,92.109,179.819
7,international_falls,medium_office,wwr,wwr_50pct,0.5,2.06120838,0.378,0.000569572250459736,1.0016,1.0158,1.0187,1.0142,1.0087,240.85,164.29,92.109,179.819
7,international_falls,medium_office,wwr,wwr_70pct,0.7,2.06120838,0.378,0.000569572250459736,1.0683,1.1365,1.202,1.1392,1.1019,240.85,164.29,92.109,179.819
7,international_falls,medium_office,wwr,wwr_90pct,0.9,2.06120838,0.378,0.000569572250459736,1.0648,0.061,0.0539,0.0001,0.2548,240.85,164.29,92.109,179.819
7,international_falls,medium_office,glazing,double_low_e,0.2,2.06120838,0.378,0.000569572250459736,1.0,1.0,1.0,1.0,1.0,240.85,164.29,92.109,179.819
7,international_falls,medium_office,infiltration,standard,0.2,2.06120838,0.378,0.000569572250459736,1.0,1.0,1.0,1.0,1.0,240.85,164.29,92.109,179.819
7,international_falls,medium_office,glazing,double_pane,0.2,3.0,0.7,0.000569572250459736,1.0568,1.2572,1.0966,1.3812,1.1526,240.85,164.29,92.109,179.819
1A,miami,medium_office,wwr,wwr_20pct,0.2,2.06120838,0.378,0.000569572250459736,1.0,1.0,1.0,1.0,1.0,12.53,193.83,0.126,544.382
1A,miami,medium_office,equipment,equip_high,0.2,2.06120838,0.378,0.000569572250459736,0.8857,1.186,0.6939,1.3182,1.0249,12.53,193.83,0.126,544.382
1A,miami,medium_office,equipment,equip_low,0.2,2.06120838,0.378,0.000569572250459736,1.0943,0.9015,1.2199,0.8429,0.9932,12.53,193.83,0.126,544.382
1A,miami,medium_office,glazing,double_low_e,0.2,2.06120838,0.378,0.000569572250459736,1.0,1.0,1.0,1.0,1.0,12.53,193.83,0.126,544.382
1A,miami,medium_office,glazing,double_pane,0.2,3.0,0.7,0.000569572250459736,0.899,1.2005,0.7057,1.2392,1.0389,12.53,193.83,0.126,544.382
1A,miami,medium_office,glazing,single_pane,0.2,5.8,0.86,0.000569572250459736,1.1433,1.338,0.9719,1.3577,1.2368,12.53,193.83,0.126,544.382
1A,miami,medium_office,glazing,triple_low_e,0.2,0.85,0.2,0.000569572250459736,0.9998,0.8755,1.0653,0.8726,0.9356,12.53,193.83,0.126,544.382
1A,miami,medium_office,infiltration,leaky,0.2,2.06120838,0.378,0.00114,1.0686,1.0157,1.1017,1.0122,1.0419,12.53,193.83,0.126,544.382
1A,miami,medium_office,infiltration,standard,0.2,2.06120838,0.378,0.000569572250459736,1.0,1.0,1.0,1.0,1.0,12.53,193.83,0.126,544.382
1A,miami,medium_office,infiltration,tight,0.2,2.06120838,0.378,0.000285,0.9805,0.992,0.9637,0.991,0.9863,12.53,193.83,0.126,544.382
1A,miami,medium_office,lighting,lighting_high,0.2,2.06120838,0.378,0.000569572250459736,0.9806,1.0355,0.9473,1.052,1.0077,12.53,193.83,0.126,544.382
1A,miami,medium_office,lighting,lighting_low,0.2,2.06120838,0.378,0.000569572250459736,1.0205,0.9645,1.0571,0.9481,0.9921,12.53,193.83,0.126,544.382
1A,miami,medium_office,people,people_high,0.2,2.06120838,0.378,0.000569572250459736,0.9788,1.1362,0.9465,1.1453,1.0546,12.53,193.83,0.126,544.382
1A,miami,medium_office,people,people_low,0.2,2.06120838,0.378,0.000569572250459736,1.0104,0.9452,1.0258,0.9274,0.9773,12.53,193.83,0.126,544.382
1A,miami,medium_office,schedule,sched_5day,0.2,2.06120838,0.378,0.000569572250459736,1.048,0.9208,1.126,0.8798,0.9823,12.53,193.83,0.126,544.382
1A,miami,medium_office,schedule,sched_extended,0.2,2.06120838,0.378,0.000569572250459736,0.9664,1.0445,0.9094,1.0719,1.0047,12.53,193.83,0.126,544.382
1A,miami,medium_office,wwr,wwr_10pct,0.1,2.06120838,0.378,0.000569572250459736,1.0889,0.8394,1.3471,0.811,0.956,12.53,193.83,0.126,544.382
1A,miami,medium_office,wwr,wwr_30pct,0.3,2.06120838,0.378,0.000569572250459736,1.0355,0.922,1.1381,0.9123,0.9771,12.53,193.83,0.126,544.382
1A,miami,medium_office,wwr,wwr_50pct,0.5,2.06120838,0.378,0.000569572250459736,0.992,1.011,0.9756,1.0115,1.0015,12.53,193.83,0.126,544.382
1A,miami,medium_office,wwr,wwr_70pct,0.7,2.06120838,0.378,0.000569572250459736,0.9733,1.0983,0.858,1.1088,1.0339,12.53,193.83,0.126,544.382
1A,miami,medium_office,wwr,wwr_90pct,0.9,2.06120838,0.378,0.000569572250459736,0.942,1.1828,0.7672,1.2043,1.0555,12.53,193.83,0.126,544.382
4A,new_york,medium_office,wwr,wwr_20pct,0.2,2.06120838,0.378,0.000569572250459736,1.0,1.0,1.0,1.0,1.0,214.35,176.55,18.501,268.885
4A,new_york,medium_office,glazing,single_pane,0.2,5.8,0.86,0.000569572250459736,1.108,1.3799,2.2812,1.3824,1.2365,214.35,176.55,18.501,268.885
4A,new_york,medium_office,glazing,triple_low_e,0.2,0.85,0.2,0.000569572250459736,0.9319,0.8517,0.5972,0.9034,0.8909,214.35,176.55,18.501,268.885
4A,new_york,medium_office,infiltration,leaky,0.2,2.06120838,0.378,0.00114,1.0444,1.0116,1.5517,0.9543,1.0279,214.35,176.55,18.501,268.885
4A,new_york,medium_office,infiltration,tight,0.2,2.06120838,0.378,0.000285,0.9558,0.9941,0.7717,1.0276,0.9748,214.35,176.55,18.501,268.885
4A,new_york,medium_office,wwr,wwr_10pct,0.1,2.06120838,0.378,0.000569572250459736,0.9605,0.7677,0.7608,0.7748,0.8587,214.35,176.55,18.501,268.885
4A,new_york,medium_office,wwr,wwr_30pct,0.3,2.06120838,0.378,0.000569572250459736,0.9822,0.896,0.8731,0.8938,0.9381,214.35,176.55,18.501,268.885
4A,new_york,medium_office,wwr,wwr_50pct,0.5,2.06120838,0.378,0.000569572250459736,1.0012,1.0142,1.0151,1.0141,1.0077,214.35,176.55,18.501,268.885
4A,new_york,medium_office,wwr,wwr_70pct,0.7,2.06120838,0.378,0.000569572250459736,1.019,1.1265,1.1882,1.1345,1.0714,214.35,176.55,18.501,268.885
4A,new_york,medium_office,wwr,wwr_90pct,0.9,2.06120838,0.378,0.000569572250459736,1.0222,1.234,1.3794,1.2548,1.1231,214.35,176.55,18.501,268.885
4A,new_york,medium_office,glazing,double_low_e,0.2,2.06120838,0.378,0.000569572250459736,1.0,1.0,1.0,1.0,1.0,214.35,176.55,18.501,268.885
4A,new_york,medium_office,infiltration,standard,0.2,2.06120838,0.378,0.000569572250459736,1.0,1.0,1.0,1.0,1.0,214.35,176.55,18.501,268.885
4A,new_york,medium_office,glazing,double_pane,0.2,3.0,0.7,0.000569572250459736,0.9781,1.2339,1.0266,1.3281,1.0986,214.35,176.55,18.501,268.885
5C,port_angeles,medium_office,wwr,wwr_20pct,0.2,2.06120838,0.378,0.000569572250459736,1.0,1.0,1.0,1.0,1.0,119.93,145.89,9.066,205.317
5C,port_angeles,medium_office,glazing,single_pane,0.2,5.8,0.86,0.000569572250459736,1.0138,1.4541,3.023,1.3141,1.2141,119.93,145.89,9.066,205.317
5C,port_angeles,medium_office,glazing,triple_low_e,0.2,0.85,0.2,0.000569572250459736,0.659,0.862,0.5314,0.9809,0.7537,119.93,145.89,9.066,205.317
5C,port_angeles,medium_office,infiltration,leaky,0.2,2.06120838,0.378,0.00114,1.1446,0.9877,1.2176,0.9427,1.0633,119.93,145.89,9.066,205.317
5C,port_angeles,medium_office,infiltration,tight,0.2,2.06120838,0.378,0.000285,0.92,1.0095,0.9034,1.0324,0.9638,119.93,145.89,9.066,205.317
5C,port_angeles,medium_office,wwr,wwr_10pct,0.1,2.06120838,0.378,0.000569572250459736,1.0772,0.7515,0.6867,0.8243,0.8997,119.93,145.89,9.066,205.317
5C,port_angeles,medium_office,wwr,wwr_30pct,0.3,2.06120838,0.378,0.000569572250459736,1.03,0.8903,0.8036,0.9139,0.9576,119.93,145.89,9.066,205.317
5C,port_angeles,medium_office,wwr,wwr_50pct,0.5,2.06120838,0.378,0.000569572250459736,0.9924,1.0173,1.0213,1.0113,1.0048,119.93,145.89,9.066,205.317
5C,port_angeles,medium_office,wwr,wwr_70pct,0.7,2.06120838,0.378,0.000569572250459736,0.9545,1.1553,1.3366,1.1137,1.0501,119.93,145.89,9.066,205.317
5C,port_angeles,medium_office,wwr,wwr_90pct,0.9,2.06120838,0.378,0.000569572250459736,0.9469,1.2867,1.7349,1.2192,1.1038,119.93,145.89,9.066,205.317
5C,port_angeles,medium_office,glazing,double_low_e,0.2,2.06120838,0.378,0.000569572250459736,1.0,1.0,1.0,1.0,1.0,119.93,145.89,9.066,205.317
5C,port_angeles,medium_office,infiltration,standard,0.2,2.06120838,0.378,0.000569572250459736,1.0,1.0,1.0,1.0,1.0,119.93,145.89,9.066,205.317
5C,port_angeles,medium_office,glazing,double_pane,0.2,3.0,0.7,0.000569572250459736,0.6946,1.3203,1.1093,1.3557,0.9577,119.93,145.89,9.066,205.317
6A,rochester,medium_office,wwr,wwr_20pct,0.2,2.06120838,0.378,0.000569572250459736,1.0,1.0,1.0,1.0,1.0,217.42,167.88,73.592,204.93
6A,rochester,medium_office,glazing,single_pane,0.2,5.8,0.86,0.000569572250459736,1.263,1.4092,1.8803,1.4046,1.3341,217.42,167.88,73.592,204.93
6A,rochester,medium_office,glazing,triple_low_e,0.2,0.85,0.2,0.000569572250459736,0.8592,0.8431,0.6166,0.9052,0.8512,217.42,167.88,73.592,204.93
6A,rochester,medium_office,infiltration,leaky,0.2,2.06120838,0.378,0.00114,1.1092,1.006,1.3948,0.9352,1.0563,217.42,167.88,73.592,204.93
6A,rochester,medium_office,infiltration,tight,0.2,2.06120838,0.378,0.000285,0.9339,0.9968,0.817,1.0401,0.9649,217.42,167.88,73.592,204.93
6A,rochester,medium_office,wwr,wwr_10pct,0.1,2.06120838,0.378,0.000569572250459736,0.8807,0.7525,0.7016,0.7674,0.8141,217.42,167.88,73.592,204.93
6A,rochester,medium_office,wwr,wwr_30pct,0.3,2.06120838,0.378,0.000569572250459736,0.9458,0.8898,0.8547,0.8897,0.9174,217.42,167.88,73.592,204.93
6A,rochester,medium_office,wwr,wwr_50pct,0.5,2.06120838,0.378,0.000569572250459736,1.0046,1.0156,1.0161,1.015,1.0101,217.42,167.88,73.592,204.93
6A,rochester,medium_office,wwr,wwr_70pct,0.7,2.06120838,0.378,0.000569572250459736,1.0611,1.1338,1.1841,1.142,1.0968,217.42,167.88,73.592,204.93
6A,rochester,medium_office,wwr,wwr_90pct,0.9,2.06120838,0.378,0.000569572250459736,1.114,1.2475,1.3565,1.2703,1.1789,217.42,167.88,73.592,204.93
6A,rochester,medium_office,glazing,double_low_e,0.2,2.06120838,0.378,0.000569572250459736,1.0,1.0,1.0,1.0,1.0,217.42,167.88,73.592,204.93
6A,rochester,medium_office,infiltration,standard,0.2,2.06120838,0.378,0.000569572250459736,1.0,1.0,1.0,1.0,1.0,217.42,167.88,73.592,204.93
6A,rochester,medium_office,glazing,double_pane,0.2,3.0,0.7,0.000569572250459736,1.0286,1.2537,1.0748,1.3676,1.1356,217.42,167.88,73.592,204.93
3C,san_diego,medium_office,wwr,wwr_20pct,0.2,2.06120838,0.378,0.000569572250459736,1.0,1.0,1.0,1.0,1.0,12.68,178.99,0.277,355.616
3C,san_diego,medium_office,glazing,single_pane,0.2,5.8,0.86,0.000569572250459736,1.3555,1.4452,1.4639,1.4186,1.3997,12.68,178.99,0.277,355.616
3C,san_diego,medium_office,glazing,triple_low_e,0.2,0.85,0.2,0.000569572250459736,0.869,0.8369,1.0817,0.8785,0.8528,12.68,178.99,0.277,355.616
3C,san_diego,medium_office,infiltration,leaky,0.2,2.06120838,0.378,0.00114,1.1953,0.995,1.2097,0.977,1.0906,12.68,178.99,0.277,355.616
3C,san_diego,medium_office,infiltration,tight,0.2,2.06120838,0.378,0.000285,0.9234,1.0093,0.9231,1.0123,0.9654,12.68,178.99,0.277,355.616
3C,san_diego,medium_office,wwr,wwr_10pct,0.1,2.06120838,0.378,0.000569572250459736,1.3326,0.76,1.8509,0.7434,1.0064,12.68,178.99,0.277,355.616
3C,san_diego,medium_office,wwr,wwr_30pct,0.3,2.06120838,0.378,0.000569572250459736,1.1339,0.8889,1.2869,0.8801,1.0039,12.68,178.99,0.277,355.616
3C,san_diego,medium_office,wwr,wwr_50pct,0.5,2.06120838,0.378,0.000569572250459736,0.9924,1.0156,0.9638,1.0158,1.0039,12.68,178.99,0.277,355.616
3C,san_diego,medium_office,wwr,wwr_70pct,0.7,2.06120838,0.378,0.000569572250459736,0.8863,1.1375,0.7664,1.1499,1.0041,12.68,178.99,0.277,355.616
3C,san_diego,medium_office,wwr,wwr_90pct,0.9,2.06120838,0.378,0.000569572250459736,0.7945,1.2561,0.6479,1.2821,0.999,12.68,178.99,0.277,355.616
3C,san_diego,medium_office,glazing,double_low_e,0.2,2.06120838,0.378,0.000569572250459736,1.0,1.0,1.0,1.0,1.0,12.68,178.99,0.277,355.616
3C,san_diego,medium_office,infiltration,standard,0.2,2.06120838,0.378,0.000569572250459736,1.0,1.0,1.0,1.0,1.0,12.68,178.99,0.277,355.616
3C,san_diego,medium_office,glazing,double_pane,0.2,3.0,0.7,0.000569572250459736,0.6604,1.2791,0.4894,1.346,0.9191,12.68,178.99,0.277,355.616
4C,seattle,medium_office,wwr,wwr_20pct,0.2,2.06120838,0.378,0.000569572250459736,1.0,1.0,1.0,1.0,1.0,152.77,161.4,9.845,218.477
4C,seattle,medium_office,glazing,single_pane,0.2,5.8,0.86,0.000569572250459736,1.1102,1.425,2.7879,1.3196,1.2578,152.77,161.4,9.845,218.477
4C,seattle,medium_office,glazing,triple_low_e,0.2,0.85,0.2,0.000569572250459736,0.9334,0.8446,0.5538,0.955,0.8879,152.77,161.4,9.845,218.477
4C,seattle,medium_office,infiltration,leaky,0.2,2.06120838,0.378,0.00114,1.0261,0.9949,1.3745,0.9307,1.0103,152.77,161.4,9.845,218.477
4C,seattle,medium_office,infiltration,tight,0.2,2.06120838,0.378,0.000285,0.9864,1.0026,0.851,1.0402,0.9945,152.77,161.4,9.845,218.477
4C,seattle,medium_office,wwr,wwr_10pct,0.1,2.06120838,0.378,0.000569572250459736,0.9489,0.7479,0.6626,0.8097,0.8424,152.77,161.4,9.845,218.477
4C,seattle,medium_office,wwr,wwr_30pct,0.3,2.06120838,0.378,0.000569572250459736,0.9768,0.8859,0.8064,0.9084,0.9302,152.77,161.4,9.845,218.477
4C,seattle,medium_office,wwr,wwr_50pct,0.5,2.06120838,0.378,0.000569572250459736,1.0032,1.0162,1.0231,1.0122,1.0097,152.77,161.4,9.845,218.477
4C,seattle,medium_office,wwr,wwr_70pct,0.7,2.06120838,0.378,0.000569572250459736,1.0283,1.1429,1.3003,1.1179,1.0841,152.77,161.4,9.845,218.477
4C,seattle,medium_office,wwr,wwr_90pct,0.9,2.06120838,0.378,0.000569572250459736,1.0478,1.2648,1.6136,1.2249,1.1512,152.77,161.4,9.845,218.477
4C,seattle,medium_office,glazing,double_low_e,0.2,2.06120838,0.378,0.000569572250459736,1.0,1.0,1.0,1.0,1.0,152.77,161.4,9.845,218.477
4C,seattle,medium_office,infiltration,standard,0.2,2.06120838,0.378,0.000569572250459736,1.0,1.0,1.0,1.0,1.0,152.77,161.4,9.845,218.477
4C,seattle,medium_office,glazing,double_pane,0.2,3.0,0.7,0.000569572250459736,1.0268,1.2738,1.156,1.3306,1.1436,152.77,161.4,9.845,218.477
2A,tampa,medium_office,wwr,wwr_20pct,0.2,2.06120838,0.378,0.000569572250459736,1.0,1.0,1.0,1.0,1.0,30.46,191.92,0.799,475.938
2A,tampa,medium_office,glazing,single_pane,0.2,5.8,0.86,0.000569572250459736,1.9406,1.3656,1.6024,1.3784,1.6279,30.46,191.92,0.799,475.938
2A,tampa,medium_office,glazing,triple_low_e,0.2,0.85,0.2,0.000569572250459736,0.8266,0.8587,0.9795,0.8709,0.8425,30.46,191.92,0.799,475.938
2A,tampa,medium_office,infiltration,leaky,0.2,2.06120838,0.378,0.00114,1.1822,1.0202,1.1391,1.0022,1.0982,30.46,191.92,0.799,475.938
2A,tampa,medium_office,infiltration,tight,0.2,2.06120838,0.378,0.000285,0.9632,0.9897,0.9519,0.9972,0.9764,30.46,191.92,0.799,475.938
2A,tampa,medium_office,wwr,wwr_10pct,0.1,2.06120838,0.378,0.000569572250459736,1.0468,0.8025,1.2093,0.7873,0.9165,30.46,191.92,0.799,475.938
2A,tampa,medium_office,wwr,wwr_30pct,0.3,2.06120838,0.378,0.000569572250459736,0.9729,0.9072,1.0622,0.9011,0.9395,30.46,191.92,0.799,475.938
2A,tampa,medium_office,wwr,wwr_50pct,0.5,2.06120838,0.378,0.000569572250459736,0.9989,1.0127,0.9868,1.013,1.0057,30.46,191.92,0.799,475.938
2A,tampa,medium_office,wwr,wwr_70pct,0.7,2.06120838,0.378,0.000569572250459736,1.0406,1.1135,0.9519,1.1228,1.0764,30.46,191.92,0.799,475.938
2A,tampa,medium_office,wwr,wwr_90pct,0.9,2.06120838,0.378,0.000569572250459736,1.0976,1.2112,0.9417,1.2308,1.153,30.46,191.92,0.799,475.938
2A,tampa,medium_office,glazing,double_low_e,0.2,2.06120838,0.378,0.000569572250459736,1.0,1.0,1.0,1.0,1.0,30.46,191.92,0.799,475.938
2A,tampa,medium_office,infiltration,standard,0.2,2.06120838,0.378,0.000569572250459736,1.0,1.0,1.0,1.0,1.0,30.46,191.92,0.799,475.938
2A,tampa,medium_office,glazing,double_pane,0.2,3.0,0.7,0.000569572250459736,1.0535,1.2218,0.8451,1.2672,1.1345,30.46,191.92,0.799,475.938
2B,tucson,medium_office,wwr,wwr_20pct,0.2,2.06120838,0.378,0.000569572250459736,1.0,1.0,1.0,1.0,1.0,26.15,194.9,0.952,480.912
2B,tucson,medium_office,glazing,single_pane,0.2,5.8,0.86,0.000569572250459736,1.5075,1.3719,1.3824,1.4398,1.4381,26.15,194.9,0.952,480.912
2B,tucson,medium_office,glazing,triple_low_e,0.2,0.85,0.2,0.000569572250459736,0.8405,0.8662,0.9692,0.853,0.8532,26.15,194.9,0.952,480.912
2B,tucson,medium_office,infiltration,leaky,0.2,2.06120838,0.378,0.00114,1.0849,1.0088,1.0982,0.9897,1.0462,26.15,194.9,0.952,480.912
2B,tucson,medium_office,infiltration,tight,0.2,2.06120838,0.378,0.000285,0.9706,0.9956,0.9603,1.0067,0.983,26.15,194.9,0.952,480.912
2B,tucson,medium_office,wwr,wwr_10pct,0.1,2.06120838,0.378,0.000569572250459736,1.6106,0.8318,1.2378,0.7587,1.1574,26.15,194.9,0.952,480.912
2B,tucson,medium_office,wwr,wwr_30pct,0.3,2.06120838,0.378,0.000569572250459736,0.9887,0.9195,1.0732,0.8873,0.9535,26.15,194.9,0.952,480.912
2B,tucson,medium_office,wwr,wwr_50pct,0.5,2.06120838,0.378,0.000569572250459736,0.9902,1.0112,0.9817,1.0144,1.0006,26.15,194.9,0.952,480.912
2B,tucson,medium_office,wwr,wwr_70pct,0.7,2.06120838,0.378,0.000569572250459736,1.0054,1.1031,0.9232,1.1403,1.0531,26.15,194.9,0.952,480.912
2B,tucson,medium_office,wwr,wwr_90pct,0.9,2.06120838,0.378,0.000569572250459736,1.0288,1.2022,0.8945,1.2638,1.1121,26.15,194.9,0.952,480.912
2B,tucson,medium_office,glazing,double_low_e,0.2,2.06120838,0.378,0.000569572250459736,1.0,1.0,1.0,1.0,1.0,26.15,194.9,0.952,480.912
2B,tucson,medium_office,infiltration,standard,0.2,2.06120838,0.378,0.000569572250459736,1.0,1.0,1.0,1.0,1.0,26.15,194.9,0.952,480.912
2B,tucson,medium_office,glazing,double_pane,0.2,3.0,0.7,0.000569572250459736,0.9739,1.2167,0.7956,1.3069,1.0885,26.15,194.9,0.952,480.912
3A,atlanta,outpatient,wwr,wwr_20pct,0.2,2.06120838,0.378,0.000569572250459736,1.0,1.0,1.0,1.0,1.0,50.01,225.54,21.26,634.829
3A,atlanta,outpatient,equipment,equip_high,0.2,2.06120838,0.378,0.000569572250459736,0.8352,1.2937,0.8923,1.553,1.0395,50.01,225.54,21.26,634.829
3A,atlanta,outpatient,equipment,equip_low,0.2,2.06120838,0.378,0.000569572250459736,1.2517,0.8495,1.1202,0.7293,1.0312,50.01,225.54,21.26,634.829
3A,atlanta,outpatient,glazing,double_low_e,0.2,2.06120838,0.378,0.000569572250459736,1.0,1.0,1.0,1.0,1.0,50.01,225.54,21.26,634.829
3A,atlanta,outpatient,glazing,double_pane,0.2,3.0,0.7,0.000569572250459736,1.0009,1.082,1.0053,1.0839,1.0407,50.01,225.54,21.26,634.829
3A,atlanta,outpatient,glazing,single_pane,0.2,5.8,0.86,0.000569572250459736,1.1891,1.1469,1.1262,1.1054,1.1678,50.01,225.54,21.26,634.829
3A,atlanta,outpatient,glazing,triple_low_e,0.2,0.85,0.2,0.000569572250459736,0.9151,0.9461,0.9524,0.9691,0.9305,50.01,225.54,21.26,634.829
3A,atlanta,outpatient,infiltration,leaky,0.2,2.06120838,0.378,0.00114,1.0765,1.0065,1.162,0.992,1.0409,50.01,225.54,21.26,634.829
3A,atlanta,outpatient,infiltration,standard,0.2,2.06120838,0.378,0.000569572250459736,1.0,1.0,1.0,1.0,1.0,50.01,225.54,21.26,634.829
3A,atlanta,outpatient,infiltration,tight,0.2,2.06120838,0.378,0.000285,0.9285,0.9968,0.9305,1.0046,0.962,50.01,225.54,21.26,634.829
3A,atlanta,outpatient,lighting,lighting_high,0.2,2.06120838,0.378,0.000569572250459736,0.953,1.0468,0.9676,1.0733,0.9988,50.01,225.54,21.26,634.829
3A,atlanta,outpatient,lighting,lighting_low,0.2,2.06120838,0.378,0.000569572250459736,1.0522,0.9532,1.0383,0.9273,1.0015,50.01,225.54,21.26,634.829
3A,atlanta,outpatient,people,people_high,0.2,2.06120838,0.378,0.000569572250459736,1.0,1.0,1.0,1.0,1.0,50.01,225.54,21.26,634.829
3A,atlanta,outpatient,people,people_low,0.2,2.06120838,0.378,0.000569572250459736,1.0,1.0,1.0,1.0,1.0,50.01,225.54,21.26,634.829
3A,atlanta,outpatient,schedule,sched_5day,0.2,2.06120838,0.378,0.000569572250459736,1.1157,0.9222,1.0514,0.8604,1.0143,50.01,225.54,21.26,634.829
3A,atlanta,outpatient,schedule,sched_extended,0.2,2.06120838,0.378,0.000569572250459736,0.9517,1.0068,0.9789,1.0515,0.9788,50.01,225.54,21.26,634.829
3A,atlanta,outpatient,wwr,wwr_10pct,0.1,2.06120838,0.378,0.000569572250459736,0.983,0.9442,0.9853,0.9505,0.9634,50.01,225.54,21.26,634.829
3A,atlanta,outpatient,wwr,wwr_30pct,0.3,2.06120838,0.378,0.000569572250459736,1.0117,1.0119,1.0137,1.0097,1.0118,50.01,225.54,21.26,634.829
3A,atlanta,outpatient,wwr,wwr_50pct,0.5,2.06120838,0.378,0.000569572250459736,1.0385,1.0766,1.0483,1.0681,1.0573,50.01,225.54,21.26,634.829
3A,atlanta,outpatient,wwr,wwr_70pct,0.7,2.06120838,0.378,0.000569572250459736,1.077,1.1414,1.0927,1.1256,1.1087,50.01,225.54,21.26,634.829
3A,atlanta,outpatient,wwr,wwr_90pct,0.9,2.06120838,0.378,0.000569572250459736,1.1343,1.21,1.1474,1.1798,1.1716,50.01,225.54,21.26,634.829
5A,buffalo,outpatient,wwr,wwr_20pct,0.2,2.06120838,0.378,0.000569572250459736,1.0,1.0,1.0,1.0,1.0,70.08,212.0,53.319,513.332
5A,buffalo,outpatient,equipment,equip_high,0.2,2.06120838,0.378,0.000569572250459736,0.8001,1.2945,0.876,1.6724,1.0177,70.08,212.0,53.319,513.332
5A,buffalo,outpatient,equipment,equip_low,0.2,2.06120838,0.378,0.000569572250459736,1.2393,0.8507,1.1529,0.6775,1.0268,70.08,212.0,53.319,513.332
5A,buffalo,outpatient,glazing,double_low_e,0.2,2.06120838,0.378,0.000569572250459736,1.0,1.0,1.0,1.0,1.0,70.08,212.0,53.319,513.332
5A,buffalo,outpatient,glazing,double_pane,0.2,3.0,0.7,0.000569572250459736,1.0363,1.0612,1.0283,1.0662,1.0487,70.08,212.0,53.319,513.332
5A,buffalo,outpatient,glazing,single_pane,0.2,5.8,0.86,0.000569572250459736,1.2704,1.1102,1.2357,1.0464,1.1876,70.08,212.0,53.319,513.332
5A,buffalo,outpatient,glazing,triple_low_e,0.2,0.85,0.2,0.000569572250459736,0.891,0.9653,0.9246,0.9987,0.9274,70.08,212.0,53.319,513.332
5A,buffalo,outpatient,infiltration,leaky,0.2,2.06120838,0.378,0.00114,1.1179,1.0132,1.2427,0.9692,1.0643,70.08,212.0,53.319,513.332
5A,buffalo,outpatient,infiltration,standard,0.2,2.06120838,0.378,0.000569572250459736,1.0,1.0,1.0,1.0,1.0,70.08,212.0,53.319,513.332
5A,buffalo,outpatient,infiltration,tight,0.2,2.06120838,0.378,0.000285,0.959,0.9933,0.8985,1.0192,0.976,70.08,212.0,53.319,513.332
5A,buffalo,outpatient,lighting,lighting_high,0.2,2.06120838,0.378,0.000569572250459736,0.9584,1.0324,0.9662,1.083,0.9947,70.08,212.0,53.319,513.332
5A,buffalo,outpatient,lighting,lighting_low,0.2,2.06120838,0.378,0.000569572250459736,1.0445,0.9672,1.0404,0.9181,1.0051,70.08,212.0,53.319,513.332
5A,buffalo,outpatient,people,people_high,0.2,2.06120838,0.378,0.000569572250459736,1.0,1.0,1.0,1.0,1.0,70.08,212.0,53.319,513.332
5A,buffalo,outpatient,people,people_low,0.2,2.06120838,0.378,0.000569572250459736,1.0,1.0,1.0,1.0,1.0,70.08,212.0,53.319,513.332
5A,buffalo,outpatient,schedule,sched_5day,0.2,2.06120838,0.378,0.000569572250459736,1.0719,0.9239,1.0651,0.833,0.9952,70.08,212.0,53.319,513.332
5A,buffalo,outpatient,schedule,sched_extended,0.2,2.06120838,0.378,0.000569572250459736,0.9639,1.0134,0.9737,1.0612,0.9884,70.08,212.0,53.319,513.332
5A,buffalo,outpatient,wwr,wwr_10pct,0.1,2.06120838,0.378,0.000569572250459736,0.9178,0.9565,0.9539,0.9749,0.937,70.08,212.0,53.319,513.332
5A,buffalo,outpatient,wwr,wwr_30pct,0.3,2.06120838,0.378,0.000569572250459736,1.0233,1.0123,1.0322,1.0062,1.0178,70.08,212.0,53.319,513.332
5A,buffalo,outpatient,wwr,wwr_50pct,0.5,2.06120838,0.378,0.000569572250459736,1.1151,1.0661,1.1227,1.0387,1.0903,70.08,212.0,53.319,513.332
5A,buffalo,outpatient,wwr,wwr_70pct,0.7,2.06120838,0.378,0.000569572250459736,1.2203,1.129,1.2328,1.0722,1.1738,70.08,212.0,53.319,513.332
5A,buffalo,outpatient,wwr,wwr_90pct,0.9,2.06120838,0.378,0.000569572250459736,1.3367,1.2046,1.3528,1.1046,1.2689,70.08,212.0,53.319,513.332
5B,denver,outpatient,wwr,wwr_20pct,0.2,2.06120838,0.378,0.000569572250459736,1.0,1.0,1.0,1.0,1.0,60.44,212.05,36.271,563.821
5B,denver,outpatient,equipment,equip_high,0.2,2.06120838,0.378,0.000569572250459736,0.834,1.3076,0.8773,1.6174,1.0443,60.44,212.05,36.271,563.821
5B,denver,outpatient,equipment,equip_low,0.2,2.06120838,0.378,0.000569572250459736,1.187,0.8402,1.1394,0.6998,0.9987,60.44,212.05,36.271,563.821
5B,denver,outpatient,glazing,double_low_e,0.2,2.06120838,0.378,0.000569572250459736,1.0,1.0,1.0,1.0,1.0,60.44,212.05,36.271,563.821
5B,denver,outpatient,glazing,double_pane,0.2,3.0,0.7,0.000569572250459736,1.1297,1.0845,1.0261,1.0966,1.1069,60.44,212.05,36.271,563.821
5B,denver,outpatient,glazing,single_pane,0.2,5.8,0.86,0.000569572250459736,1.4291,1.1599,1.2275,1.1001,1.2875,60.44,212.05,36.271,563.821
5B,denver,outpatient,glazing,triple_low_e,0.2,0.85,0.2,0.000569572250459736,0.9026,0.9451,0.9243,0.9782,0.9236,60.44,212.05,36.271,563.821
5B,denver,outpatient,infiltration,leaky,0.2,2.06120838,0.378,0.00114,1.0874,1.001,1.1599,0.9766,1.0433,60.44,212.05,36.271,563.821
5B,denver,outpatient,infiltration,standard,0.2,2.06120838,0.378,0.000569572250459736,1.0,1.0,1.0,1.0,1.0,60.44,212.05,36.271,563.821
5B,denver,outpatient,infiltration,tight,0.2,2.06120838,0.378,0.000285,0.9746,1.0001,0.9304,1.0144,0.9872,60.44,212.05,36.271,563.821
5B,denver,outpatient,lighting,lighting_high,0.2,2.06120838,0.378,0.000569572250459736,0.9533,1.0419,0.9652,1.0769,0.9966,60.44,212.05,36.271,563.821
5B,denver,outpatient,lighting,lighting_low,0.2,2.06120838,0.378,0.000569572250459736,1.0911,0.9578,1.0407,0.9238,1.0223,60.44,212.05,36.271,563.821
5B,denver,outpatient,people,people_high,0.2,2.06120838,0.378,0.000569572250459736,1.0,1.0,1.0,1.0,1.0,60.44,212.05,36.271,563.821
5B,denver,outpatient,people,people_low,0.2,2.06120838,0.378,0.000569572250459736,1.0,1.0,1.0,1.0,1.0,60.44,212.05,36.271,563.821
5B,denver,outpatient,schedule,sched_5day,0.2,2.06120838,0.378,0.000569572250459736,1.1298,0.9191,1.0605,0.8449,1.019,60.44,212.05,36.271,563.821
5B,denver,outpatient,schedule,sched_extended,0.2,2.06120838,0.378,0.000569572250459736,0.9802,1.0091,0.9751,1.0568,0.9946,60.44,212.05,36.271,563.821
5B,denver,outpatient,wwr,wwr_10pct,0.1,2.06120838,0.378,0.000569572250459736,0.9391,0.9379,0.9561,0.9525,0.9385,60.44,212.05,36.271,563.821
5B,denver,outpatient,wwr,wwr_30pct,0.3,2.06120838,0.378,0.000569572250459736,1.0352,1.0144,1.039,1.0095,1.0248,60.44,212.05,36.271,563.821
5B,denver,outpatient,wwr,wwr_50pct,0.5,2.06120838,0.378,0.000569572250459736,1.214,1.0902,1.1373,1.067,1.1505,60.44,212.05,36.271,563.821
5B,denver,outpatient,wwr,wwr_70pct,0.7,2.06120838,0.378,0.000569572250459736,1.3398,1.1711,1.2542,1.1244,1.2526,60.44,212.05,36.271,563.821
5B,denver,outpatient,wwr,wwr_90pct,0.9,2.06120838,0.378,0.000569572250459736,1.5012,1.2553,1.3882,1.1792,1.3727,60.44,212.05,36.271,563.821
1A,miami,outpatient,wwr,wwr_20pct,0.2,2.06120838,0.378,0.000569572250459736,1.0,1.0,1.0,1.0,1.0,23.64,246.76,2.107,812.232
1A,miami,outpatient,equipment,equip_high,0.2,2.06120838,0.378,0.000569572250459736,0.9625,1.2596,0.9664,1.4405,1.1011,23.64,246.76,2.107,812.232
1A,miami,outpatient,equipment,equip_low,0.2,2.06120838,0.378,0.000569572250459736,1.0241,0.8678,1.0304,0.7816,0.9427,23.64,246.76,2.107,812.232
1A,miami,outpatient,glazing,double_low_e,0.2,2.06120838,0.378,0.000569572250459736,1.0,1.0,1.0,1.0,1.0,23.64,246.76,2.107,812.232
1A,miami,outpatient,glazing,double_pane,0.2,3.0,0.7,0.000569572250459736,0.9986,1.0739,0.9987,1.0782,1.0355,23.64,246.76,2.107,812.232
1A,miami,outpatient,glazing,single_pane,0.2,5.8,0.86,0.000569572250459736,1.022,1.1302,1.02,1.1219,1.0747,23.64,246.76,2.107,812.232
1A,miami,outpatient,glazing,triple_low_e,0.2,0.85,0.2,0.000569572250459736,0.9887,0.9542,0.9914,0.9573,0.9713,23.64,246.76,2.107,812.232
1A,miami,outpatient,infiltration,leaky,0.2,2.06120838,0.378,0.00114,1.0267,1.0135,1.0369,1.0161,1.0201,23.64,246.76,2.107,812.232
1A,miami,outpatient,infiltration,standard,0.2,2.06120838,0.378,0.000569572250459736,1.0,1.0,1.0,1.0,1.0,23.64,246.76,2.107,812.232
1A,miami,outpatient,infiltration,tight,0.2,2.06120838,0.378,0.000285,0.9845,0.9932,0.9859,0.9901,0.9888,23.64,246.76,2.107,812.232
1A,miami,outpatient,lighting,lighting_high,0.2,2.06120838,0.378,0.000569572250459736,0.9873,1.0372,0.9883,1.0592,1.012,23.64,246.76,2.107,812.232
1A,miami,outpatient,lighting,lighting_low,0.2,2.06120838,0.378,0.000569572250459736,1.0134,0.9627,1.0135,0.9411,0.9877,23.64,246.76,2.107,812.232
1A,miami,outpatient,people,people_high,0.2,2.06120838,0.378,0.000569572250459736,1.0,1.0,1.0,1.0,1.0,23.64,246.76,2.107,812.232
1A,miami,outpatient,people,people_low,0.2,2.06120838,0.378,0.000569572250459736,1.0,1.0,1.0,1.0,1.0,23.64,246.76,2.107,812.232
1A,miami,outpatient,schedule,sched_5day,0.2,2.06120838,0.378,0.000569572250459736,1.0126,0.9324,1.0145,0.8876,0.9716,23.64,246.76,2.107,812.232
1A,miami,outpatient,schedule,sched_extended,0.2,2.06120838,0.378,0.000569572250459736,0.996,1.0068,0.9946,1.042,1.0014,23.64,246.76,2.107,812.232
1A,miami,outpatient,wwr,wwr_10pct,0.1,2.06120838,0.378,0.000569572250459736,0.9977,0.9555,0.9994,0.9512,0.9764,23.64,246.76,2.107,812.232
1A,miami,outpatient,wwr,wwr_30pct,0.3,2.06120838,0.378,0.000569572250459736,0.9882,1.011,1.0002,1.01,0.9996,23.64,246.76,2.107,812.232
1A,miami,outpatient,wwr,wwr_50pct,0.5,2.06120838,0.378,0.000569572250459736,0.9791,1.0689,1.0047,1.0674,1.023,23.64,246.76,2.107,812.232
1A,miami,outpatient,wwr,wwr_70pct,0.7,2.06120838,0.378,0.000569572250459736,0.9749,1.126,1.0105,1.1239,1.0477,23.64,246.76,2.107,812.232
1A,miami,outpatient,wwr,wwr_90pct,0.9,2.06120838,0.378,0.000569572250459736,0.9786,1.1795,1.021,1.1769,1.0744,23.64,246.76,2.107,812.232
3A,atlanta,restaurant_fastfood,wwr,wwr_20pct,0.2,2.06120838,0.378,0.000569572250459736,1.0,1.0,1.0,1.0,1.0,22.88,43.81,5.518,105.195
3A,atlanta,restaurant_fastfood,equipment,equip_high,0.2,2.06120838,0.378,0.000569572250459736,0.8897,1.3477,0.5594,1.7876,1.095,22.88,43.81,5.518,105.195
3A,atlanta,restaurant_fastfood,equipment,equip_low,0.2,2.06120838,0.378,0.000569572250459736,1.0551,0.8249,1.3244,0.6136,0.9329,22.88,43.81,5.518,105.195
3A,atlanta,restaurant_fastfood,glazing,double_low_e,0.2,2.06120838,0.378,0.000569572250459736,1.0,1.0,1.0,1.0,1.0,22.88,43.81,5.518,105.195
3A,atlanta,restaurant_fastfood,glazing,double_pane,0.2,3.0,0.7,0.000569572250459736,0.9968,1.0322,0.9015,1.0501,1.0143,22.88,43.81,5.518,105.195
3A,atlanta,restaurant_fastfood,glazing,single_pane,0.2,5.8,0.86,0.000569572250459736,1.0316,1.0558,1.0046,1.0697,1.0436,22.88,43.81,5.518,105.195
3A,atlanta,restaurant_fastfood,glazing,triple_low_e,0.2,0.85,0.2,0.000569572250459736,0.9838,0.9783,0.9825,0.9769,0.981,22.88,43.81,5.518,105.195
3A,atlanta,restaurant_fastfood,infiltration,leaky,0.2,2.06120838,0.378,0.00114,1.0105,1.003,1.0355,0.9907,1.0067,22.88,43.81,5.518,105.195
3A,atlanta,restaurant_fastfood,infiltration,standard,0.2,2.06120838,0.378,0.000569572250459736,1.0,1.0,1.0,1.0,1.0,22.88,43.81,5.518,105.195
3A,atlanta,restaurant_fastfood,infiltration,tight,0.2,2.06120838,0.378,0.000285,0.9946,0.9985,0.9829,1.005,0.9966,22.88,43.81,5.518,105.195
3A,atlanta,restaurant_fastfood,lighting,lighting_high,0.2,2.06120838,0.378,0.000569572250459736,0.9923,1.0128,0.9616,1.0308,1.0025,22.88,43.81,5.518,105.195
3A,atlanta,restaurant_fastfood,lighting,lighting_low,0.2,2.06120838,0.378,0.000569572250459736,1.0076,0.9873,1.0396,0.9694,0.9974,22.88,43.81,5.518,105.195
3A,atlanta,restaurant_fastfood,people,people_high,0.2,2.06120838,0.378,0.000569572250459736,0.7648,1.1731,0.4211,1.1898,0.9472,22.88,43.81,5.518,105.195
3A,atlanta,restaurant_fastfood,people,people_low,0.2,2.06120838,0.378,0.000569572250459736,1.1205,0.914,1.4358,0.9162,1.012,22.88,43.81,5.518,105.195
3A,atlanta,restaurant_fastfood,schedule,sched_5day,0.2,2.06120838,0.378,0.000569572250459736,1.0271,0.944,1.1475,0.8876,0.9847,22.88,43.81,5.518,105.195
3A,atlanta,restaurant_fastfood,schedule,sched_extended,0.2,2.06120838,0.378,0.000569572250459736,0.976,1.049,0.8843,1.0995,1.0118,22.88,43.81,5.518,105.195
3A,atlanta,restaurant_fastfood,wwr,wwr_10pct,0.1,2.06120838,0.378,0.000569572250459736,0.99,0.9746,1.0394,0.9678,0.9823,22.88,43.81,5.518,105.195
3A,atlanta,restaurant_fastfood,wwr,wwr_30pct,0.3,2.06120838,0.378,0.000569572250459736,1.0006,1.003,0.9922,1.0036,1.0018,22.88,43.81,5.518,105.195
3A,atlanta,restaurant_fastfood,wwr,wwr_50pct,0.5,2.06120838,0.378,0.000569572250459736,1.0111,1.0299,0.9585,1.0381,1.0205,22.88,43.81,5.518,105.195
3A,atlanta,restaurant_fastfood,wwr,wwr_70pct,0.7,2.06120838,0.378,0.000569572250459736,1.0216,1.0554,0.9358,1.0717,1.0384,22.88,43.81,5.518,105.195
3A,atlanta,restaurant_fastfood,wwr,wwr_90pct,0.9,2.06120838,0.378,0.000569572250459736,1.0323,1.0802,0.9231,1.1042,1.056,22.88,43.81,5.518,105.195
5A,buffalo,restaurant_fastfood,wwr,wwr_20pct,0.2,2.06120838,0.378,0.000569572250459736,1.0,1.0,1.0,1.0,1.0,18.63,33.48,9.652,79.341
5A,buffalo,restaurant_fastfood,equipment,equip_high,0.2,2.06120838,0.378,0.000569572250459736,0.8806,1.4582,0.5173,2.0125,1.1332,18.63,33.48,9.652,79.341
5A,buffalo,restaurant_fastfood,equipment,equip_low,0.2,2.06120838,0.378,0.000569572250459736,1.0607,0.7687,1.3416,0.5087,0.903,18.63,33.48,9.652,79.341
5A,buffalo,restaurant_fastfood,glazing,double_low_e,0.2,2.06120838,0.378,0.000569572250459736,1.0,1.0,1.0,1.0,1.0,18.63,33.48,9.652,79.341
5A,buffalo,restaurant_fastfood,glazing,double_pane,0.2,3.0,0.7,0.000569572250459736,1.0125,1.0468,0.9746,1.0444,1.0295,18.63,33.48,9.652,79.341
5A,buffalo,restaurant_fastfood,glazing,single_pane,0.2,5.8,0.86,0.000569572250459736,1.081,1.0776,1.188,1.052,1.0793,18.63,33.48,9.652,79.341
5A,buffalo,restaurant_fastfood,glazing,triple_low_e,0.2,0.85,0.2,0.000569572250459736,0.9617,0.9704,0.9077,0.9849,0.966,18.63,33.48,9.652,79.341
5A,buffalo,restaurant_fastfood,infiltration,leaky,0.2,2.06120838,0.378,0.00114,1.0173,1.0042,1.0602,0.9738,1.0107,18.63,33.48,9.652,79.341
5A,buffalo,restaurant_fastfood,infiltration,standard,0.2,2.06120838,0.378,0.000569572250459736,1.0,1.0,1.0,1.0,1.0,18.63,33.48,9.652,79.341
5A,buffalo,restaurant_fastfood,infiltration,tight,0.2,2.06120838,0.378,0.000285,0.9914,0.9979,0.9708,1.0141,0.9946,18.63,33.48,9.652,79.341
5A,buffalo,restaurant_fastfood,lighting,lighting_high,0.2,2.06120838,0.378,0.000569572250459736,0.991,1.0169,0.9586,1.0386,1.0039,18.63,33.48,9.652,79.341
5A,buffalo,restaurant_fastfood,lighting,lighting_low,0.2,2.06120838,0.378,0.000569572250459736,1.0088,0.9833,1.0424,0.9616,0.9959,18.63,33.48,9.652,79.341
5A,buffalo,restaurant_fastfood,people,people_high,0.2,2.06120838,0.378,0.000569572250459736,0.7298,1.2263,0.3839,1.1961,0.946,18.63,33.48,9.652,79.341
5A,buffalo,restaurant_fastfood,people,people_low,0.2,2.06120838,0.378,0.000569572250459736,1.1316,0.8879,1.4408,0.921,1.0024,18.63,33.48,9.652,79.341
5A,buffalo,restaurant_fastfood,schedule,sched_5day,0.2,2.06120838,0.378,0.000569572250459736,1.0295,0.9266,1.1566,0.8628,0.9767,18.63,33.48,9.652,79.341
5A,buffalo,restaurant_fastfood,schedule,sched_extended,0.2,2.06120838,0.378,0.000569572250459736,0.9737,1.0643,0.8743,1.1221,1.018,18.63,33.48,9.652,79.341
5A,buffalo,restaurant_fastfood,wwr,wwr_10pct,0.1,2.06120838,0.378,0.000569572250459736,0.9674,0.961,0.9458,0.9747,0.9642,18.63,33.48,9.652,79.341
5A,buffalo,restaurant_fastfood,wwr,wwr_30pct,0.3,2.06120838,0.378,0.000569572250459736,1.0019,1.0047,1.002,1.0029,1.0033,18.63,33.48,9.652,79.341
5A,buffalo,restaurant_fastfood,wwr,wwr_50pct,0.5,2.06120838,0.378,0.000569572250459736,1.0335,1.0457,1.0613,1.0299,1.0396,18.63,33.48,9.652,79.341
5A,buffalo,restaurant_fastfood,wwr,wwr_70pct,0.7,2.06120838,0.378,0.000569572250459736,1.0624,1.0849,1.1246,1.0556,1.0736,18.63,33.48,9.652,79.341
5A,buffalo,restaurant_fastfood,wwr,wwr_90pct,0.9,2.06120838,0.378,0.000569572250459736,1.0921,1.1204,1.1905,1.0802,1.1061,18.63,33.48,9.652,79.341
5B,denver,restaurant_fastfood,wwr,wwr_20pct,0.2,2.06120838,0.378,0.000569572250459736,1.0,1.0,1.0,1.0,1.0,18.04,29.25,4.391,84.181
5B,denver,restaurant_fastfood,equipment,equip_high,0.2,2.06120838,0.378,0.000569572250459736,0.8758,1.5163,0.4323,1.9779,1.1524,18.04,29.25,4.391,84.181
5B,denver,restaurant_fastfood,equipment,equip_low,0.2,2.06120838,0.378,0.000569572250459736,1.0647,0.7399,1.5021,0.5308,0.8876,18.04,29.25,4.391,84.181
5B,denver,restaurant_fastfood,glazing,double_low_e,0.2,2.06120838,0.378,0.000569572250459736,1.0,1.0,1.0,1.0,1.0,18.04,29.25,4.391,84.181
5B,denver,restaurant_fastfood,glazing,double_pane,0.2,3.0,0.7,0.000569572250459736,1.0118,1.054,0.9205,1.0632,1.0327,18.04,29.25,4.391,84.181
5B,denver,restaurant_fastfood,glazing,single_pane,0.2,5.8,0.86,0.000569572250459736,1.0912,1.0883,1.2049,1.077,1.0898,18.04,29.25,4.391,84.181
5B,denver,restaurant_fastfood,glazing,triple_low_e,0.2,0.85,0.2,0.000569572250459736,0.956,0.9673,0.8978,0.9768,0.9616,18.04,29.25,4.391,84.181
5B,denver,restaurant_fastfood,infiltration,leaky,0.2,2.06120838,0.378,0.00114,1.012,0.9998,1.0495,0.9811,1.0059,18.04,29.25,4.391,84.181
5B,denver,restaurant_fastfood,infiltration,standard,0.2,2.06120838,0.378,0.000569572250459736,1.0,1.0,1.0,1.0,1.0,18.04,29.25,4.391,84.181
5B,denver,restaurant_fastfood,infiltration,tight,0.2,2.06120838,0.378,0.000285,0.994,1.0001,0.9763,1.0102,0.997,18.04,29.25,4.391,84.181
5B,denver,restaurant_fastfood,lighting,lighting_high,0.2,2.06120838,0.378,0.000569572250459736,0.9902,1.0187,0.9435,1.0375,1.0043,18.04,29.25,4.391,84.181
5B,denver,restaurant_fastfood,lighting,lighting_low,0.2,2.06120838,0.378,0.000569572250459736,1.0097,0.9812,1.0591,0.963,0.9953,18.04,29.25,4.391,84.181
5B,denver,restaurant_fastfood,people,people_high,0.2,2.06120838,0.378,0.000569572250459736,0.7184,1.2478,0.288,1.216,0.9468,18.04,29.25,4.391,84.181
5B,denver,restaurant_fastfood,people,people_low,0.2,2.06120838,0.378,0.000569572250459736,1.1391,0.8927,1.6844,0.9198,1.0084,18.04,29.25,4.391,84.181
5B,denver,restaurant_fastfood,schedule,sched_5day,0.2,2.06120838,0.378,0.000569572250459736,1.0312,0.918,1.2213,0.8671,0.973,18.04,29.25,4.391,84.181
5B,denver,restaurant_fastfood,schedule,sched_extended,0.2,2.06120838,0.378,0.000569572250459736,0.9725,1.0716,0.8349,1.1191,1.0208,18.04,29.25,4.391,84.181
5B,denver,restaurant_fastfood,wwr,wwr_10pct,0.1,2.06120838,0.378,0.000569572250459736,0.9632,0.9563,0.9622,0.9634,0.9598,18.04,29.25,4.391,84.181
5B,denver,restaurant_fastfood,wwr,wwr_30pct,0.3,2.06120838,0.378,0.000569572250459736,1.0019,1.0053,0.9949,1.0038,1.0036,18.04,29.25,4.391,84.181
5B,denver,restaurant_fastfood,wwr,wwr_50pct,0.5,2.06120838,0.378,0.000569572250459736,1.0376,1.0521,1.05,1.0437,1.0448,18.04,29.25,4.391,84.181
5B,denver,restaurant_fastfood,wwr,wwr_70pct,0.7,2.06120838,0.378,0.000569572250459736,1.0717,1.097,1.1214,1.0826,1.0842,18.04,29.25,4.391,84.181
5B,denver,restaurant_fastfood,wwr,wwr_90pct,0.9,2.06120838,0.378,0.000569572250459736,1.1051,1.14,1.205,1.1204,1.1224,18.04,29.25,4.391,84.181
1A,miami,restaurant_fastfood,wwr,wwr_20pct,0.2,2.06120838,0.378,0.000569572250459736,1.0,1.0,1.0,1.0,1.0,3.83,46.3,0.006,161.095
1A,miami,restaurant_fastfood,equipment,equip_high,0.2,2.06120838,0.378,0.000569572250459736,0.4509,1.3321,0.2946,1.5525,0.775,3.83,46.3,0.006,161.095
1A,miami,restaurant_fastfood,equipment,equip_low,0.2,2.06120838,0.378,0.000569572250459736,1.3265,0.8324,2.4226,0.7197,1.0508,3.83,46.3,0.006,161.095
1A,miami,restaurant_fastfood,glazing,double_low_e,0.2,2.06120838,0.378,0.000569572250459736,1.0,1.0,1.0,1.0,1.0,3.83,46.3,0.006,161.095
1A,miami,restaurant_fastfood,glazing,double_pane,0.2,3.0,0.7,0.000569572250459736,0.9299,1.0321,0.7643,1.0461,0.9797,3.83,46.3,0.006,161.095
1A,miami,restaurant_fastfood,glazing,single_pane,0.2,5.8,0.86,0.000569572250459736,1.0832,1.055,0.9885,1.0689,1.069,3.83,46.3,0.006,161.095
1A,miami,restaurant_fastfood,glazing,triple_low_e,0.2,0.85,0.2,0.000569572250459736,0.9473,0.9786,0.9671,0.9751,0.9628,3.83,46.3,0.006,161.095
1A,miami,restaurant_fastfood,infiltration,leaky,0.2,2.06120838,0.378,0.00114,1.0441,1.0048,1.1039,1.0018,1.0243,3.83,46.3,0.006,161.095
1A,miami,restaurant_fastfood,infiltration,standard,0.2,2.06120838,0.378,0.000569572250459736,1.0,1.0,1.0,1.0,1.0,3.83,46.3,0.006,161.095
1A,miami,restaurant_fastfood,infiltration,tight,0.2,2.06120838,0.378,0.000285,0.9764,0.9976,0.9533,0.999,0.987,3.83,46.3,0.006,161.095
1A,miami,restaurant_fastfood,lighting,lighting_high,0.2,2.06120838,0.378,0.000569572250459736,0.9621,1.0121,0.9041,1.0225,0.9868,3.83,46.3,0.006,161.095
1A,miami,restaurant_fastfood,lighting,lighting_low,0.2,2.06120838,0.378,0.000569572250459736,1.0314,0.9878,1.1075,0.9767,1.0094,3.83,46.3,0.006,161.095
1A,miami,restaurant_fastfood,people,people_high,0.2,2.06120838,0.378,0.000569572250459736,0.1066,1.1682,0.0686,1.1821,0.3529,3.83,46.3,0.006,161.095
1A,miami,restaurant_fastfood,people,people_low,0.2,2.06120838,0.378,0.000569572250459736,1.4969,0.9158,4.1276,0.9103,1.1709,3.83,46.3,0.006,161.095
1A,miami,restaurant_fastfood,schedule,sched_5day,0.2,2.06120838,0.378,0.000569572250459736,1.1543,0.9461,1.4667,0.9136,1.045,3.83,46.3,0.006,161.095
1A,miami,restaurant_fastfood,schedule,sched_extended,0.2,2.06120838,0.378,0.000569572250459736,0.8698,1.0469,0.7303,1.0746,0.9542,3.83,46.3,0.006,161.095
1A,miami,restaurant_fastfood,wwr,wwr_10pct,0.1,2.06120838,0.378,0.000569572250459736,1.0112,0.9745,1.1583,0.968,0.9927,3.83,46.3,0.006,161.095
1A,miami,restaurant_fastfood,wwr,wwr_30pct,0.3,2.06120838,0.378,0.000569572250459736,0.9989,1.0029,0.9864,1.0036,1.0009,3.83,46.3,0.006,161.095
1A,miami,restaurant_fastfood,wwr,wwr_50pct,0.5,2.06120838,0.378,0.000569572250459736,0.9855,1.0296,0.8749,1.0371,1.0073,3.83,46.3,0.006,161.095
1A,miami,restaurant_fastfood,wwr,wwr_70pct,0.7,2.06120838,0.378,0.000569572250459736,0.99,1.055,0.8187,1.0689,1.022,3.83,46.3,0.006,161.095
1A,miami,restaurant_fastfood,wwr,wwr_90pct,0.9,2.06120838,0.378,0.000569572250459736,0.995,1.0837,0.7946,1.0991,1.0384,3.83,46.3,0.006,161.095
3A,atlanta,restaurant_sitdown,wwr,wwr_20pct,0.2,2.06120838,0.378,0.000569572250459736,1.0,1.0,1.0,1.0,1.0,5.49,68.2,0.017,208.324
3A,atlanta,restaurant_sitdown,equipment,equip_high,0.2,2.06120838,0.378,0.000569572250459736,0.2178,1.3384,0.069,1.6323,0.54,5.49,68.2,0.017,208.324
3A,atlanta,restaurant_sitdown,equipment,equip_low,0.2,2.06120838,0.378,0.000569572250459736,1.4641,0.8299,7.0133,0.6875,1.1023,5.49,68.2,0.017,208.324
3A,atlanta,restaurant_sitdown,glazing,double_low_e,0.2,2.06120838,0.378,0.000569572250459736,1.0,1.0,1.0,1.0,1.0,5.49,68.2,0.017,208.324
3A,atlanta,restaurant_sitdown,glazing,double_pane,0.2,3.0,0.7,0.000569572250459736,1.0953,1.0354,1.2726,1.0529,1.0649,5.49,68.2,0.017,208.324
3A,atlanta,restaurant_sitdown,glazing,single_pane,0.2,5.8,0.86,0.000569572250459736,1.6022,1.0635,5.8867,1.0636,1.3053,5.49,68.2,0.017,208.324
3A,atlanta,restaurant_sitdown,glazing,triple_low_e,0.2,0.85,0.2,0.000569572250459736,0.6961,0.9767,0.3475,0.9811,0.8245,5.49,68.2,0.017,208.324
3A,atlanta,restaurant_sitdown,infiltration,leaky,0.2,2.06120838,0.378,0.00114,1.1545,1.003,1.9738,0.9907,1.0761,5.49,68.2,0.017,208.324
3A,atlanta,restaurant_sitdown,infiltration,standard,0.2,2.06120838,0.378,0.000569572250459736,1.0,1.0,1.0,1.0,1.0,5.49,68.2,0.017,208.324
3A,atlanta,restaurant_sitdown,infiltration,tight,0.2,2.06120838,0.378,0.000285,0.9144,0.9985,0.6955,1.0049,0.9555,5.49,68.2,0.017,208.324
3A,atlanta,restaurant_sitdown,lighting,lighting_high,0.2,2.06120838,0.378,0.000569572250459736,0.8872,1.0158,0.5711,1.0337,0.9493,5.49,68.2,0.017,208.324
3A,atlanta,restaurant_sitdown,lighting,lighting_low,0.2,2.06120838,0.378,0.000569572250459736,1.1213,0.9841,1.8526,0.9664,1.0505,5.49,68.2,0.017,208.324
3A,atlanta,restaurant_sitdown,people,people_high,0.2,2.06120838,0.378,0.000569572250459736,0.0,1.3587,0.0,1.4352,0.0,5.49,68.2,0.017,208.324
3A,atlanta,restaurant_sitdown,people,people_low,0.2,2.06120838,0.378,0.000569572250459736,2.2197,0.8224,28.9161,0.8018,1.3511,5.49,68.2,0.017,208.324
3A,atlanta,restaurant_sitdown,schedule,sched_5day,0.2,2.06120838,0.378,0.000569572250459736,1.2195,0.9307,2.8107,0.8759,1.0654,5.49,68.2,0.017,208.324
3A,atlanta,restaurant_sitdown,schedule,sched_extended,0.2,2.06120838,0.378,0.000569572250459736,0.8303,1.0605,0.4709,1.109,0.9384,5.49,68.2,0.017,208.324
3A,atlanta,restaurant_sitdown,wwr,wwr_10pct,0.1,2.06120838,0.378,0.000569572250459736,0.8611,0.9748,0.6052,0.9683,0.9162,5.49,68.2,0.017,208.324
3A,atlanta,restaurant_sitdown,wwr,wwr_30pct,0.3,2.06120838,0.378,0.000569572250459736,1.0042,1.003,1.0065,1.0043,1.0036,5.49,68.2,0.017,208.324
3A,atlanta,restaurant_sitdown,wwr,wwr_50pct,0.5,2.06120838,0.378,0.000569572250459736,1.1401,1.0304,1.6294,1.0388,1.0838,5.49,68.2,0.017,208.324
3A,atlanta,restaurant_sitdown,wwr,wwr_70pct,0.7,2.06120838,0.378,0.000569572250459736,1.2689,1.0621,2.4178,1.0721,1.1609,5.49,68.2,0.017,208.324
3A,atlanta,restaurant_sitdown,wwr,wwr_90pct,0.9,2.06120838,0.378,0.000569572250459736,1.3899,1.0852,3.4744,1.1042,1.2281,5.49,68.2,0.017,208.324
5A,buffalo,restaurant_sitdown,wwr,wwr_20pct,0.2,2.06120838,0.378,0.000569572250459736,1.0,1.0,1.0,1.0,1.0,3.89,58.89,0.018,170.403
5A,buffalo,restaurant_sitdown,equipment,equip_high,0.2,2.06120838,0.378,0.000569572250459736,0.0,1.394,0.0,1.7835,0.0,3.89,58.89,0.018,170.403
5A,buffalo,restaurant_sitdown,equipment,equip_low,0.2,2.06120838,0.378,0.000569572250459736,1.7178,0.8017,11.7199,0.6165,1.1735,3.89,58.89,0.018,170.403
5A,buffalo,restaurant_sitdown,glazing,double_low_e,0.2,2.06120838,0.378,0.000569572250459736,1.0,1.0,1.0,1.0,1.0,3.89,58.89,0.018,170.403
5A,buffalo,restaurant_sitdown,glazing,double_pane,0.2,3.0,0.7,0.000569572250459736,1.2919,1.0337,1.7629,1.042,1.1556,3.89,58.89,0.018,170.403
5A,buffalo,restaurant_sitdown,glazing,single_pane,0.2,5.8,0.86,0.000569572250459736,2.5277,1.0473,25.6296,1.0228,1.627,3.89,58.89,0.018,170.403
5A,buffalo,restaurant_sitdown,glazing,triple_low_e,0.2,0.85,0.2,0.000569572250459736,0.1899,0.9731,0.0455,1.002,0.4298,3.89,58.89,0.018,170.403
5A,buffalo,restaurant_sitdown,infiltration,leaky,0.2,2.06120838,0.378,0.00114,1.8723,1.0039,4.0412,0.9741,1.371,3.89,58.89,0.018,170.403
5A,buffalo,restaurant_sitdown,infiltration,standard,0.2,2.06120838,0.378,0.000569572250459736,1.0,1.0,1.0,1.0,1.0,3.89,58.89,0.018,170.403
5A,buffalo,restaurant_sitdown,infiltration,tight,0.2,2.06120838,0.378,0.000285,0.5719,0.998,0.4125,1.014,0.7555,3.89,58.89,0.018,170.403
5A,buffalo,restaurant_sitdown,lighting,lighting_high,0.2,2.06120838,0.378,0.000569572250459736,0.726,1.0183,0.4435,1.0424,0.8598,3.89,58.89,0.018,170.403
5A,buffalo,restaurant_sitdown,lighting,lighting_low,0.2,2.06120838,0.378,0.000569572250459736,1.2911,0.9815,2.0361,0.958,1.1257,3.89,58.89,0.018,170.403
5A,buffalo,restaurant_sitdown,people,people_high,0.2,2.06120838,0.378,0.000569572250459736,0.0001,1.4162,0.0,1.5492,0.0089,3.89,58.89,0.018,170.403
5A,buffalo,restaurant_sitdown,people,people_low,0.2,2.06120838,0.378,0.000569572250459736,2.1977,0.7867,74.4853,0.7761,1.3149,3.89,58.89,0.018,170.403
5A,buffalo,restaurant_sitdown,schedule,sched_5day,0.2,2.06120838,0.378,0.000569572250459736,1.376,0.9192,3.0565,0.8476,1.1247,3.89,58.89,0.018,170.403
5A,buffalo,restaurant_sitdown,schedule,sched_extended,0.2,2.06120838,0.378,0.000569572250459736,0.6782,1.0703,0.3437,1.1348,0.852,3.89,58.89,0.018,170.403
5A,buffalo,restaurant_sitdown,wwr,wwr_10pct,0.1,2.06120838,0.378,0.000569572250459736,0.3951,0.9659,0.1294,0.9855,0.6178,3.89,58.89,0.018,170.403
5A,buffalo,restaurant_sitdown,wwr,wwr_30pct,0.3,2.06120838,0.378,0.000569572250459736,1.0261,1.0043,1.0614,1.0032,1.0151,3.89,58.89,0.018,170.403
5A,buffalo,restaurant_sitdown,wwr,wwr_50pct,0.5,2.06120838,0.378,0.000569572250459736,1.6159,1.0315,4.2393,1.0205,1.2911,3.89,58.89,0.018,170.403
5A,buffalo,restaurant_sitdown,wwr,wwr_70pct,0.7,2.06120838,0.378,0.000569572250459736,2.1068,1.0521,13.5753,1.0376,1.4888,3.89,58.89,0.018,170.403
5A,buffalo,restaurant_sitdown,wwr,wwr_90pct,0.9,2.06120838,0.378,0.000569572250459736,2.6325,1.1038,29.4987,1.0546,1.7046,3.89,58.89,0.018,170.403
5B,denver,restaurant_sitdown,wwr,wwr_20pct,0.2,2.06120838,0.378,0.000569572250459736,1.0,1.0,1.0,1.0,1.0,2.12,55.32,0.015,187.109
5B,denver,restaurant_sitdown,equipment,equip_high,0.2,2.06120838,0.378,0.000569572250459736,0.0,1.4249,0.0,1.7152,0.0,2.12,55.32,0.015,187.109
5B,denver,restaurant_sitdown,equipment,equip_low,0.2,2.06120838,0.378,0.000569572250459736,2.3351,0.7847,6.1016,0.6449,1.3537,2.12,55.32,0.015,187.109
5B,denver,restaurant_sitdown,glazing,double_low_e,0.2,2.06120838,0.378,0.000569572250459736,1.0,1.0,1.0,1.0,1.0,2.12,55.32,0.015,187.109
5B,denver,restaurant_sitdown,glazing,double_pane,0.2,3.0,0.7,0.000569572250459736,1.5529,1.0566,1.9398,1.0627,1.281,2.12,55.32,0.015,187.109
5B,denver,restaurant_sitdown,glazing,single_pane,0.2,5.8,0.86,0.000569572250459736,5.2356,1.0865,15.9013,1.0579,2.3851,2.12,55.32,0.015,187.109
5B,denver,restaurant_sitdown,glazing,triple_low_e,0.2,0.85,0.2,0.000569572250459736,0.0,0.9619,0.0,0.9871,0.0,2.12,55.32,0.015,187.109
5B,denver,restaurant_sitdown,infiltration,leaky,0.2,2.06120838,0.378,0.00114,1.7575,0.9999,2.1586,0.9826,1.3257,2.12,55.32,0.015,187.109
5B,denver,restaurant_sitdown,infiltration,standard,0.2,2.06120838,0.378,0.000569572250459736,1.0,1.0,1.0,1.0,1.0,2.12,55.32,0.015,187.109
5B,denver,restaurant_sitdown,infiltration,tight,0.2,2.06120838,0.378,0.000285,0.7057,1.0,0.5565,1.0093,0.8401,2.12,55.32,0.015,187.109
5B,denver,restaurant_sitdown,lighting,lighting_high,0.2,2.06120838,0.378,0.000569572250459736,0.5153,1.0227,0.2717,1.0391,0.7259,2.12,55.32,0.015,187.109
5B,denver,restaurant_sitdown,lighting,lighting_low,0.2,2.06120838,0.378,0.000569572250459736,1.5478,0.9753,2.0175,0.9608,1.2287,2.12,55.32,0.015,187.109
5B,denver,restaurant_sitdown,people,people_high,0.2,2.06120838,0.378,0.000569572250459736,0.0,1.4183,0.0,1.4869,0.0,2.12,55.32,0.015,187.109
5B,denver,restaurant_sitdown,people,people_low,0.2,2.06120838,0.378,0.000569572250459736,3.7145,0.7926,25.6294,0.7743,1.7159,2.12,55.32,0.015,187.109
5B,denver,restaurant_sitdown,schedule,sched_5day,0.2,2.06120838,0.378,0.000569572250459736,1.7143,0.9125,2.7258,0.8592,1.2507,2.12,55.32,0.015,187.109
5B,denver,restaurant_sitdown,schedule,sched_extended,0.2,2.06120838,0.378,0.000569572250459736,0.4422,1.0765,0.1568,1.1235,0.6899,2.12,55.32,0.015,187.109
5B,denver,restaurant_sitdown,wwr,wwr_10pct,0.1,2.06120838,0.378,0.000569572250459736,0.0,0.9512,0.0,0.9688,0.0,2.12,55.32,0.015,187.109
5B,denver,restaurant_sitdown,wwr,wwr_30pct,0.3,2.06120838,0.378,0.000569572250459736,1.0761,1.0061,1.116,1.0045,1.0405,2.12,55.32,0.015,187.109
5B,denver,restaurant_sitdown,wwr,wwr_50pct,0.5,2.06120838,0.378,0.000569572250459736,2.3006,1.0526,4.0024,1.0381,1.5561,2.12,55.32,0.015,187.109
5B,denver,restaurant_sitdown,wwr,wwr_70pct,0.7,2.06120838,0.378,0.000569572250459736,3.8884,1.0904,9.2323,1.07,2.0591,2.12,55.32,0.015,187.109
5B,denver,restaurant_sitdown,wwr,wwr_90pct,0.9,2.06120838,0.378,0.000569572250459736,4.931,1.1273,17.6731,1.1008,2.3577,2.12,55.32,0.015,187.109
1A,miami,restaurant_sitdown,wwr,wwr_20pct,0.2,2.06120838,0.378,0.000569572250459736,0.0,1.0,0.0,1.0,0.0,0.0,71.39,0.0,283.773
1A,miami,restaurant_sitdown,equipment,equip_high,0.2,2.06120838,0.378,0.000569572250459736,0.0,1.3228,0.0,1.465,0.0,0.0,71.39,0.0,283.773
1A,miami,restaurant_sitdown,equipment,equip_low,0.2,2.06120838,0.378,0.000569572250459736,0.0,0.8378,0.0,0.768,0.0,0.0,71.39,0.0,283.773
1A,miami,restaurant_sitdown,glazing,double_low_e,0.2,2.06120838,0.378,0.000569572250459736,0.0,1.0,0.0,1.0,0.0,0.0,71.39,0.0,283.773
1A,miami,restaurant_sitdown,glazing,double_pane,0.2,3.0,0.7,0.000569572250459736,0.0,1.0396,0.0,1.0443,0.0,0.0,71.39,0.0,283.773
1A,miami,restaurant_sitdown,glazing,single_pane,0.2,5.8,0.86,0.000569572250459736,0.0,1.0673,0.0,1.0666,0.0,0.0,71.39,0.0,283.773
1A,miami,restaurant_sitdown,glazing,triple_low_e,0.2,0.85,0.2,0.000569572250459736,0.0,0.9744,0.0,0.9768,0.0,0.0,71.39,0.0,283.773
1A,miami,restaurant_sitdown,infiltration,leaky,0.2,2.06120838,0.378,0.00114,0.0,1.0027,0.0,1.0016,0.0,0.0,71.39,0.0,283.773
1A,miami,restaurant_sitdown,infiltration,standard,0.2,2.06120838,0.378,0.000569572250459736,0.0,1.0,0.0,1.0,0.0,0.0,71.39,0.0,283.773
1A,miami,restaurant_sitdown,infiltration,tight,0.2,2.06120838,0.378,0.000285,0.0,0.9987,0.0,0.9991,0.0,0.0,71.39,0.0,283.773
1A,miami,restaurant_sitdown,lighting,lighting_high,0.2,2.06120838,0.378,0.000569572250459736,0.0,1.0154,0.0,1.025,0.0,0.0,71.39,0.0,283.773
1A,miami,restaurant_sitdown,lighting,lighting_low,0.2,2.06120838,0.378,0.000569572250459736,0.0,0.9845,0.0,0.9752,0.0,0.0,71.39,0.0,283.773
1A,miami,restaurant_sitdown,people,people_high,0.2,2.06120838,0.378,0.000569572250459736,0.0,1.3448,0.0,1.3342,0.0,0.0,71.39,0.0,283.773
1A,miami,restaurant_sitdown,people,people_low,0.2,2.06120838,0.378,0.000569572250459736,0.1431,0.8291,0.4053,0.8358,0.3445,0.0,71.39,0.0,283.773
1A,miami,restaurant_sitdown,schedule,sched_5day,0.2,2.06120838,0.378,0.000569572250459736,0.0,0.9338,0.0,0.9074,0.0,0.0,71.39,0.0,283.773
1A,miami,restaurant_sitdown,schedule,sched_extended,0.2,2.06120838,0.378,0.000569572250459736,0.0,1.0578,0.0,1.0811,0.0,0.0,71.39,0.0,283.773
1A,miami,restaurant_sitdown,wwr,wwr_10pct,0.1,2.06120838,0.378,0.000569572250459736,0.0,0.9724,0.0,0.9719,0.0,0.0,71.39,0.0,283.773
1A,miami,restaurant_sitdown,wwr,wwr_30pct,0.3,2.06120838,0.378,0.000569572250459736,0.0,1.0035,0.0,1.0035,0.0,0.0,71.39,0.0,283.773
1A,miami,restaurant_sitdown,wwr,wwr_50pct,0.5,2.06120838,0.378,0.000569572250459736,0.0,1.034,0.0,1.0342,0.0,0.0,71.39,0.0,283.773
1A,miami,restaurant_sitdown,wwr,wwr_70pct,0.7,2.06120838,0.378,0.000569572250459736,0.0,1.0637,0.0,1.0639,0.0,0.0,71.39,0.0,283.773
1A,miami,restaurant_sitdown,wwr,wwr_90pct,0.9,2.06120838,0.378,0.000569572250459736,0.0,1.0925,0.0,1.0928,0.0,0.0,71.39,0.0,283.773
3A,atlanta,retail_standalone,wwr,wwr_20pct,0.2,2.06120838,0.378,0.000569572250459736,1.0,1.0,1.0,1.0,1.0,56.92,99.63,12.391,152.472
3A,atlanta,retail_standalone,equipment,equip_high,0.2,2.06120838,0.378,0.000569572250459736,0.8716,0.953,0.6853,1.3363,0.9114,56.92,99.63,12.391,152.472
3A,atlanta,retail_standalone,equipment,equip_low,0.2,2.06120838,0.378,0.000569572250459736,1.1061,0.8021,1.2423,0.7844,0.9419,56.92,99.63,12.391,152.472
3A,atlanta,retail_standalone,glazing,double_low_e,0.2,2.06120838,0.378,0.000569572250459736,1.0,1.0,1.0,1.0,1.0,56.92,99.63,12.391,152.472
3A,atlanta,retail_standalone,glazing,double_pane,0.2,3.0,0.7,0.000569572250459736,0.9793,0.9438,0.9033,0.9833,0.9614,56.92,99.63,12.391,152.472
3A,atlanta,retail_standalone,glazing,single_pane,0.2,5.8,0.86,0.000569572250459736,1.1019,1.0061,0.9622,1.1699,1.0529,56.92,99.63,12.391,152.472
3A,atlanta,retail_standalone,glazing,triple_low_e,0.2,0.85,0.2,0.000569572250459736,0.9356,0.7975,1.0048,0.9369,0.8638,56.92,99.63,12.391,152.472
3A,atlanta,retail_standalone,infiltration,leaky,0.2,2.06120838,0.378,0.00114,1.1463,0.8677,1.2275,0.9673,0.9973,56.92,99.63,12.391,152.472
3A,atlanta,retail_standalone,infiltration,standard,0.2,2.06120838,0.378,0.000569572250459736,1.0,1.0,1.0,1.0,1.0,56.92,99.63,12.391,152.472
3A,atlanta,retail_standalone,infiltration,tight,0.2,2.06120838,0.378,0.000285,0.8816,0.8452,0.898,0.8529,0.8632,56.92,99.63,12.391,152.472
3A,atlanta,retail_standalone,lighting,lighting_high,0.2,2.06120838,0.378,0.000569572250459736,0.8446,0.9044,0.873,0.8888,0.874,56.92,99.63,12.391,152.472
3A,atlanta,retail_standalone,lighting,lighting_low,0.2,2.06120838,0.378,0.000569572250459736,1.1048,0.8002,1.1764,0.5597,0.9402,56.92,99.63,12.391,152.472
3A,atlanta,retail_standalone,people,people_high,0.2,2.06120838,0.378,0.000569572250459736,0.8246,1.0783,0.8394,1.0282,0.943,56.92,99.63,12.391,152.472
3A,atlanta,retail_standalone,people,people_low,0.2,2.06120838,0.378,0.000569572250459736,1.0943,0.709,1.1794,0.5057,0.8809,56.92,99.63,12.391,152.472
3A,atlanta,retail_standalone,schedule,sched_5day,0.2,2.06120838,0.378,0.000569572250459736,1.0631,0.8238,1.13,0.6761,0.9358,56.92,99.63,12.391,152.472
3A,atlanta,retail_standalone,schedule,sched_extended,0.2,2.06120838,0.378,0.000569572250459736,0.9522,0.8656,0.9307,0.8123,0.9078,56.92,99.63,12.391,152.472
3A,atlanta,retail_standalone,wwr,wwr_10pct,0.1,2.06120838,0.378,0.000569572250459736,0.987,0.8136,1.0474,0.7189,0.8961,56.92,99.63,12.391,152.472
3A,atlanta,retail_standalone,wwr,wwr_30pct,0.3,2.06120838,0.378,0.000569572250459736,1.003,1.1032,0.9955,0.7611,1.0519,56.92,99.63,12.391,152.472
3A,atlanta,retail_standalone,wwr,wwr_50pct,0.5,2.06120838,0.378,0.000569572250459736,1.0188,0.9168,0.968,0.8048,0.9665,56.92,99.63,12.391,152.472
3A,atlanta,retail_standalone,wwr,wwr_70pct,0.7,2.06120838,0.378,0.000569572250459736,1.0361,0.97,0.9526,0.8754,1.0025,56.92,99.63,12.391,152.472
3A,atlanta,retail_standalone,wwr,wwr_90pct,0.9,2.06120838,0.378,0.000569572250459736,1.046,1.5043,0.9488,0.9526,1.2544,56.92,99.63,12.391,152.472
5A,buffalo,retail_standalone,wwr,wwr_20pct,0.2,2.06120838,0.378,0.000569572250459736,1.0,1.0,1.0,1.0,1.0,76.29,76.6,46.71,109.387
5A,buffalo,retail_standalone,equipment,equip_high,0.2,2.06120838,0.378,0.000569572250459736,0.8912,1.1325,0.7603,1.3509,1.0046,76.29,76.6,46.71,109.387
5A,buffalo,retail_standalone,equipment,equip_low,0.2,2.06120838,0.378,0.000569572250459736,1.0524,0.9352,1.1639,0.8437,0.9921,76.29,76.6,46.71,109.387
5A,buffalo,retail_standalone,glazing,double_low_e,0.2,2.06120838,0.378,0.000569572250459736,1.0,1.0,1.0,1.0,1.0,76.29,76.6,46.71,109.387
5A,buffalo,retail_standalone,glazing,double_pane,0.2,3.0,0.7,0.000569572250459736,1.0146,1.1147,0.9598,1.1608,1.0635,76.29,76.6,46.71,109.387
5A,buffalo,retail_standalone,glazing,single_pane,0.2,5.8,0.86,0.000569572250459736,1.1281,1.1924,1.0666,1.1962,1.1598,76.29,76.6,46.71,109.387
5A,buffalo,retail_standalone,glazing,triple_low_e,0.2,0.85,0.2,0.000569572250459736,0.9391,0.9316,0.9595,0.9445,0.9353,76.29,76.6,46.71,109.387
5A,buffalo,retail_standalone,infiltration,leaky,0.2,2.06120838,0.378,0.00114,1.3572,1.0255,1.2218,0.9448,1.1797,76.29,76.6,46.71,109.387
5A,buffalo,retail_standalone,infiltration,standard,0.2,2.06120838,0.378,0.000569572250459736,1.0,1.0,1.0,1.0,1.0,76.29,76.6,46.71,109.387
5A,buffalo,retail_standalone,infiltration,tight,0.2,2.06120838,0.378,0.000285,0.935,0.988,0.8956,1.0338,0.9611,76.29,76.6,46.71,109.387
5A,buffalo,retail_standalone,lighting,lighting_high,0.2,2.06120838,0.378,0.000569572250459736,0.928,1.0806,0.8771,1.1923,1.0014,76.29,76.6,46.71,109.387
5A,buffalo,retail_standalone,lighting,lighting_low,0.2,2.06120838,0.378,0.000569572250459736,1.071,0.9197,1.1574,0.8216,0.9925,76.29,76.6,46.71,109.387
5A,buffalo,retail_standalone,people,people_high,0.2,2.06120838,0.378,0.000569572250459736,0.8883,1.343,0.8345,1.6759,1.0922,76.29,76.6,46.71,109.387
5A,buffalo,retail_standalone,people,people_low,0.2,2.06120838,0.378,0.000569572250459736,1.0413,0.8368,1.1536,0.7282,0.9335,76.29,76.6,46.71,109.387
5A,buffalo,retail_standalone,schedule,sched_5day,0.2,2.06120838,0.378,0.000569572250459736,1.0276,0.9627,1.0887,0.9098,0.9947,76.29,76.6,46.71,109.387
5A,buffalo,retail_standalone,schedule,sched_extended,0.2,2.06120838,0.378,0.000569572250459736,0.9779,1.0169,0.9501,1.0141,0.9972,76.29,76.6,46.71,109.387
5A,buffalo,retail_standalone,wwr,wwr_10pct,0.1,2.06120838,0.378,0.000569572250459736,0.9783,1.5245,1.0028,0.923,1.2213,76.29,76.6,46.71,109.387
5A,buffalo,retail_standalone,wwr,wwr_30pct,0.3,2.06120838,0.378,0.000569572250459736,1.0054,0.9873,1.0005,0.7409,0.9963,76.29,76.6,46.71,109.387
5A,buffalo,retail_standalone,wwr,wwr_50pct,0.5,2.06120838,0.378,0.000569572250459736,1.0324,1.0688,1.0072,0.7462,1.0504,76.29,76.6,46.71,109.387
5A,buffalo,retail_standalone,wwr,wwr_70pct,0.7,2.06120838,0.378,0.000569572250459736,1.06,1.1492,1.0227,0.7657,1.1037,76.29,76.6,46.71,109.387
5A,buffalo,retail_standalone,wwr,wwr_90pct,0.9,2.06120838,0.378,0.000569572250459736,1.0928,1.8236,1.0453,1.1012,1.4117,76.29,76.6,46.71,109.387
5B,denver,retail_standalone,wwr,wwr_20pct,0.2,2.06120838,0.378,0.000569572250459736,1.0,1.0,1.0,1.0,1.0,68.81,78.07,26.943,134.382
5B,denver,retail_standalone,equipment,equip_high,0.2,2.06120838,0.378,0.000569572250459736,0.8535,1.1356,0.7353,1.326,0.9845,68.81,78.07,26.943,134.382
5B,denver,retail_standalone,equipment,equip_low,0.2,2.06120838,0.378,0.000569572250459736,1.0503,0.9323,1.196,0.8487,0.9896,68.81,78.07,26.943,134.382
5B,denver,retail_standalone,glazing,double_low_e,0.2,2.06120838,0.378,0.000569572250459736,1.0,1.0,1.0,1.0,1.0,68.81,78.07,26.943,134.382
5B,denver,retail_standalone,glazing,double_pane,0.2,3.0,0.7,0.000569572250459736,0.9934,1.1202,0.9297,1.216,1.0549,68.81,78.07,26.943,134.382
5B,denver,retail_standalone,glazing,single_pane,0.2,5.8,0.86,0.000569572250459736,1.1104,1.2088,1.0219,1.2726,1.1586,68.81,78.07,26.943,134.382
5B,denver,retail_standalone,glazing,triple_low_e,0.2,0.85,0.2,0.000569572250459736,0.9448,0.932,0.9818,0.9191,0.9384,68.81,78.07,26.943,134.382
5B,denver,retail_standalone,infiltration,leaky,0.2,2.06120838,0.378,0.00114,1.1679,0.9965,1.1643,0.9376,1.0788,68.81,78.07,26.943,134.382
5B,denver,retail_standalone,infiltration,standard,0.2,2.06120838,0.378,0.000569572250459736,1.0,1.0,1.0,1.0,1.0,68.81,78.07,26.943,134.382
5B,denver,retail_standalone,infiltration,tight,0.2,2.06120838,0.378,0.000285,0.9526,1.0011,0.9259,1.0378,0.9765,68.81,78.07,26.943,134.382
5B,denver,retail_standalone,lighting,lighting_high,0.2,2.06120838,0.378,0.000569572250459736,0.905,1.0833,0.8817,1.1843,0.9901,68.81,78.07,26.943,134.382
5B,denver,retail_standalone,lighting,lighting_low,0.2,2.06120838,0.378,0.000569572250459736,1.0408,0.9171,1.1661,0.8248,0.977,68.81,78.07,26.943,134.382
5B,denver,retail_standalone,people,people_high,0.2,2.06120838,0.378,0.000569572250459736,0.8116,1.361,0.8635,1.614,1.051,68.81,78.07,26.943,134.382
5B,denver,retail_standalone,people,people_low,0.2,2.06120838,0.378,0.000569572250459736,1.0411,0.824,1.1388,0.7325,0.9262,68.81,78.07,26.943,134.382
5B,denver,retail_standalone,schedule,sched_5day,0.2,2.06120838,0.378,0.000569572250459736,1.0289,0.9614,1.1064,0.9131,0.9945,68.81,78.07,26.943,134.382
5B,denver,retail_standalone,schedule,sched_extended,0.2,2.06120838,0.378,0.000569572250459736,0.9805,1.0174,0.9418,1.0512,0.9988,68.81,78.07,26.943,134.382
5B,denver,retail_standalone,wwr,wwr_10pct,0.1,2.06120838,0.378,0.000569572250459736,0.9882,0.9531,1.0289,0.913,0.9705,68.81,78.07,26.943,134.382
5B,denver,retail_standalone,wwr,wwr_30pct,0.3,2.06120838,0.378,0.000569572250459736,0.9996,1.0149,0.9997,1.0287,1.0072,68.81,78.07,26.943,134.382
5B,denver,retail_standalone,wwr,wwr_50pct,0.5,2.06120838,0.378,0.000569572250459736,1.021,1.0876,0.9935,1.1463,1.0538,68.81,78.07,26.943,134.382
5B,denver,retail_standalone,wwr,wwr_70pct,0.7,2.06120838,0.378,0.000569572250459736,1.0482,1.1887,1.0005,1.265,1.1163,68.81,78.07,26.943,134.382
5B,denver,retail_standalone,wwr,wwr_90pct,0.9,2.06120838,0.378,0.000569572250459736,1.0821,1.3016,1.0176,1.3845,1.1868,68.81,78.07,26.943,134.382
1A,miami,retail_standalone,wwr,wwr_20pct,0.2,2.06120838,0.378,0.000569572250459736,1.0,1.0,1.0,1.0,1.0,7.49,138.79,0.094,271.84
1A,miami,retail_standalone,equipment,equip_high,0.2,2.06120838,0.378,0.000569572250459736,0.5955,0.8408,0.351,1.1479,0.7076,7.49,138.79,0.094,271.84
1A,miami,retail_standalone,equipment,equip_low,0.2,2.06120838,0.378,0.000569572250459736,1.1514,0.7348,1.6619,0.8979,0.9198,7.49,138.79,0.094,271.84
1A,miami,retail_standalone,glazing,double_low_e,0.2,2.06120838,0.378,0.000569572250459736,1.0,1.0,1.0,1.0,1.0,7.49,138.79,0.094,271.84
1A,miami,retail_standalone,glazing,double_pane,0.2,3.0,0.7,0.000569572250459736,0.973,1.0853,0.8943,1.0382,1.0276,7.49,138.79,0.094,271.84
1A,miami,retail_standalone,glazing,single_pane,0.2,5.8,0.86,0.000569572250459736,0.9697,0.8812,0.8785,0.6735,0.9244,7.49,138.79,0.094,271.84
1A,miami,retail_standalone,glazing,triple_low_e,0.2,0.85,0.2,0.000569572250459736,1.0074,0.7214,1.0457,0.5193,0.8525,7.49,138.79,0.094,271.84
1A,miami,retail_standalone,infiltration,leaky,0.2,2.06120838,0.378,0.00114,1.3541,0.8545,1.4125,0.493,1.0757,7.49,138.79,0.094,271.84
1A,miami,retail_standalone,infiltration,standard,0.2,2.06120838,0.378,0.000569572250459736,1.0,1.0,1.0,1.0,1.0,7.49,138.79,0.094,271.84
1A,miami,retail_standalone,infiltration,tight,0.2,2.06120838,0.378,0.000285,0.8434,0.6922,0.7807,0.389,0.7641,7.49,138.79,0.094,271.84
1A,miami,retail_standalone,lighting,lighting_high,0.2,2.06120838,0.378,0.000569572250459736,0.9273,0.7383,0.7561,0.4469,0.8274,7.49,138.79,0.094,271.84
1A,miami,retail_standalone,lighting,lighting_low,0.2,2.06120838,0.378,0.000569572250459736,1.0839,0.6537,1.1513,0.355,0.8418,7.49,138.79,0.094,271.84
1A,miami,retail_standalone,people,people_high,0.2,2.06120838,0.378,0.000569572250459736,0.9493,0.8962,0.8497,0.5758,0.9224,7.49,138.79,0.094,271.84
1A,miami,retail_standalone,people,people_low,0.2,2.06120838,0.378,0.000569572250459736,1.0289,0.5972,1.0915,0.3634,0.7839,7.49,138.79,0.094,271.84
1A,miami,retail_standalone,schedule,sched_5day,0.2,2.06120838,0.378,0.000569572250459736,1.0882,0.6761,1.233,0.3901,0.8578,7.49,138.79,0.094,271.84
1A,miami,retail_standalone,schedule,sched_extended,0.2,2.06120838,0.378,0.000569572250459736,0.9453,0.7049,0.7686,0.3746,0.8163,7.49,138.79,0.094,271.84
1A,miami,retail_standalone,wwr,wwr_10pct,0.1,2.06120838,0.378,0.000569572250459736,1.0037,0.6293,0.9675,0.3027,0.7948,7.49,138.79,0.094,271.84
1A,miami,retail_standalone,wwr,wwr_30pct,0.3,2.06120838,0.378,0.000569572250459736,0.9989,0.6623,0.9327,0.2817,0.8134,7.49,138.79,0.094,271.84
1A,miami,retail_standalone,wwr,wwr_50pct,0.5,2.06120838,0.378,0.000569572250459736,0.9951,0.722,0.9074,0.2836,0.8476,7.49,138.79,0.094,271.84
1A,miami,retail_standalone,wwr,wwr_70pct,0.7,2.06120838,0.378,0.000569572250459736,0.9915,0.76,0.8953,0.3273,0.868,7.49,138.79,0.094,271.84
1A,miami,retail_standalone,wwr,wwr_90pct,0.9,2.06120838,0.378,0.000569572250459736,0.9961,0.8248,0.8914,0.3099,0.9064,7.49,138.79,0.094,271.84
3A,atlanta,retail_stripmall,wwr,wwr_20pct,0.2,2.06120838,0.378,0.000569572250459736,1.0,1.0,1.0,1.0,1.0,98.71,122.59,11.343,149.81
3A,atlanta,retail_stripmall,equipment,equip_high,0.2,2.06120838,0.378,0.000569572250459736,0.9234,1.0707,0.6443,1.1923,0.9943,98.71,122.59,11.343,149.81
3A,atlanta,retail_stripmall,equipment,equip_low,0.2,2.06120838,0.378,0.000569572250459736,1.03,0.9623,1.2275,0.9073,0.9956,98.71,122.59,11.343,149.81
3A,atlanta,retail_stripmall,glazing,double_low_e,0.2,2.06120838,0.378,0.000569572250459736,1.0,1.0,1.0,1.0,1.0,98.71,122.59,11.343,149.81
3A,atlanta,retail_stripmall,glazing,double_pane,0.2,3.0,0.7,0.000569572250459736,0.944,1.0719,0.668,1.164,1.0059,98.71,122.59,11.343,149.81
3A,atlanta,retail_stripmall,glazing,single_pane,0.2,5.8,0.86,0.000569572250459736,1.0255,1.1343,0.6993,1.2437,1.0785,98.71,122.59,11.343,149.81
3A,atlanta,retail_stripmall,glazing,triple_low_e,0.2,0.85,0.2,0.000569572250459736,1.0045,0.9576,1.1092,0.9246,0.9808,98.71,122.59,11.343,149.81
3A,atlanta,retail_stripmall,infiltration,leaky,0.2,2.06120838,0.378,0.00114,1.1356,1.0077,1.2987,0.9901,1.0697,98.71,122.59,11.343,149.81
3A,atlanta,retail_stripmall,infiltration,standard,0.2,2.06120838,0.378,0.000569572250459736,1.0,1.0,1.0,1.0,1.0,98.71,122.59,11.343,149.81
3A,atlanta,retail_stripmall,infiltration,tight,0.2,2.06120838,0.378,0.000285,0.8875,0.9964,0.8551,1.0044,0.9404,98.71,122.59,11.343,149.81
3A,atlanta,retail_stripmall,lighting,lighting_high,0.2,2.06120838,0.378,0.000569572250459736,0.9004,1.0663,0.6715,1.1882,0.9798,98.71,122.59,11.343,149.81
3A,atlanta,retail_stripmall,lighting,lighting_low,0.2,2.06120838,0.378,0.000569572250459736,1.0775,0.9311,1.4674,0.8225,1.0016,98.71,122.59,11.343,149.81
3A,atlanta,retail_stripmall,people,people_high,0.2,2.06120838,0.378,0.000569572250459736,1.0,1.0,1.0,1.0,1.0,98.71,122.59,11.343,149.81
3A,atlanta,retail_stripmall,people,people_low,0.2,2.06120838,0.378,0.000569572250459736,1.0,1.0,1.0,1.0,1.0,98.71,122.59,11.343,149.81
3A,atlanta,retail_stripmall,schedule,sched_5day,0.2,2.06120838,0.378,0.000569572250459736,1.0,1.0,1.0,1.0,1.0,98.71,122.59,11.343,149.81
3A,atlanta,retail_stripmall,schedule,sched_extended,0.2,2.06120838,0.378,0.000569572250459736,1.0,1.0,1.0,1.0,1.0,98.71,122.59,11.343,149.81
3A,atlanta,retail_stripmall,wwr,wwr_10pct,0.1,2.06120838,0.378,0.000569572250459736,1.0159,0.9821,1.0871,0.9618,0.9989,98.71,122.59,11.343,149.81
3A,atlanta,retail_stripmall,wwr,wwr_30pct,0.3,2.06120838,0.378,0.000569572250459736,0.9652,1.0435,0.8434,1.0838,1.0036,98.71,122.59,11.343,149.81
3A,atlanta,retail_stripmall,wwr,wwr_50pct,0.5,2.06120838,0.378,0.000569572250459736,0.9936,1.1156,0.6753,1.209,1.0528,98.71,122.59,11.343,149.81
3A,atlanta,retail_stripmall,wwr,wwr_70pct,0.7,2.06120838,0.378,0.000569572250459736,1.0189,1.1869,0.5627,1.3371,1.0997,98.71,122.59,11.343,149.81
3A,atlanta,retail_stripmall,wwr,wwr_90pct,0.9,2.06120838,0.378,0.000569572250459736,1.041,1.2564,0.4906,1.4681,1.1436,98.71,122.59,11.343,149.81
5A,buffalo,retail_stripmall,wwr,wwr_20pct,0.2,2.06120838,0.378,0.000569572250459736,1.0,1.0,1.0,1.0,1.0,121.94,101.58,55.82,72.233
5A,buffalo,retail_stripmall,equipment,equip_high,0.2,2.06120838,0.378,0.000569572250459736,0.9723,1.0823,0.7711,1.2662,1.0258,121.94,101.58,55.82,72.233
5A,buffalo,retail_stripmall,equipment,equip_low,0.2,2.06120838,0.378,0.000569572250459736,1.012,0.9588,1.1277,0.8761,0.9851,121.94,101.58,55.82,72.233
5A,buffalo,retail_stripmall,glazing,double_low_e,0.2,2.06120838,0.378,0.000569572250459736,1.0,1.0,1.0,1.0,1.0,121.94,101.58,55.82,72.233
5A,buffalo,retail_stripmall,glazing,double_pane,0.2,3.0,0.7,0.000569572250459736,1.0082,1.0917,0.89,1.198,1.0491,121.94,101.58,55.82,72.233
5A,buffalo,retail_stripmall,glazing,single_pane,0.2,5.8,0.86,0.000569572250459736,1.0738,1.1632,0.991,1.2725,1.1176,121.94,101.58,55.82,72.233
5A,buffalo,retail_stripmall,glazing,triple_low_e,0.2,0.85,0.2,0.000569572250459736,0.9582,0.9421,0.9741,0.9212,0.9501,121.94,101.58,55.82,72.233
5A,buffalo,retail_stripmall,infiltration,leaky,0.2,2.06120838,0.378,0.00114,1.0707,1.0143,1.2221,0.9626,1.0421,121.94,101.58,55.82,72.233
5A,buffalo,retail_stripmall,infiltration,standard,0.2,2.06120838,0.378,0.000569572250459736,1.0,1.0,1.0,1.0,1.0,121.94,101.58,55.82,72.233
5A,buffalo,retail_stripmall,infiltration,tight,0.2,2.06120838,0.378,0.000285,0.9428,0.9922,0.8885,1.0198,0.9672,121.94,101.58,55.82,72.233
5A,buffalo,retail_stripmall,lighting,lighting_high,0.2,2.06120838,0.378,0.000569572250459736,0.9824,1.085,0.7644,1.2897,1.0324,121.94,101.58,55.82,72.233
5A,buffalo,retail_stripmall,lighting,lighting_low,0.2,2.06120838,0.378,0.000569572250459736,1.0362,0.9155,1.2817,0.7446,0.974,121.94,101.58,55.82,72.233
5A,buffalo,retail_stripmall,people,people_high,0.2,2.06120838,0.378,0.000569572250459736,1.0,1.0,1.0,1.0,1.0,121.94,101.58,55.82,72.233
5A,buffalo,retail_stripmall,people,people_low,0.2,2.06120838,0.378,0.000569572250459736,1.0,1.0,1.0,1.0,1.0,121.94,101.58,55.82,72.233
5A,buffalo,retail_stripmall,schedule,sched_5day,0.2,2.06120838,0.378,0.000569572250459736,1.0,1.0,1.0,1.0,1.0,121.94,101.58,55.82,72.233
5A,buffalo,retail_stripmall,schedule,sched_extended,0.2,2.06120838,0.378,0.000569572250459736,1.0,1.0,1.0,1.0,1.0,121.94,101.58,55.82,72.233
5A,buffalo,retail_stripmall,wwr,wwr_10pct,0.1,2.06120838,0.378,0.000569572250459736,0.988,0.9729,1.0074,0.9558,0.9805,121.94,101.58,55.82,72.233
5A,buffalo,retail_stripmall,wwr,wwr_30pct,0.3,2.06120838,0.378,0.000569572250459736,1.0209,1.06,0.9836,1.0962,1.0403,121.94,101.58,55.82,72.233
5A,buffalo,retail_stripmall,wwr,wwr_50pct,0.5,2.06120838,0.378,0.000569572250459736,1.0535,1.1458,0.9637,1.238,1.0986,121.94,101.58,55.82,72.233
5A,buffalo,retail_stripmall,wwr,wwr_70pct,0.7,2.06120838,0.378,0.000569572250459736,1.0874,1.2348,0.9485,1.3796,1.1587,121.94,101.58,55.82,72.233
5A,buffalo,retail_stripmall,wwr,wwr_90pct,0.9,2.06120838,0.378,0.000569572250459736,1.121,1.3192,0.938,1.5222,1.2161,121.94,101.58,55.82,72.233
5B,denver,retail_stripmall,wwr,wwr_20pct,0.2,2.06120838,0.378,0.000569572250459736,1.0,1.0,1.0,1.0,1.0,100.79,82.06,22.487,86.597
5B,denver,retail_stripmall,equipment,equip_high,0.2,2.06120838,0.378,0.000569572250459736,0.9289,1.0966,0.6709,1.2674,1.0093,100.79,82.06,22.487,86.597
5B,denver,retail_stripmall,equipment,equip_low,0.2,2.06120838,0.378,0.000569572250459736,1.0366,0.9516,1.2131,0.879,0.9932,100.79,82.06,22.487,86.597
5B,denver,retail_stripmall,glazing,double_low_e,0.2,2.06120838,0.378,0.000569572250459736,1.0,1.0,1.0,1.0,1.0,100.79,82.06,22.487,86.597
5B,denver,retail_stripmall,glazing,double_pane,0.2,3.0,0.7,0.000569572250459736,0.9994,1.1223,0.7092,1.2958,1.059,100.79,82.06,22.487,86.597
5B,denver,retail_stripmall,glazing,single_pane,0.2,5.8,0.86,0.000569572250459736,1.1591,1.219,0.8104,1.4142,1.1887,100.79,82.06,22.487,86.597
5B,denver,retail_stripmall,glazing,triple_low_e,0.2,0.85,0.2,0.000569572250459736,0.9472,0.9219,1.0778,0.8906,0.9345,100.79,82.06,22.487,86.597
5B,denver,retail_stripmall,infiltration,leaky,0.2,2.06120838,0.378,0.00114,1.1017,0.9964,1.2433,0.9578,1.0477,100.79,82.06,22.487,86.597
5B,denver,retail_stripmall,infiltration,standard,0.2,2.06120838,0.378,0.000569572250459736,1.0,1.0,1.0,1.0,1.0,100.79,82.06,22.487,86.597
5B,denver,retail_stripmall,infiltration,tight,0.2,2.06120838,0.378,0.000285,0.9341,1.002,0.8868,1.0239,0.9675,100.79,82.06,22.487,86.597
5B,denver,retail_stripmall,lighting,lighting_high,0.2,2.06120838,0.378,0.000569572250459736,0.9018,1.1008,0.6729,1.2928,0.9963,100.79,82.06,22.487,86.597
5B,denver,retail_stripmall,lighting,lighting_low,0.2,2.06120838,0.378,0.000569572250459736,1.0958,0.8989,1.4815,0.7503,0.9925,100.79,82.06,22.487,86.597
5B,denver,retail_stripmall,people,people_high,0.2,2.06120838,0.378,0.000569572250459736,1.0,1.0,1.0,1.0,1.0,100.79,82.06,22.487,86.597
5B,denver,retail_stripmall,people,people_low,0.2,2.06120838,0.378,0.000569572250459736,1.0,1.0,1.0,1.0,1.0,100.79,82.06,22.487,86.597
5B,denver,retail_stripmall,schedule,sched_5day,0.2,2.06120838,0.378,0.000569572250459736,1.0,1.0,1.0,1.0,1.0,100.79,82.06,22.487,86.597
5B,denver,retail_stripmall,schedule,sched_extended,0.2,2.06120838,0.378,0.000569572250459736,1.0,1.0,1.0,1.0,1.0,100.79,82.06,22.487,86.597
5B,denver,retail_stripmall,wwr,wwr_10pct,0.1,2.06120838,0.378,0.000569572250459736,0.9806,0.9624,1.071,0.939,0.9714,100.79,82.06,22.487,86.597
5B,denver,retail_stripmall,wwr,wwr_30pct,0.3,2.06120838,0.378,0.000569572250459736,1.0369,1.0819,0.8855,1.1401,1.0591,100.79,82.06,22.487,86.597
5B,denver,retail_stripmall,wwr,wwr_50pct,0.5,2.06120838,0.378,0.000569572250459736,1.1086,1.1997,0.7877,1.366,1.1532,100.79,82.06,22.487,86.597
5B,denver,retail_stripmall,wwr,wwr_70pct,0.7,2.06120838,0.378,0.000569572250459736,1.1702,1.3747,0.7437,1.6091,1.2684,100.79,82.06,22.487,86.597
5B,denver,retail_stripmall,wwr,wwr_90pct,0.9,2.06120838,0.378,0.000569572250459736,1.2556,1.5673,0.7276,1.8611,1.4028,100.79,82.06,22.487,86.597
1A,miami,retail_stripmall,wwr,wwr_20pct,0.2,2.06120838,0.378,0.000569572250459736,1.0,1.0,1.0,1.0,1.0,1.17,154.88,0.001,346.374
1A,miami,retail_stripmall,equipment,equip_high,0.2,2.06120838,0.378,0.000569572250459736,0.7876,1.066,0.7249,1.1086,0.9163,1.17,154.88,0.001,346.374
1A,miami,retail_stripmall,equipment,equip_low,0.2,2.06120838,0.378,0.000569572250459736,1.1394,0.9676,1.1957,0.9449,1.05,1.17,154.88,0.001,346.374
1A,miami,retail_stripmall,glazing,double_low_e,0.2,2.06120838,0.378,0.000569572250459736,1.0,1.0,1.0,1.0,1.0,1.17,154.88,0.001,346.374
1A,miami,retail_stripmall,glazing,double_pane,0.2,3.0,0.7,0.000569572250459736,0.6485,1.0878,0.5849,1.098,0.8399,1.17,154.88,0.001,346.374
1A,miami,retail_stripmall,glazing,single_pane,0.2,5.8,0.86,0.000569572250459736,0.6719,1.1603,0.606,1.155,0.8829,1.17,154.88,0.001,346.374
1A,miami,retail_stripmall,glazing,triple_low_e,0.2,0.85,0.2,0.000569572250459736,1.1004,0.9727,1.2135,0.946,1.0346,1.17,154.88,0.001,346.374
1A,miami,retail_stripmall,infiltration,leaky,0.2,2.06120838,0.378,0.00114,2.7263,1.0073,4.0753,1.0121,1.6572,1.17,154.88,0.001,346.374
1A,miami,retail_stripmall,infiltration,standard,0.2,2.06120838,0.378,0.000569572250459736,1.0,1.0,1.0,1.0,1.0,1.17,154.88,0.001,346.374
1A,miami,retail_stripmall,infiltration,tight,0.2,2.06120838,0.378,0.000285,0.5472,0.9973,0.4931,0.9919,0.7387,1.17,154.88,0.001,346.374
1A,miami,retail_stripmall,lighting,lighting_high,0.2,2.06120838,0.378,0.000569572250459736,0.7606,1.067,0.6858,1.114,0.9009,1.17,154.88,0.001,346.374
1A,miami,retail_stripmall,lighting,lighting_low,0.2,2.06120838,0.378,0.000569572250459736,1.3267,0.9378,1.6081,0.884,1.1155,1.17,154.88,0.001,346.374
1A,miami,retail_stripmall,people,people_high,0.2,2.06120838,0.378,0.000569572250459736,1.0,1.0,1.0,1.0,1.0,1.17,154.88,0.001,346.374
1A,miami,retail_stripmall,people,people_low,0.2,2.06120838,0.378,0.000569572250459736,1.0,1.0,1.0,1.0,1.0,1.17,154.88,0.001,346.374
1A,miami,retail_stripmall,schedule,sched_5day,0.2,2.06120838,0.378,0.000569572250459736,1.0,1.0,1.0,1.0,1.0,1.17,154.88,0.001,346.374
1A,miami,retail_stripmall,schedule,sched_extended,0.2,2.06120838,0.378,0.000569572250459736,1.0,1.0,1.0,1.0,1.0,1.17,154.88,0.001,346.374
1A,miami,retail_stripmall,wwr,wwr_10pct,0.1,2.06120838,0.378,0.000569572250459736,1.0943,0.9874,1.1427,0.9757,1.0395,1.17,154.88,0.001,346.374
1A,miami,retail_stripmall,wwr,wwr_30pct,0.3,2.06120838,0.378,0.000569572250459736,0.7944,1.0397,0.756,1.0519,0.9088,1.17,154.88,0.001,346.374
1A,miami,retail_stripmall,wwr,wwr_50pct,0.5,2.06120838,0.378,0.000569572250459736,0.5488,1.1341,0.4952,1.1262,0.7889,1.17,154.88,0.001,346.374
1A,miami,retail_stripmall,wwr,wwr_70pct,0.7,2.06120838,0.378,0.000569572250459736,0.3802,1.2329,0.344,1.199,0.6846,1.17,154.88,0.001,346.374
1A,miami,retail_stripmall,wwr,wwr_90pct,0.9,2.06120838,0.378,0.000569572250459736,0.3263,1.3333,0.2958,1.2706,0.6596,1.17,154.88,0.001,346.374
3A,atlanta,school_primary,wwr,wwr_20pct,0.2,2.06120838,0.378,0.000569572250459736,1.0,1.0,1.0,1.0,1.0,245.0,424.56,14.675,710.829
3A,atlanta,school_primary,equipment,equip_high,0.2,2.06120838,0.378,0.000569572250459736,0.6818,1.1679,0.7744,1.4142,0.8923,245.0,424.56,14.675,710.829
3A,atlanta,school_primary,equipment,equip_low,0.2,2.06120838,0.378,0.000569572250459736,1.2323,0.9085,1.3896,0.8014,1.058,245.0,424.56,14.675,710.829
3A,atlanta,school_primary,glazing,double_low_e,0.2,2.06120838,0.378,0.000569572250459736,1.0,1.0,1.0,1.0,1.0,245.0,424.56,14.675,710.829
3A,atlanta,school_primary,glazing,double_pane,0.2,3.0,0.7,0.000569572250459736,1.01,1.1035,0.9215,1.1831,1.0557,245.0,424.56,14.675,710.829
3A,atlanta,school_primary,glazing,single_pane,0.2,5.8,0.86,0.000569572250459736,1.2674,1.1714,1.2349,1.2221,1.2185,245.0,424.56,14.675,710.829
3A,atlanta,school_primary,glazing,triple_low_e,0.2,0.85,0.2,0.000569572250459736,0.925,0.9366,0.9205,0.9381,0.9308,245.0,424.56,14.675,710.829
3A,atlanta,school_primary,infiltration,leaky,0.2,2.06120838,0.378,0.00114,1.1277,1.0052,1.1516,0.9826,1.0647,245.0,424.56,14.675,710.829
3A,atlanta,school_primary,infiltration,standard,0.2,2.06120838,0.378,0.000569572250459736,1.0,1.0,1.0,1.0,1.0,245.0,424.56,14.675,710.829
3A,atlanta,school_primary,infiltration,tight,0.2,2.06120838,0.378,0.000285,0.9365,0.9974,0.9445,1.0094,0.9665,245.0,424.56,14.675,710.829
3A,atlanta,school_primary,lighting,lighting_high,0.2,2.06120838,0.378,0.000569572250459736,1.0074,1.0327,0.9031,1.078,1.02,245.0,424.56,14.675,710.829
3A,atlanta,school_primary,lighting,lighting_low,0.2,2.06120838,0.378,0.000569572250459736,1.1164,0.9666,1.138,0.923,1.0388,245.0,424.56,14.675,710.829
3A,atlanta,school_primary,people,people_high,0.2,2.06120838,0.378,0.000569572250459736,1.0593,1.3028,0.9339,1.4131,1.1748,245.0,424.56,14.675,710.829
3A,atlanta,school_primary,people,people_low,0.2,2.06120838,0.378,0.000569572250459736,1.0505,0.851,1.1063,0.7986,0.9455,245.0,424.56,14.675,710.829
3A,atlanta,school_primary,schedule,sched_5day,0.2,2.06120838,0.378,0.000569572250459736,1.1297,0.9557,1.1714,0.9142,1.0391,245.0,424.56,14.675,710.829
3A,atlanta,school_primary,schedule,sched_extended,0.2,2.06120838,0.378,0.000569572250459736,1.0216,1.0227,0.9268,1.0565,1.0222,245.0,424.56,14.675,710.829
3A,atlanta,school_primary,wwr,wwr_10pct,0.1,2.06120838,0.378,0.000569572250459736,0.9583,0.9254,1.0517,0.8824,0.9417,245.0,424.56,14.675,710.829
3A,atlanta,school_primary,wwr,wwr_30pct,0.3,2.06120838,0.378,0.000569572250459736,0.9918,0.9847,1.0084,0.9743,0.9883,245.0,424.56,14.675,710.829
3A,atlanta,school_primary,wwr,wwr_50pct,0.5,2.06120838,0.378,0.000569572250459736,1.0241,1.0404,0.984,1.0667,1.0322,245.0,424.56,14.675,710.829
3A,atlanta,school_primary,wwr,wwr_70pct,0.7,2.06120838,0.378,0.000569572250459736,1.0521,1.0948,0.9675,1.1613,1.0732,245.0,424.56,14.675,710.829
3A,atlanta,school_primary,wwr,wwr_90pct,0.9,2.06120838,0.378,0.000569572250459736,1.0757,1.1496,0.9629,1.2594,1.112,245.0,424.56,14.675,710.829
5A,buffalo,school_primary,wwr,wwr_20pct,0.2,2.06120838,0.378,0.000569572250459736,1.0,1.0,1.0,1.0,1.0,359.2,394.66,55.579,465.161
5A,buffalo,school_primary,equipment,equip_high,0.2,2.06120838,0.378,0.000569572250459736,0.7632,1.2147,0.6363,1.595,0.9628,359.2,394.66,55.579,465.161
5A,buffalo,school_primary,equipment,equip_low,0.2,2.06120838,0.378,0.000569572250459736,1.1107,0.8839,1.4187,0.7335,0.9908,359.2,394.66,55.579,465.161
5A,buffalo,school_primary,glazing,double_low_e,0.2,2.06120838,0.378,0.000569572250459736,1.0,1.0,1.0,1.0,1.0,359.2,394.66,55.579,465.161
5A,buffalo,school_primary,glazing,double_pane,0.2,3.0,0.7,0.000569572250459736,1.0348,1.127,1.0236,1.1791,1.08,359.2,394.66,55.579,465.161
5A,buffalo,school_primary,glazing,single_pane,0.2,5.8,0.86,0.000569572250459736,1.2232,1.2001,1.6053,1.1427,1.2116,359.2,394.66,55.579,465.161
5A,buffalo,school_primary,glazing,triple_low_e,0.2,0.85,0.2,0.000569572250459736,0.8831,0.929,0.7761,0.9945,0.9058,359.2,394.66,55.579,465.161
5A,buffalo,school_primary,infiltration,leaky,0.2,2.06120838,0.378,0.00114,1.0738,1.0016,1.2515,0.9423,1.037,359.2,394.66,55.579,465.161
5A,buffalo,school_primary,infiltration,standard,0.2,2.06120838,0.378,0.000569572250459736,1.0,1.0,1.0,1.0,1.0,359.2,394.66,55.579,465.161
5A,buffalo,school_primary,infiltration,tight,0.2,2.06120838,0.378,0.000285,0.9576,0.9987,0.8941,1.0351,0.9779,359.2,394.66,55.579,465.161
5A,buffalo,school_primary,lighting,lighting_high,0.2,2.06120838,0.378,0.000569572250459736,1.0094,1.0353,0.8719,1.1003,1.0223,359.2,394.66,55.579,465.161
5A,buffalo,school_primary,lighting,lighting_low,0.2,2.06120838,0.378,0.000569572250459736,1.0626,0.9628,1.1612,0.9031,1.0115,359.2,394.66,55.579,465.161
5A,buffalo,school_primary,people,people_high,0.2,2.06120838,0.378,0.000569572250459736,0.9614,1.3701,0.8393,1.6056,1.1477,359.2,394.66,55.579,465.161
5A,buffalo,school_primary,people,people_low,0.2,2.06120838,0.378,0.000569572250459736,1.0429,0.8173,1.2067,0.7348,0.9233,359.2,394.66,55.579,465.161
5A,buffalo,school_primary,schedule,sched_5day,0.2,2.06120838,0.378,0.000569572250459736,1.0629,0.945,1.1915,0.8866,1.0022,359.2,394.66,55.579,465.161
5A,buffalo,school_primary,schedule,sched_extended,0.2,2.06120838,0.378,0.000569572250459736,0.9617,1.0283,0.8975,1.0763,0.9944,359.2,394.66,55.579,465.161
5A,buffalo,school_primary,wwr,wwr_10pct,0.1,2.06120838,0.378,0.000569572250459736,0.8856,0.8929,0.8548,0.9192,0.8892,359.2,394.66,55.579,465.161
5A,buffalo,school_primary,wwr,wwr_30pct,0.3,2.06120838,0.378,0.000569572250459736,0.9806,0.9786,0.9723,0.9805,0.9796,359.2,394.66,55.579,465.161
5A,buffalo,school_primary,wwr,wwr_50pct,0.5,2.06120838,0.378,0.000569572250459736,1.0608,1.0567,1.1078,1.0464,1.0587,359.2,394.66,55.579,465.161
5A,buffalo,school_primary,wwr,wwr_70pct,0.7,2.06120838,0.378,0.000569572250459736,1.1156,1.1312,1.2506,1.1175,1.1234,359.2,394.66,55.579,465.161
5A,buffalo,school_primary,wwr,wwr_90pct,0.9,2.06120838,0.378,0.000569572250459736,1.1637,1.2062,1.4019,1.1946,1.1848,359.2,394.66,55.579,465.161
5B,denver,school_primary,wwr,wwr_20pct,0.2,2.06120838,0.378,0.000569572250459736,1.0,1.0,1.0,1.0,1.0,266.78,391.48,28.205,567.91
5B,denver,school_primary,equipment,equip_high,0.2,2.06120838,0.378,0.000569572250459736,0.6842,1.21,0.7002,1.5146,0.9099,266.78,391.48,28.205,567.91
5B,denver,school_primary,equipment,equip_low,0.2,2.06120838,0.378,0.000569572250459736,1.2011,0.8871,1.4206,0.7594,1.0322,266.78,391.48,28.205,567.91
5B,denver,school_primary,glazing,double_low_e,0.2,2.06120838,0.378,0.000569572250459736,1.0,1.0,1.0,1.0,1.0,266.78,391.48,28.205,567.91
5B,denver,school_primary,glazing,double_pane,0.2,3.0,0.7,0.000569572250459736,1.1028,1.1302,0.9774,1.2304,1.1164,266.78,391.48,28.205,567.91
5B,denver,school_primary,glazing,single_pane,0.2,5.8,0.86,0.000569572250459736,1.3937,1.2004,1.6111,1.2268,1.2934,266.78,391.48,28.205,567.91
5B,denver,school_primary,glazing,triple_low_e,0.2,0.85,0.2,0.000569572250459736,0.8208,0.929,0.8342,0.9584,0.8732,266.78,391.48,28.205,567.91
5B,denver,school_primary,infiltration,leaky,0.2,2.06120838,0.378,0.00114,1.0966,0.9931,1.1451,0.9538,1.0436,266.78,391.48,28.205,567.91
5B,denver,school_primary,infiltration,standard,0.2,2.06120838,0.378,0.000569572250459736,1.0,1.0,1.0,1.0,1.0,266.78,391.48,28.205,567.91
5B,denver,school_primary,infiltration,tight,0.2,2.06120838,0.378,0.000285,0.9527,1.0033,0.9385,1.0274,0.9777,266.78,391.48,28.205,567.91
5B,denver,school_primary,lighting,lighting_high,0.2,2.06120838,0.378,0.000569572250459736,0.9076,1.036,0.8895,1.0897,0.9697,266.78,391.48,28.205,567.91
5B,denver,school_primary,lighting,lighting_low,0.2,2.06120838,0.378,0.000569572250459736,1.1133,0.9633,1.1595,0.9121,1.0356,266.78,391.48,28.205,567.91
5B,denver,school_primary,people,people_high,0.2,2.06120838,0.378,0.000569572250459736,0.9492,1.3739,0.8806,1.5112,1.142,266.78,391.48,28.205,567.91
5B,denver,school_primary,people,people_low,0.2,2.06120838,0.378,0.000569572250459736,1.0973,0.8132,1.1563,0.7571,0.9446,266.78,391.48,28.205,567.91
5B,denver,school_primary,schedule,sched_5day,0.2,2.06120838,0.378,0.000569572250459736,1.1071,0.9464,1.1737,0.8958,1.0236,266.78,391.48,28.205,567.91
5B,denver,school_primary,schedule,sched_extended,0.2,2.06120838,0.378,0.000569572250459736,0.9154,1.0288,0.9104,1.0686,0.9704,266.78,391.48,28.205,567.91
5B,denver,school_primary,wwr,wwr_10pct,0.1,2.06120838,0.378,0.000569572250459736,0.9148,0.8961,0.9461,0.8765,0.9054,266.78,391.48,28.205,567.91
5B,denver,school_primary,wwr,wwr_30pct,0.3,2.06120838,0.378,0.000569572250459736,0.966,0.9787,0.9882,0.9704,0.9723,266.78,391.48,28.205,567.91
5B,denver,school_primary,wwr,wwr_50pct,0.5,2.06120838,0.378,0.000569572250459736,1.1223,1.0557,1.0822,1.0683,1.0885,266.78,391.48,28.205,567.91
5B,denver,school_primary,wwr,wwr_70pct,0.7,2.06120838,0.378,0.000569572250459736,1.2046,1.131,1.2165,1.1712,1.1672,266.78,391.48,28.205,567.91
5B,denver,school_primary,wwr,wwr_90pct,0.9,2.06120838,0.378,0.000569572250459736,1.264,1.2221,1.3854,1.2801,1.2429,266.78,391.48,28.205,567.91
1A,miami,school_primary,wwr,wwr_20pct,0.2,2.06120838,0.378,0.000569572250459736,1.0,1.0,1.0,1.0,1.0,63.3,494.82,1.357,1088.23
1A,miami,school_primary,equipment,equip_high,0.2,2.06120838,0.378,0.000569572250459736,1.0001,1.1359,0.9591,1.2867,1.0658,63.3,494.82,1.357,1088.23
1A,miami,school_primary,equipment,equip_low,0.2,2.06120838,0.378,0.000569572250459736,1.0066,0.93,1.0229,0.8594,0.9676,63.3,494.82,1.357,1088.23
1A,miami,school_primary,glazing,double_low_e,0.2,2.06120838,0.378,0.000569572250459736,1.0,1.0,1.0,1.0,1.0,63.3,494.82,1.357,1088.23
1A,miami,school_primary,glazing,double_pane,0.2,3.0,0.7,0.000569572250459736,0.9868,1.0864,0.9299,1.1468,1.0354,63.3,494.82,1.357,1088.23
1A,miami,school_primary,glazing,single_pane,0.2,5.8,0.86,0.000569572250459736,0.9881,1.1478,0.9206,1.2188,1.065,63.3,494.82,1.357,1088.23
1A,miami,school_primary,glazing,triple_low_e,0.2,0.85,0.2,0.000569572250459736,1.0024,0.9454,1.0317,0.9254,0.9735,63.3,494.82,1.357,1088.23
1A,miami,school_primary,infiltration,leaky,0.2,2.06120838,0.378,0.00114,1.0053,1.009,1.0043,1.0157,1.0071,63.3,494.82,1.357,1088.23
1A,miami,school_primary,infiltration,standard,0.2,2.06120838,0.378,0.000569572250459736,1.0,1.0,1.0,1.0,1.0,63.3,494.82,1.357,1088.23
1A,miami,school_primary,infiltration,tight,0.2,2.06120838,0.378,0.000285,0.9972,0.9955,0.9958,0.9897,0.9964,63.3,494.82,1.357,1088.23
1A,miami,school_primary,lighting,lighting_high,0.2,2.06120838,0.378,0.000569572250459736,0.9905,1.026,0.9681,1.0549,1.0081,63.3,494.82,1.357,1088.23
1A,miami,school_primary,lighting,lighting_low,0.2,2.06120838,0.378,0.000569572250459736,1.019,0.9737,1.0305,0.9453,0.9961,63.3,494.82,1.357,1088.23
1A,miami,school_primary,people,people_high,0.2,2.06120838,0.378,0.000569572250459736,0.9992,1.2498,0.9974,1.275,1.1175,63.3,494.82,1.357,1088.23
1A,miami,school_primary,people,people_low,0.2,2.06120838,0.378,0.000569572250459736,1.0004,0.8729,1.0014,0.8626,0.9344,63.3,494.82,1.357,1088.23
1A,miami,school_primary,schedule,sched_5day,0.2,2.06120838,0.378,0.000569572250459736,1.0036,0.9676,1.0114,0.9399,0.9854,63.3,494.82,1.357,1088.23
1A,miami,school_primary,schedule,sched_extended,0.2,2.06120838,0.378,0.000569572250459736,0.9972,1.0154,0.99,1.04,1.0062,63.3,494.82,1.357,1088.23
1A,miami,school_primary,wwr,wwr_10pct,0.1,2.06120838,0.378,0.000569572250459736,1.02,0.9436,1.0654,0.9029,0.9811,63.3,494.82,1.357,1088.23
1A,miami,school_primary,wwr,wwr_30pct,0.3,2.06120838,0.378,0.000569572250459736,1.0022,0.9881,1.0106,0.9792,0.9952,63.3,494.82,1.357,1088.23
1A,miami,school_primary,wwr,wwr_50pct,0.5,2.06120838,0.378,0.000569572250459736,0.9959,1.0314,0.9691,1.0552,1.0135,63.3,494.82,1.357,1088.23
1A,miami,school_primary,wwr,wwr_70pct,0.7,2.06120838,0.378,0.000569572250459736,0.9888,1.0746,0.9356,1.1321,1.0308,63.3,494.82,1.357,1088.23
1A,miami,school_primary,wwr,wwr_90pct,0.9,2.06120838,0.378,0.000569572250459736,0.9799,1.1187,0.9083,1.2111,1.047,63.3,494.82,1.357,1088.23
3A,atlanta,school_secondary,wwr,wwr_20pct,0.2,2.06120838,0.378,0.000569572250459736,1.0,1.0,1.0,1.0,1.0,483.79,1304.13,29.169,2291.49
3A,atlanta,school_secondary,equipment,equip_high,0.2,2.06120838,0.378,0.000569572250459736,0.6084,1.1379,0.8503,1.2762,0.8321,483.79,1304.13,29.169,2291.49
3A,atlanta,school_secondary,equipment,equip_low,0.2,2.06120838,0.378,0.000569572250459736,1.425,0.9222,1.2463,0.8637,1.1463,483.79,1304.13,29.169,2291.49
3A,atlanta,school_secondary,glazing,double_low_e,0.2,2.06120838,0.378,0.000569572250459736,1.0,1.0,1.0,1.0,1.0,483.79,1304.13,29.169,2291.49
3A,atlanta,school_secondary,glazing,double_pane,0.2,3.0,0.7,0.000569572250459736,1.0206,1.121,0.9495,1.1549,1.0696,483.79,1304.13,29.169,2291.49
3A,atlanta,school_secondary,glazing,single_pane,0.2,5.8,0.86,0.000569572250459736,1.4431,1.1845,1.2564,1.1802,1.3074,483.79,1304.13,29.169,2291.49
3A,atlanta,school_secondary,glazing,triple_low_e,0.2,0.85,0.2,0.000569572250459736,0.7336,0.9271,0.9329,0.9509,0.8247,483.79,1304.13,29.169,2291.49
3A,atlanta,school_secondary,infiltration,leaky,0.2,2.06120838,0.378,0.00114,1.2197,1.0027,1.1826,0.9778,1.1059,483.79,1304.13,29.169,2291.49
3A,atlanta,school_secondary,infiltration,standard,0.2,2.06120838,0.378,0.000569572250459736,1.0,1.0,1.0,1.0,1.0,483.79,1304.13,29.169,2291.49
3A,atlanta,school_secondary,infiltration,tight,0.2,2.06120838,0.378,0.000285,0.8789,0.9987,0.9452,1.0121,0.9369,483.79,1304.13,29.169,2291.49
3A,atlanta,school_secondary,lighting,lighting_high,0.2,2.06120838,0.378,0.000569572250459736,0.8704,1.0362,0.9285,1.0692,0.9497,483.79,1304.13,29.169,2291.49
3A,atlanta,school_secondary,lighting,lighting_low,0.2,2.06120838,0.378,0.000569572250459736,1.1909,0.9635,1.1285,0.9309,1.0712,483.79,1304.13,29.169,2291.49
3A,atlanta,school_secondary,people,people_high,0.2,2.06120838,0.378,0.000569572250459736,0.8915,1.417,0.9565,1.5376,1.124,483.79,1304.13,29.169,2291.49
3A,atlanta,school_secondary,people,people_low,0.2,2.06120838,0.378,0.000569572250459736,1.086,0.8042,1.073,0.7345,0.9346,483.79,1304.13,29.169,2291.49
3A,atlanta,school_secondary,schedule,sched_5day,0.2,2.06120838,0.378,0.000569572250459736,1.1677,0.9625,1.1147,0.9435,1.0601,483.79,1304.13,29.169,2291.49
3A,atlanta,school_secondary,schedule,sched_extended,0.2,2.06120838,0.378,0.000569572250459736,0.8968,1.0193,0.9548,1.0345,0.9561,483.79,1304.13,29.169,2291.49
3A,atlanta,school_secondary,wwr,wwr_10pct,0.1,2.06120838,0.378,0.000569572250459736,0.913,0.9206,1.0192,0.9121,0.9168,483.79,1304.13,29.169,2291.49
3A,atlanta,school_secondary,wwr,wwr_30pct,0.3,2.06120838,0.378,0.000569572250459736,0.986,0.9832,1.005,0.9799,0.9846,483.79,1304.13,29.169,2291.49
3A,atlanta,school_secondary,wwr,wwr_50pct,0.5,2.06120838,0.378,0.000569572250459736,1.0482,1.0408,0.9977,1.0487,1.0445,483.79,1304.13,29.169,2291.49
3A,atlanta,school_secondary,wwr,wwr_70pct,0.7,2.06120838,0.378,0.000569572250459736,1.1298,1.0941,1.019,1.1167,1.1118,483.79,1304.13,29.169,2291.49
3A,atlanta,school_secondary,wwr,wwr_90pct,0.9,2.06120838,0.378,0.000569572250459736,1.1856,1.1438,1.0315,1.1855,1.1645,483.79,1304.13,29.169,2291.49
5A,buffalo,school_secondary,wwr,wwr_20pct,0.2,2.06120838,0.378,0.000569572250459736,1.0,1.0,1.0,1.0,1.0,825.55,1200.26,103.58,1687.867
5A,buffalo,school_secondary,equipment,equip_high,0.2,2.06120838,0.378,0.000569572250459736,0.8389,1.1716,0.7566,1.3646,0.9914,825.55,1200.26,103.58,1687.867
5A,buffalo,school_secondary,equipment,equip_low,0.2,2.06120838,0.378,0.000569572250459736,1.0644,0.9071,1.2654,0.8254,0.9826,825.55,1200.26,103.58,1687.867
5A,buffalo,school_secondary,glazing,double_low_e,0.2,2.06120838,0.378,0.000569572250459736,1.0,1.0,1.0,1.0,1.0,825.55,1200.26,103.58,1687.867
5A,buffalo,school_secondary,glazing,double_pane,0.2,3.0,0.7,0.000569572250459736,1.0295,1.1494,1.0444,1.1336,1.0878,825.55,1200.26,103.58,1687.867
5A,buffalo,school_secondary,glazing,single_pane,0.2,5.8,0.86,0.000569572250459736,1.2311,1.2145,1.6683,1.0865,1.2228,825.55,1200.26,103.58,1687.867
5A,buffalo,school_secondary,glazing,triple_low_e,0.2,0.85,0.2,0.000569572250459736,0.9309,0.9218,0.8085,1.0071,0.9263,825.55,1200.26,103.58,1687.867
5A,buffalo,school_secondary,infiltration,leaky,0.2,2.06120838,0.378,0.00114,1.0226,0.9948,1.3016,0.9407,1.0086,825.55,1200.26,103.58,1687.867
5A,buffalo,school_secondary,infiltration,standard,0.2,2.06120838,0.378,0.000569572250459736,1.0,1.0,1.0,1.0,1.0,825.55,1200.26,103.58,1687.867
5A,buffalo,school_secondary,infiltration,tight,0.2,2.06120838,0.378,0.000285,0.9904,1.0029,0.8897,1.0369,0.9966,825.55,1200.26,103.58,1687.867
5A,buffalo,school_secondary,lighting,lighting_high,0.2,2.06120838,0.378,0.000569572250459736,0.9618,1.0404,0.9001,1.0845,1.0003,825.55,1200.26,103.58,1687.867
5A,buffalo,school_secondary,lighting,lighting_low,0.2,2.06120838,0.378,0.000569572250459736,1.0372,0.9594,1.134,0.9164,0.9975,825.55,1200.26,103.58,1687.867
5A,buffalo,school_secondary,people,people_high,0.2,2.06120838,0.378,0.000569572250459736,1.0,1.4564,0.8809,1.7219,1.2068,825.55,1200.26,103.58,1687.867
5A,buffalo,school_secondary,people,people_low,0.2,2.06120838,0.378,0.000569572250459736,1.0,0.7906,1.2065,0.6612,0.8892,825.55,1200.26,103.58,1687.867
5A,buffalo,school_secondary,schedule,sched_5day,0.2,2.06120838,0.378,0.000569572250459736,1.0219,0.9557,1.1147,0.9282,0.9883,825.55,1200.26,103.58,1687.867
5A,buffalo,school_secondary,schedule,sched_extended,0.2,2.06120838,0.378,0.000569572250459736,0.9802,1.0239,0.9371,1.0443,1.0018,825.55,1200.26,103.58,1687.867
5A,buffalo,school_secondary,wwr,wwr_10pct,0.1,2.06120838,0.378,0.000569572250459736,0.9486,0.9002,0.8643,0.957,0.9241,825.55,1200.26,103.58,1687.867
5A,buffalo,school_secondary,wwr,wwr_30pct,0.3,2.06120838,0.378,0.000569572250459736,0.9901,0.9783,0.9711,0.988,0.9842,825.55,1200.26,103.58,1687.867
5A,buffalo,school_secondary,wwr,wwr_50pct,0.5,2.06120838,0.378,0.000569572250459736,1.0271,1.0527,1.1074,1.0233,1.0398,825.55,1200.26,103.58,1687.867
5A,buffalo,school_secondary,wwr,wwr_70pct,0.7,2.06120838,0.378,0.000569572250459736,1.0605,1.1214,1.2707,1.0621,1.0905,825.55,1200.26,103.58,1687.867
5A,buffalo,school_secondary,wwr,wwr_90pct,0.9,2.06120838,0.378,0.000569572250459736,1.1414,1.1852,1.4596,1.1025,1.1631,825.55,1200.26,103.58,1687.867
5B,denver,school_secondary,wwr,wwr_20pct,0.2,2.06120838,0.378,0.000569572250459736,1.0,1.0,1.0,1.0,1.0,488.02,1167.49,55.372,1958.445
5B,denver,school_secondary,equipment,equip_high,0.2,2.06120838,0.378,0.000569572250459736,0.7013,1.1963,0.8232,1.3245,0.9159,488.02,1167.49,55.372,1958.445
5B,denver,school_secondary,equipment,equip_low,0.2,2.06120838,0.378,0.000569572250459736,1.2322,0.8932,1.22,0.8414,1.0491,488.02,1167.49,55.372,1958.445
5B,denver,school_secondary,glazing,double_low_e,0.2,2.06120838,0.378,0.000569572250459736,1.0,1.0,1.0,1.0,1.0,488.02,1167.49,55.372,1958.445
5B,denver,school_secondary,glazing,double_pane,0.2,3.0,0.7,0.000569572250459736,1.1202,1.1609,0.9985,1.1786,1.1404,488.02,1167.49,55.372,1958.445
5B,denver,school_secondary,glazing,single_pane,0.2,5.8,0.86,0.000569572250459736,1.6068,1.2247,1.6022,1.1613,1.4028,488.02,1167.49,55.372,1958.445
5B,denver,school_secondary,glazing,triple_low_e,0.2,0.85,0.2,0.000569572250459736,0.677,0.9181,0.8729,0.9746,0.7884,488.02,1167.49,55.372,1958.445
5B,denver,school_secondary,infiltration,leaky,0.2,2.06120838,0.378,0.00114,1.1325,0.9857,1.1552,0.955,1.0566,488.02,1167.49,55.372,1958.445
5B,denver,school_secondary,infiltration,standard,0.2,2.06120838,0.378,0.000569572250459736,1.0,1.0,1.0,1.0,1.0,488.02,1167.49,55.372,1958.445
5B,denver,school_secondary,infiltration,tight,0.2,2.06120838,0.378,0.000285,0.9012,1.0074,0.9407,1.0269,0.9528,488.02,1167.49,55.372,1958.445
5B,denver,school_secondary,lighting,lighting_high,0.2,2.06120838,0.378,0.000569572250459736,0.8799,1.0427,0.9216,1.0765,0.9578,488.02,1167.49,55.372,1958.445
5B,denver,school_secondary,lighting,lighting_low,0.2,2.06120838,0.378,0.000569572250459736,1.1271,0.9568,1.1065,0.924,1.0385,488.02,1167.49,55.372,1958.445
5B,denver,school_secondary,people,people_high,0.2,2.06120838,0.378,0.000569572250459736,0.9096,1.447,0.9294,1.6283,1.1472,488.02,1167.49,55.372,1958.445
5B,denver,school_secondary,people,people_low,0.2,2.06120838,0.378,0.000569572250459736,1.0599,0.805,1.1184,0.694,0.9237,488.02,1167.49,55.372,1958.445
5B,denver,school_secondary,schedule,sched_5day,0.2,2.06120838,0.378,0.000569572250459736,1.1099,0.9511,1.0891,0.9342,1.0274,488.02,1167.49,55.372,1958.445
5B,denver,school_secondary,schedule,sched_extended,0.2,2.06120838,0.378,0.000569572250459736,0.8993,1.0281,0.9496,1.0408,0.9615,488.02,1167.49,55.372,1958.445
5B,denver,school_secondary,wwr,wwr_10pct,0.1,2.06120838,0.378,0.000569572250459736,1.0014,0.9009,0.9472,0.9194,0.9498,488.02,1167.49,55.372,1958.445
5B,denver,school_secondary,wwr,wwr_30pct,0.3,2.06120838,0.378,0.000569572250459736,0.9299,0.9757,0.9858,0.9801,0.9525,488.02,1167.49,55.372,1958.445
5B,denver,school_secondary,wwr,wwr_50pct,0.5,2.06120838,0.378,0.000569572250459736,1.1404,1.0564,1.0722,1.0434,1.0976,488.02,1167.49,55.372,1958.445
5B,denver,school_secondary,wwr,wwr_70pct,0.7,2.06120838,0.378,0.000569572250459736,1.2851,1.1303,1.2103,1.108,1.2052,488.02,1167.49,55.372,1958.445
5B,denver,school_secondary,wwr,wwr_90pct,0.9,2.06120838,0.378,0.000569572250459736,1.4465,1.1995,1.3929,1.1745,1.3172,488.02,1167.49,55.372,1958.445
1A,miami,school_secondary,wwr,wwr_20pct,0.2,2.06120838,0.378,0.000569572250459736,1.0,1.0,1.0,1.0,1.0,104.27,1450.95,2.669,3088.066
1A,miami,school_secondary,equipment,equip_high,0.2,2.06120838,0.378,0.000569572250459736,1.0035,1.1097,0.9501,1.2109,1.0552,104.27,1450.95,2.669,3088.066
1A,miami,school_secondary,equipment,equip_low,0.2,2.06120838,0.378,0.000569572250459736,1.005,0.9384,1.0299,0.8958,0.9711,104.27,1450.95,2.669,3088.066
1A,miami,school_secondary,glazing,double_low_e,0.2,2.06120838,0.378,0.000569572250459736,1.0,1.0,1.0,1.0,1.0,104.27,1450.95,2.669,3088.066
1A,miami,school_secondary,glazing,double_pane,0.2,3.0,0.7,0.000569572250459736,0.989,1.0953,0.9272,1.1374,1.0408,104.27,1450.95,2.669,3088.066
1A,miami,school_secondary,glazing,single_pane,0.2,5.8,0.86,0.000569572250459736,0.9884,1.1533,0.9101,1.2007,1.0677,104.27,1450.95,2.669,3088.066
1A,miami,school_secondary,glazing,triple_low_e,0.2,0.85,0.2,0.000569572250459736,1.0027,0.9389,1.0398,0.9315,0.9703,104.27,1450.95,2.669,3088.066
1A,miami,school_secondary,infiltration,leaky,0.2,2.06120838,0.378,0.00114,1.0031,1.0086,1.0059,1.0082,1.0058,104.27,1450.95,2.669,3088.066
1A,miami,school_secondary,infiltration,standard,0.2,2.06120838,0.378,0.000569572250459736,1.0,1.0,1.0,1.0,1.0,104.27,1450.95,2.669,3088.066
1A,miami,school_secondary,infiltration,tight,0.2,2.06120838,0.378,0.000285,0.9986,0.9956,0.9982,0.9934,0.9971,104.27,1450.95,2.669,3088.066
1A,miami,school_secondary,lighting,lighting_high,0.2,2.06120838,0.378,0.000569572250459736,0.9928,1.0297,0.9672,1.0529,1.0111,104.27,1450.95,2.669,3088.066
1A,miami,school_secondary,lighting,lighting_low,0.2,2.06120838,0.378,0.000569572250459736,1.0054,0.9699,1.0358,0.9475,0.9875,104.27,1450.95,2.669,3088.066
1A,miami,school_secondary,people,people_high,0.2,2.06120838,0.378,0.000569572250459736,0.9991,1.3681,0.996,1.4023,1.1691,104.27,1450.95,2.669,3088.066
1A,miami,school_secondary,people,people_low,0.2,2.06120838,0.378,0.000569572250459736,1.0004,0.8254,1.0025,0.8,0.9087,104.27,1450.95,2.669,3088.066
1A,miami,school_secondary,schedule,sched_5day,0.2,2.06120838,0.378,0.000569572250459736,1.0028,0.9754,1.0154,0.957,0.989,104.27,1450.95,2.669,3088.066
1A,miami,school_secondary,schedule,sched_extended,0.2,2.06120838,0.378,0.000569572250459736,0.998,1.0102,0.9906,1.0265,1.004,104.27,1450.95,2.669,3088.066
1A,miami,school_secondary,wwr,wwr_10pct,0.1,2.06120838,0.378,0.000569572250459736,1.0051,0.9393,1.0693,0.9169,0.9716,104.27,1450.95,2.669,3088.066
1A,miami,school_secondary,wwr,wwr_30pct,0.3,2.06120838,0.378,0.000569572250459736,1.0013,0.9868,1.013,0.9814,0.994,104.27,1450.95,2.669,3088.066
1A,miami,school_secondary,wwr,wwr_50pct,0.5,2.06120838,0.378,0.000569572250459736,0.9962,1.0319,0.9696,1.0461,1.0139,104.27,1450.95,2.669,3088.066
1A,miami,school_secondary,wwr,wwr_70pct,0.7,2.06120838,0.378,0.000569572250459736,0.9912,1.074,0.9343,1.1106,1.0318,104.27,1450.95,2.669,3088.066
1A,miami,school_secondary,wwr,wwr_90pct,0.9,2.06120838,0.378,0.000569572250459736,0.9836,1.1139,0.9052,1.1749,1.0467,104.27,1450.95,2.669,3088.066
4B,albuquerque,small_office,wwr,wwr_20pct,0.2,2.06120838,0.378,0.000569572250459736,1.0,1.0,1.0,1.0,1.0,20.98,22.88,1.188,21.01
4B,albuquerque,small_office,glazing,single_pane,0.2,5.8,0.86,0.000569572250459736,0.9785,1.3021,1.2017,1.5419,1.1288,20.98,22.88,1.188,21.01
4B,albuquerque,small_office,glazing,triple_low_e,0.2,0.85,0.2,0.000569572250459736,0.9406,0.8537,0.8314,0.8418,0.8961,20.98,22.88,1.188,21.01
4B,albuquerque,small_office,infiltration,leaky,0.2,2.06120838,0.378,0.00114,1.1836,0.9974,1.4216,0.9566,1.0865,20.98,22.88,1.188,21.01
4B,albuquerque,small_office,infiltration,tight,0.2,2.06120838,0.378,0.000285,0.8754,0.9871,0.81,1.0265,0.9296,20.98,22.88,1.188,21.01
4B,albuquerque,small_office,wwr,wwr_10pct,0.1,2.06120838,0.378,0.000569572250459736,1.0284,0.8901,1.0924,0.8483,0.9567,20.98,22.88,1.188,21.01
4B,albuquerque,small_office,wwr,wwr_30pct,0.3,2.06120838,0.378,0.000569572250459736,0.9719,1.1708,1.0018,1.2377,1.0667,20.98,22.88,1.188,21.01
4B,albuquerque,small_office,wwr,wwr_50pct,0.5,2.06120838,0.378,0.000569572250459736,0.9553,1.317,1.1301,1.6242,1.1216,20.98,22.88,1.188,21.01
4B,albuquerque,small_office,wwr,wwr_70pct,0.7,2.06120838,0.378,0.000569572250459736,0.9631,1.3949,1.3429,1.983,1.1591,20.98,22.88,1.188,21.01
4B,albuquerque,small_office,wwr,wwr_90pct,0.9,2.06120838,0.378,0.000569572250459736,1.0418,1.4716,1.6807,2.2161,1.2382,20.98,22.88,1.188,21.01
4B,albuquerque,small_office,glazing,double_low_e,0.2,2.06120838,0.378,0.000569572250459736,1.0,1.0,1.0,1.0,1.0,20.98,22.88,1.188,21.01
4B,albuquerque,small_office,infiltration,standard,0.2,2.06120838,0.378,0.000569572250459736,1.0,1.0,1.0,1.0,1.0,20.98,22.88,1.188,21.01
4B,albuquerque,small_office,glazing,double_pane,0.2,3.0,0.7,0.000569572250459736,0.7666,1.2401,0.6064,1.4369,0.975,20.98,22.88,1.188,21.01
3A,atlanta,small_office,wwr,wwr_20pct,0.2,2.06120838,0.378,0.000569572250459736,1.0,1.0,1.0,1.0,1.0,30.15,27.37,2.022,24.042
3A,atlanta,small_office,equipment,equip_high,0.2,2.06120838,0.378,0.000569572250459736,1.0,1.0,1.0,1.0,1.0,30.15,27.37,2.022,24.042
3A,atlanta,small_office,equipment,equip_low,0.2,2.06120838,0.378,0.000569572250459736,1.0,1.0,1.0,1.0,1.0,30.15,27.37,2.022,24.042
3A,atlanta,small_office,glazing,double_low_e,0.2,2.06120838,0.378,0.000569572250459736,1.0,1.0,1.0,1.0,1.0,30.15,27.37,2.022,24.042
3A,atlanta,small_office,glazing,double_pane,0.2,3.0,0.7,0.000569572250459736,0.9909,1.1446,0.7983,1.3091,1.0649,30.15,27.37,2.022,24.042
3A,atlanta,small_office,glazing,single_pane,0.2,5.8,0.86,0.000569572250459736,1.0762,1.1609,1.1391,1.4121,1.1178,30.15,27.37,2.022,24.042
3A,atlanta,small_office,glazing,triple_low_e,0.2,0.85,0.2,0.000569572250459736,0.98,0.9029,0.8901,0.8718,0.9407,30.15,27.37,2.022,24.042
3A,atlanta,small_office,infiltration,leaky,0.2,2.06120838,0.378,0.00114,1.0592,1.0354,1.2958,0.981,1.0472,30.15,27.37,2.022,24.042
3A,atlanta,small_office,infiltration,standard,0.2,2.06120838,0.378,0.000569572250459736,1.0,1.0,1.0,1.0,1.0,30.15,27.37,2.022,24.042
3A,atlanta,small_office,infiltration,tight,0.2,2.06120838,0.378,0.000285,0.988,0.9664,0.8616,1.0099,0.9771,30.15,27.37,2.022,24.042
3A,atlanta,small_office,lighting,lighting_high,0.2,2.06120838,0.378,0.000569572250459736,0.8945,1.1429,0.5545,1.3261,1.0111,30.15,27.37,2.022,24.042
3A,atlanta,small_office,lighting,lighting_low,0.2,2.06120838,0.378,0.000569572250459736,1.0824,0.9822,1.7358,0.7082,1.0311,30.15,27.37,2.022,24.042
3A,atlanta,small_office,people,people_high,0.2,2.06120838,0.378,0.000569572250459736,0.9934,1.0294,0.7785,1.2577,1.0113,30.15,27.37,2.022,24.042
3A,atlanta,small_office,people,people_low,0.2,2.06120838,0.378,0.000569572250459736,1.007,0.9849,1.1452,0.8796,0.9959,30.15,27.37,2.022,24.042
3A,atlanta,small_office,schedule,sched_5day,0.2,2.06120838,0.378,0.000569572250459736,1.0336,1.0795,1.3301,0.8213,1.0563,30.15,27.37,2.022,24.042
3A,atlanta,small_office,schedule,sched_extended,0.2,2.06120838,0.378,0.000569572250459736,0.9706,1.061,0.8777,1.061,1.0148,30.15,27.37,2.022,24.042
3A,atlanta,small_office,wwr,wwr_10pct,0.1,2.06120838,0.378,0.000569572250459736,0.9971,0.9354,1.0426,0.8842,0.9658,30.15,27.37,2.022,24.042
3A,atlanta,small_office,wwr,wwr_30pct,0.3,2.06120838,0.378,0.000569572250459736,1.0107,1.0679,0.9773,1.1816,1.0389,30.15,27.37,2.022,24.042
3A,atlanta,small_office,wwr,wwr_50pct,0.5,2.06120838,0.378,0.000569572250459736,1.0385,1.1563,0.9843,1.4757,1.0958,30.15,27.37,2.022,24.042
3A,atlanta,small_office,wwr,wwr_70pct,0.7,2.06120838,0.378,0.000569572250459736,1.0662,1.19,1.0381,1.7494,1.1264,30.15,27.37,2.022,24.042
3A,atlanta,small_office,wwr,wwr_90pct,0.9,2.06120838,0.378,0.000569572250459736,1.0993,1.2255,1.1668,1.9346,1.1607,30.15,27.37,2.022,24.042
5A,buffalo,small_office,wwr,wwr_20pct,0.2,2.06120838,0.378,0.000569572250459736,1.0,1.0,1.0,1.0,1.0,35.98,18.79,8.634,11.106
5A,buffalo,small_office,equipment,equip_high,0.2,2.06120838,0.378,0.000569572250459736,1.0,1.0,1.0,1.0,1.0,35.98,18.79,8.634,11.106
5A,buffalo,small_office,equipment,equip_low,0.2,2.06120838,0.378,0.000569572250459736,1.0,1.0,1.0,1.0,1.0,35.98,18.79,8.634,11.106
5A,buffalo,small_office,glazing,double_low_e,0.2,2.06120838,0.378,0.000569572250459736,1.0,1.0,1.0,1.0,1.0,35.98,18.79,8.634,11.106
5A,buffalo,small_office,glazing,double_pane,0.2,3.0,0.7,0.000569572250459736,1.0145,1.4664,0.9259,1.4041,1.2197,35.98,18.79,8.634,11.106
5A,buffalo,small_office,glazing,single_pane,0.2,5.8,0.86,0.000569572250459736,1.1183,1.6221,1.3183,1.4762,1.3468,35.98,18.79,8.634,11.106
5A,buffalo,small_office,glazing,triple_low_e,0.2,0.85,0.2,0.000569572250459736,0.9364,0.7478,0.8159,0.865,0.8368,35.98,18.79,8.634,11.106
5A,buffalo,small_office,infiltration,leaky,0.2,2.06120838,0.378,0.00114,1.1163,0.9861,1.3029,0.946,1.0492,35.98,18.79,8.634,11.106
5A,buffalo,small_office,infiltration,standard,0.2,2.06120838,0.378,0.000569572250459736,1.0,1.0,1.0,1.0,1.0,35.98,18.79,8.634,11.106
5A,buffalo,small_office,infiltration,tight,0.2,2.06120838,0.378,0.000285,0.9579,0.9982,0.8554,1.0325,0.9778,35.98,18.79,8.634,11.106
5A,buffalo,small_office,lighting,lighting_high,0.2,2.06120838,0.378,0.000569572250459736,0.9256,1.3135,0.6358,1.5097,1.1026,35.98,18.79,8.634,11.106
5A,buffalo,small_office,lighting,lighting_low,0.2,2.06120838,0.378,0.000569572250459736,1.0882,0.6857,1.4953,0.594,0.8638,35.98,18.79,8.634,11.106
5A,buffalo,small_office,people,people_high,0.2,2.06120838,0.378,0.000569572250459736,0.9791,1.0598,0.8021,1.387,1.0186,35.98,18.79,8.634,11.106
5A,buffalo,small_office,people,people_low,0.2,2.06120838,0.378,0.000569572250459736,1.0097,0.9685,1.1155,0.8302,0.9889,35.98,18.79,8.634,11.106
5A,buffalo,small_office,schedule,sched_5day,0.2,2.06120838,0.378,0.000569572250459736,1.0328,0.8636,1.2383,0.7471,0.9444,35.98,18.79,8.634,11.106
5A,buffalo,small_office,schedule,sched_extended,0.2,2.06120838,0.378,0.000569572250459736,0.9754,1.1142,0.9138,1.09,1.0425,35.98,18.79,8.634,11.106
5A,buffalo,small_office,wwr,wwr_10pct,0.1,2.06120838,0.378,0.000569572250459736,0.9612,0.7912,0.9263,0.8714,0.8721,35.98,18.79,8.634,11.106
5A,buffalo,small_office,wwr,wwr_30pct,0.3,2.06120838,0.378,0.000569572250459736,1.0361,1.3248,1.0728,1.2453,1.1716,35.98,18.79,8.634,11.106
5A,buffalo,small_office,wwr,wwr_50pct,0.5,2.06120838,0.378,0.000569572250459736,1.099,1.6889,1.2431,1.6078,1.3624,35.98,18.79,8.634,11.106
5A,buffalo,small_office,wwr,wwr_70pct,0.7,2.06120838,0.378,0.000569572250459736,1.1746,1.9037,1.4351,1.9224,1.4954,35.98,18.79,8.634,11.106
5A,buffalo,small_office,wwr,wwr_90pct,0.9,2.06120838,0.378,0.000569572250459736,1.2318,2.0229,1.6752,2.1103,1.5786,35.98,18.79,8.634,11.106
5B,denver,small_office,wwr,wwr_20pct,0.2,2.06120838,0.378,0.000569572250459736,1.0,1.0,1.0,1.0,1.0,31.31,17.4,4.468,14.705
5B,denver,small_office,equipment,equip_high,0.2,2.06120838,0.378,0.000569572250459736,1.0,1.0,1.0,1.0,1.0,31.31,17.4,4.468,14.705
5B,denver,small_office,equipment,equip_low,0.2,2.06120838,0.378,0.000569572250459736,1.0,1.0,1.0,1.0,1.0,31.31,17.4,4.468,14.705
5B,denver,small_office,glazing,double_low_e,0.2,2.06120838,0.378,0.000569572250459736,1.0,1.0,1.0,1.0,1.0,31.31,17.4,4.468,14.705
5B,denver,small_office,glazing,double_pane,0.2,3.0,0.7,0.000569572250459736,1.0057,1.2606,0.8079,1.5087,1.126,31.31,17.4,4.468,14.705
5B,denver,small_office,glazing,single_pane,0.2,5.8,0.86,0.000569572250459736,1.1289,1.3814,1.296,1.619,1.2488,31.31,17.4,4.468,14.705
5B,denver,small_office,glazing,triple_low_e,0.2,0.85,0.2,0.000569572250459736,0.921,0.8471,0.8142,0.824,0.8833,31.31,17.4,4.468,14.705
5B,denver,small_office,infiltration,leaky,0.2,2.06120838,0.378,0.00114,1.0517,0.9787,1.2579,0.9441,1.0146,31.31,17.4,4.468,14.705
5B,denver,small_office,infiltration,standard,0.2,2.06120838,0.378,0.000569572250459736,1.0,1.0,1.0,1.0,1.0,31.31,17.4,4.468,14.705
5B,denver,small_office,infiltration,tight,0.2,2.06120838,0.378,0.000285,0.9722,1.0169,0.8783,1.0344,0.9943,31.31,17.4,4.468,14.705
5B,denver,small_office,lighting,lighting_high,0.2,2.06120838,0.378,0.000569572250459736,0.8997,1.2,0.5578,1.4651,1.0391,31.31,17.4,4.468,14.705
5B,denver,small_office,lighting,lighting_low,0.2,2.06120838,0.378,0.000569572250459736,1.1006,0.7944,1.7116,0.6204,0.935,31.31,17.4,4.468,14.705
5B,denver,small_office,people,people_high,0.2,2.06120838,0.378,0.000569572250459736,0.9699,1.1893,0.772,1.3604,1.074,31.31,17.4,4.468,14.705
5B,denver,small_office,people,people_low,0.2,2.06120838,0.378,0.000569572250459736,1.017,0.9033,1.1452,0.8442,0.9584,31.31,17.4,4.468,14.705
5B,denver,small_office,schedule,sched_5day,0.2,2.06120838,0.378,0.000569572250459736,1.049,0.8771,1.3231,0.7633,0.9592,31.31,17.4,4.468,14.705
5B,denver,small_office,schedule,sched_extended,0.2,2.06120838,0.378,0.000569572250459736,0.967,1.0315,0.8799,1.082,0.9987,31.31,17.4,4.468,14.705
5B,denver,small_office,wwr,wwr_10pct,0.1,2.06120838,0.378,0.000569572250459736,0.9614,0.8752,0.9639,0.833,0.9173,31.31,17.4,4.468,14.705
5B,denver,small_office,wwr,wwr_30pct,0.3,2.06120838,0.378,0.000569572250459736,1.0402,1.185,1.0616,1.2763,1.1102,31.31,17.4,4.468,14.705
5B,denver,small_office,wwr,wwr_50pct,0.5,2.06120838,0.378,0.000569572250459736,1.1143,1.4458,1.2381,1.7241,1.2693,31.31,17.4,4.468,14.705
5B,denver,small_office,wwr,wwr_70pct,0.7,2.06120838,0.378,0.000569572250459736,1.1821,1.6597,1.4659,2.1458,1.4007,31.31,17.4,4.468,14.705
5B,denver,small_office,wwr,wwr_90pct,0.9,2.06120838,0.378,0.000569572250459736,1.2482,1.8465,1.7713,2.4233,1.5181,31.31,17.4,4.468,14.705
3B,el_paso,small_office,wwr,wwr_20pct,0.2,2.06120838,0.378,0.000569572250459736,1.0,1.0,1.0,1.0,1.0,7.75,28.54,0.445,29.071
3B,el_paso,small_office,glazing,single_pane,0.2,5.8,0.86,0.000569572250459736,1.3491,1.127,1.141,1.4649,1.2331,7.75,28.54,0.445,29.071
3B,el_paso,small_office,glazing,triple_low_e,0.2,0.85,0.2,0.000569572250459736,0.9015,0.9448,0.8874,0.8548,0.9229,7.75,28.54,0.445,29.071
3B,el_paso,small_office,infiltration,leaky,0.2,2.06120838,0.378,0.00114,1.211,1.0137,1.4153,0.9797,1.1079,7.75,28.54,0.445,29.071
3B,el_paso,small_office,infiltration,tight,0.2,2.06120838,0.378,0.000285,0.9458,0.9872,0.8157,1.0126,0.9663,7.75,28.54,0.445,29.071
3B,el_paso,small_office,wwr,wwr_10pct,0.1,2.06120838,0.378,0.000569572250459736,1.0147,0.9642,1.1546,0.8682,0.9891,7.75,28.54,0.445,29.071
3B,el_paso,small_office,wwr,wwr_30pct,0.3,2.06120838,0.378,0.000569572250459736,1.0619,1.053,0.9174,1.1945,1.0574,7.75,28.54,0.445,29.071
3B,el_paso,small_office,wwr,wwr_50pct,0.5,2.06120838,0.378,0.000569572250459736,1.1914,1.1346,0.9321,1.5207,1.1627,7.75,28.54,0.445,29.071
3B,el_paso,small_office,wwr,wwr_70pct,0.7,2.06120838,0.378,0.000569572250459736,1.3971,1.2066,1.059,1.8265,1.2984,7.75,28.54,0.445,29.071
3B,el_paso,small_office,wwr,wwr_90pct,0.9,2.06120838,0.378,0.000569572250459736,1.6645,1.2712,1.3163,2.0347,1.4546,7.75,28.54,0.445,29.071
3B,el_paso,small_office,glazing,double_low_e,0.2,2.06120838,0.378,0.000569572250459736,1.0,1.0,1.0,1.0,1.0,7.75,28.54,0.445,29.071
3B,el_paso,small_office,infiltration,standard,0.2,2.06120838,0.378,0.000569572250459736,1.0,1.0,1.0,1.0,1.0,7.75,28.54,0.445,29.071
3B,el_paso,small_office,glazing,double_pane,0.2,3.0,0.7,0.000569572250459736,0.9361,1.1048,0.5557,1.3442,1.017,7.75,28.54,0.445,29.071
8,fairbanks,small_office,wwr,wwr_20pct,0.2,2.06120838,0.378,0.000569572250459736,1.0,1.0,1.0,1.0,1.0,43.59,13.15,24.599,6.787
8,fairbanks,small_office,glazing,single_pane,0.2,5.8,0.86,0.000569572250459736,1.1372,1.6537,1.4615,1.8025,1.3713,43.59,13.15,24.599,6.787
8,fairbanks,small_office,glazing,triple_low_e,0.2,0.85,0.2,0.000569572250459736,0.927,0.7934,0.7713,0.7813,0.8576,43.59,13.15,24.599,6.787
8,fairbanks,small_office,infiltration,leaky,0.2,2.06120838,0.378,0.00114,1.0149,0.9834,1.0795,0.9144,0.9991,43.59,13.15,24.599,6.787
8,fairbanks,small_office,infiltration,tight,0.2,2.06120838,0.378,0.000285,0.9925,1.0085,0.9612,1.0529,1.0005,43.59,13.15,24.599,6.787
8,fairbanks,small_office,wwr,wwr_10pct,0.1,2.06120838,0.378,0.000569572250459736,0.9532,0.808,0.8598,0.7696,0.8776,43.59,13.15,24.599,6.787
8,fairbanks,small_office,wwr,wwr_30pct,0.3,2.06120838,0.378,0.000569572250459736,1.0504,1.2574,1.1659,1.3129,1.1493,43.59,13.15,24.599,6.787
8,fairbanks,small_office,wwr,wwr_50pct,0.5,2.06120838,0.378,0.000569572250459736,1.1207,1.6389,1.4732,1.8646,1.3552,43.59,13.15,24.599,6.787
8,fairbanks,small_office,wwr,wwr_70pct,0.7,2.06120838,0.378,0.000569572250459736,1.2007,1.9534,1.7792,2.4,1.5315,43.59,13.15,24.599,6.787
8,fairbanks,small_office,wwr,wwr_90pct,0.9,2.06120838,0.378,0.000569572250459736,1.2761,2.1299,2.0862,2.7134,1.6486,43.59,13.15,24.599,6.787
8,fairbanks,small_office,glazing,double_low_e,0.2,2.06120838,0.378,0.000569572250459736,1.0,1.0,1.0,1.0,1.0,43.59,13.15,24.599,6.787
8,fairbanks,small_office,infiltration,standard,0.2,2.06120838,0.378,0.000569572250459736,1.0,1.0,1.0,1.0,1.0,43.59,13.15,24.599,6.787
8,fairbanks,small_office,glazing,double_pane,0.2,3.0,0.7,0.000569572250459736,1.0296,1.5389,1.075,1.695,1.2588,43.59,13.15,24.599,6.787
6B,great_falls,small_office,wwr,wwr_20pct,0.2,2.06120838,0.378,0.000569572250459736,1.0,1.0,1.0,1.0,1.0,40.39,18.74,9.745,9.917
6B,great_falls,small_office,glazing,single_pane,0.2,5.8,0.86,0.000569572250459736,1.1351,1.4367,1.273,1.6571,1.277,40.39,18.74,9.745,9.917
6B,great_falls,small_office,glazing,triple_low_e,0.2,0.85,0.2,0.000569572250459736,0.925,0.8105,0.8322,0.82,0.8659,40.39,18.74,9.745,9.917
6B,great_falls,small_office,infiltration,leaky,0.2,2.06120838,0.378,0.00114,1.0403,0.9948,1.2405,0.9199,1.0173,40.39,18.74,9.745,9.917
6B,great_falls,small_office,infiltration,tight,0.2,2.06120838,0.378,0.000285,0.9787,1.0028,0.8832,1.051,0.9906,40.39,18.74,9.745,9.917
6B,great_falls,small_office,wwr,wwr_10pct,0.1,2.06120838,0.378,0.000569572250459736,0.9576,0.8364,0.9448,0.8255,0.895,40.39,18.74,9.745,9.917
6B,great_falls,small_office,wwr,wwr_30pct,0.3,2.06120838,0.378,0.000569572250459736,1.0431,1.2008,1.065,1.3,1.1192,40.39,18.74,9.745,9.917
6B,great_falls,small_office,wwr,wwr_50pct,0.5,2.06120838,0.378,0.000569572250459736,1.1223,1.4809,1.225,1.7935,1.2892,40.39,18.74,9.745,9.917
6B,great_falls,small_office,wwr,wwr_70pct,0.7,2.06120838,0.378,0.000569572250459736,1.1951,1.6994,1.4117,2.247,1.4251,40.39,18.74,9.745,9.917
6B,great_falls,small_office,wwr,wwr_90pct,0.9,2.06120838,0.378,0.000569572250459736,1.2632,1.8399,1.6416,2.5311,1.5245,40.39,18.74,9.745,9.917
6B,great_falls,small_office,glazing,double_low_e,0.2,2.06120838,0.378,0.000569572250459736,1.0,1.0,1.0,1.0,1.0,40.39,18.74,9.745,9.917
6B,great_falls,small_office,infiltration,standard,0.2,2.06120838,0.378,0.000569572250459736,1.0,1.0,1.0,1.0,1.0,40.39,18.74,9.745,9.917
6B,great_falls,small_office,glazing,double_pane,0.2,3.0,0.7,0.000569572250459736,1.0268,1.2935,0.8939,1.5515,1.1525,40.39,18.74,9.745,9.917
7,international_falls,small_office,wwr,wwr_20pct,0.2,2.06120838,0.378,0.000569572250459736,1.0,1.0,1.0,1.0,1.0,42.56,14.88,17.896,8.314
7,international_falls,small_office,glazing,single_pane,0.2,5.8,0.86,0.000569572250459736,1.1387,1.6988,1.3254,1.5853,1.3908,42.56,14.88,17.896,8.314
7,international_falls,small_office,glazing,triple_low_e,0.2,0.85,0.2,0.000569572250459736,0.9263,0.813,0.823,0.839,0.8678,42.56,14.88,17.896,8.314
7,international_falls,small_office,infiltration,leaky,0.2,2.06120838,0.378,0.00114,1.0331,1.0014,1.1736,0.9463,1.0171,42.56,14.88,17.896,8.314
7,international_falls,small_office,infiltration,tight,0.2,2.06120838,0.378,0.000285,0.9832,0.9994,0.915,1.0314,0.9913,42.56,14.88,17.896,8.314
7,international_falls,small_office,wwr,wwr_10pct,0.1,2.06120838,0.378,0.000569572250459736,0.9577,0.8557,0.9198,0.8409,0.9053,42.56,14.88,17.896,8.314
7,international_falls,small_office,wwr,wwr_30pct,0.3,2.06120838,0.378,0.000569572250459736,1.0448,1.3425,1.0906,1.2817,1.1843,42.56,14.88,17.896,8.314
7,international_falls,small_office,wwr,wwr_50pct,0.5,2.06120838,0.378,0.000569572250459736,1.1263,1.7532,1.2751,1.7288,1.4052,42.56,14.88,17.896,8.314
7,international_falls,small_office,wwr,wwr_70pct,0.7,2.06120838,0.378,0.000569572250459736,1.185,2.009,1.4709,2.1335,1.543,42.56,14.88,17.896,8.314
7,international_falls,small_office,wwr,wwr_90pct,0.9,2.06120838,0.378,0.000569572250459736,1.2557,2.1376,1.6953,2.3725,1.6384,42.56,14.88,17.896,8.314
7,international_falls,small_office,glazing,double_low_e,0.2,2.06120838,0.378,0.000569572250459736,1.0,1.0,1.0,1.0,1.0,42.56,14.88,17.896,8.314
7,international_falls,small_office,infiltration,standard,0.2,2.06120838,0.378,0.000569572250459736,1.0,1.0,1.0,1.0,1.0,42.56,14.88,17.896,8.314
7,international_falls,small_office,glazing,double_pane,0.2,3.0,0.7,0.000569572250459736,1.0283,1.5668,0.9696,1.4979,1.2693,42.56,14.88,17.896,8.314
1A,miami,small_office,wwr,wwr_20pct,0.2,2.06120838,0.378,0.000569572250459736,0.3724,1.0,1.0,1.0,0.6103,0.0,38.76,0.0,48.821
1A,miami,small_office,equipment,equip_high,0.2,2.06120838,0.378,0.000569572250459736,0.3724,1.0,1.0,1.0,0.6103,0.0,38.76,0.0,48.821
1A,miami,small_office,equipment,equip_low,0.2,2.06120838,0.378,0.000569572250459736,0.3724,1.0,1.0,1.0,0.6103,0.0,38.76,0.0,48.821
1A,miami,small_office,glazing,double_low_e,0.2,2.06120838,0.378,0.000569572250459736,0.3724,1.0,1.0,1.0,0.6103,0.0,38.76,0.0,48.821
1A,miami,small_office,glazing,double_pane,0.2,3.0,0.7,0.000569572250459736,0.4762,0.962,1.4587,1.2051,0.6768,0.0,38.76,0.0,48.821
1A,miami,small_office,glazing,single_pane,0.2,5.8,0.86,0.000569572250459736,0.5133,0.9855,1.5848,1.304,0.7113,0.0,38.76,0.0,48.821
1A,miami,small_office,glazing,triple_low_e,0.2,0.85,0.2,0.000569572250459736,0.3077,0.9704,0.8496,0.8955,0.5464,0.0,38.76,0.0,48.821
1A,miami,small_office,infiltration,leaky,0.2,2.06120838,0.378,0.00114,43.2977,1.0507,5.97,1.0094,6.7449,0.0,38.76,0.0,48.821
1A,miami,small_office,infiltration,standard,0.2,2.06120838,0.378,0.000569572250459736,0.3724,1.0,1.0,1.0,0.6103,0.0,38.76,0.0,48.821
1A,miami,small_office,infiltration,tight,0.2,2.06120838,0.378,0.000285,0.3763,0.9345,0.8457,0.9918,0.593,0.0,38.76,0.0,48.821
1A,miami,small_office,lighting,lighting_high,0.2,2.06120838,0.378,0.000569572250459736,0.4039,1.0094,1.3327,1.1971,0.6385,0.0,38.76,0.0,48.821
1A,miami,small_office,lighting,lighting_low,0.2,2.06120838,0.378,0.000569572250459736,373.2627,0.9756,42.1031,0.8067,19.0832,0.0,38.76,0.0,48.821
1A,miami,small_office,people,people_high,0.2,2.06120838,0.378,0.000569572250459736,0.5074,1.0211,0.7815,1.1544,0.7198,0.0,38.76,0.0,48.821
1A,miami,small_office,people,people_low,0.2,2.06120838,0.378,0.000569572250459736,0.4274,0.989,1.0682,0.9233,0.6502,0.0,38.76,0.0,48.821
1A,miami,small_office,schedule,sched_5day,0.2,2.06120838,0.378,0.000569572250459736,7.5167,0.9631,1.7044,0.8866,2.6906,0.0,38.76,0.0,48.821
1A,miami,small_office,schedule,sched_extended,0.2,2.06120838,0.378,0.000569572250459736,0.3707,1.0138,1.0015,1.039,0.6131,0.0,38.76,0.0,48.821
1A,miami,small_office,wwr,wwr_10pct,0.1,2.06120838,0.378,0.000569572250459736,0.3199,0.9856,0.8525,0.914,0.5616,0.0,38.76,0.0,48.821
1A,miami,small_office,wwr,wwr_30pct,0.3,2.06120838,0.378,0.000569572250459736,0.4241,0.9848,1.263,1.1245,0.6463,0.0,38.76,0.0,48.821
1A,miami,small_office,wwr,wwr_50pct,0.5,2.06120838,0.378,0.000569572250459736,0.5035,0.9711,1.6508,1.3276,0.6993,0.0,38.76,0.0,48.821
1A,miami,small_office,wwr,wwr_70pct,0.7,2.06120838,0.378,0.000569572250459736,0.5658,1.0079,1.9423,1.5136,0.7552,0.0,38.76,0.0,48.821
1A,miami,small_office,wwr,wwr_90pct,0.9,2.06120838,0.378,0.000569572250459736,0.6002,1.0198,2.1886,1.6417,0.7824,0.0,38.76,0.0,48.821
4A,new_york,small_office,wwr,wwr_20pct,0.2,2.06120838,0.378,0.000569572250459736,1.0,1.0,1.0,1.0,1.0,38.22,26.4,4.504,16.815
4A,new_york,small_office,glazing,single_pane,0.2,5.8,0.86,0.000569572250459736,1.0688,1.3245,1.3154,1.4434,1.1898,38.22,26.4,4.504,16.815
4A,new_york,small_office,glazing,triple_low_e,0.2,0.85,0.2,0.000569572250459736,0.961,0.8039,0.8099,0.864,0.8789,38.22,26.4,4.504,16.815
4A,new_york,small_office,infiltration,leaky,0.2,2.06120838,0.378,0.00114,1.028,0.9671,1.3752,0.9682,0.9971,38.22,26.4,4.504,16.815
4A,new_york,small_office,infiltration,tight,0.2,2.06120838,0.378,0.000285,0.985,0.999,0.8263,1.0187,0.9919,38.22,26.4,4.504,16.815
4A,new_york,small_office,wwr,wwr_10pct,0.1,2.06120838,0.378,0.000569572250459736,0.982,0.8562,0.9612,0.8772,0.917,38.22,26.4,4.504,16.815
4A,new_york,small_office,wwr,wwr_30pct,0.3,2.06120838,0.378,0.000569572250459736,1.0186,1.1945,1.0479,1.2113,1.103,38.22,26.4,4.504,16.815
4A,new_york,small_office,wwr,wwr_50pct,0.5,2.06120838,0.378,0.000569572250459736,1.0506,1.333,1.1789,1.5371,1.1834,38.22,26.4,4.504,16.815
4A,new_york,small_office,wwr,wwr_70pct,0.7,2.06120838,0.378,0.000569572250459736,1.0839,1.3761,1.3392,1.833,1.2213,38.22,26.4,4.504,16.815
4A,new_york,small_office,wwr,wwr_90pct,0.9,2.06120838,0.378,0.000569572250459736,1.1156,1.3777,1.5618,2.0235,1.2397,38.22,26.4,4.504,16.815
4A,new_york,small_office,glazing,double_low_e,0.2,2.06120838,0.378,0.000569572250459736,1.0,1.0,1.0,1.0,1.0,38.22,26.4,4.504,16.815
4A,new_york,small_office,infiltration,standard,0.2,2.06120838,0.378,0.000569572250459736,1.0,1.0,1.0,1.0,1.0,38.22,26.4,4.504,16.815
4A,new_york,small_office,glazing,double_pane,0.2,3.0,0.7,0.000569572250459736,1.0048,1.262,0.8531,1.3528,1.1261,38.22,26.4,4.504,16.815
5C,port_angeles,small_office,wwr,wwr_20pct,0.2,2.06120838,0.378,0.000569572250459736,1.0,1.0,1.0,1.0,1.0,29.8,12.95,3.261,8.495
5C,port_angeles,small_office,glazing,single_pane,0.2,5.8,0.86,0.000569572250459736,0.8843,1.5034,1.4825,1.611,1.153,29.8,12.95,3.261,8.495
5C,port_angeles,small_office,glazing,triple_low_e,0.2,0.85,0.2,0.000569572250459736,1.0275,0.82,0.6954,0.8487,0.9179,29.8,12.95,3.261,8.495
5C,port_angeles,small_office,infiltration,leaky,0.2,2.06120838,0.378,0.00114,1.0323,0.9747,1.1433,0.9148,1.0031,29.8,12.95,3.261,8.495
5C,port_angeles,small_office,infiltration,tight,0.2,2.06120838,0.378,0.000285,0.9927,1.013,0.9317,1.0492,1.0028,29.8,12.95,3.261,8.495
5C,port_angeles,small_office,wwr,wwr_10pct,0.1,2.06120838,0.378,0.000569572250459736,1.0398,0.8556,0.8735,0.8304,0.9432,29.8,12.95,3.261,8.495
5C,port_angeles,small_office,wwr,wwr_30pct,0.3,2.06120838,0.378,0.000569572250459736,0.936,1.2904,1.145,1.303,1.099,29.8,12.95,3.261,8.495
5C,port_angeles,small_office,wwr,wwr_50pct,0.5,2.06120838,0.378,0.000569572250459736,0.8746,1.6235,1.4353,1.7688,1.1916,29.8,12.95,3.261,8.495
5C,port_angeles,small_office,wwr,wwr_70pct,0.7,2.06120838,0.378,0.000569572250459736,0.9358,1.8646,1.7462,2.1746,1.321,29.8,12.95,3.261,8.495
5C,port_angeles,small_office,wwr,wwr_90pct,0.9,2.06120838,0.378,0.000569572250459736,0.9884,2.0057,2.1143,2.3795,1.4079,29.8,12.95,3.261,8.495
5C,port_angeles,small_office,glazing,double_low_e,0.2,2.06120838,0.378,0.000569572250459736,1.0,1.0,1.0,1.0,1.0,29.8,12.95,3.261,8.495
5C,port_angeles,small_office,infiltration,standard,0.2,2.06120838,0.378,0.000569572250459736,1.0,1.0,1.0,1.0,1.0,29.8,12.95,3.261,8.495
5C,port_angeles,small_office,glazing,double_pane,0.2,3.0,0.7,0.000569572250459736,0.8411,1.3828,0.89,1.5857,1.0785,29.8,12.95,3.261,8.495
6A,rochester,small_office,wwr,wwr_20pct,0.2,2.06120838,0.378,0.000569572250459736,1.0,1.0,1.0,1.0,1.0,41.59,17.16,14.529,10.656
6A,rochester,small_office,glazing,single_pane,0.2,5.8,0.86,0.000569572250459736,1.108,1.691,1.2919,1.5253,1.3688,41.59,17.16,14.529,10.656
6A,rochester,small_office,glazing,triple_low_e,0.2,0.85,0.2,0.000569572250459736,0.9379,0.8194,0.8396,0.8472,0.8766,41.59,17.16,14.529,10.656
6A,rochester,small_office,infiltration,leaky,0.2,2.06120838,0.378,0.00114,1.0711,0.9686,1.2666,0.9445,1.0186,41.59,17.16,14.529,10.656
6A,rochester,small_office,infiltration,tight,0.2,2.06120838,0.378,0.000285,0.9612,0.9834,0.8708,1.034,0.9722,41.59,17.16,14.529,10.656
6A,rochester,small_office,wwr,wwr_10pct,0.1,2.06120838,0.378,0.000569572250459736,0.9664,0.856,0.9325,0.8566,0.9096,41.59,17.16,14.529,10.656
6A,rochester,small_office,wwr,wwr_30pct,0.3,2.06120838,0.378,0.000569572250459736,1.032,1.294,1.0715,1.2603,1.1556,41.59,17.16,14.529,10.656
6A,rochester,small_office,wwr,wwr_50pct,0.5,2.06120838,0.378,0.000569572250459736,1.0936,1.7889,1.228,1.6602,1.3987,41.59,17.16,14.529,10.656
6A,rochester,small_office,wwr,wwr_70pct,0.7,2.06120838,0.378,0.000569572250459736,1.1516,2.0838,1.4011,2.0172,1.5491,41.59,17.16,14.529,10.656
6A,rochester,small_office,wwr,wwr_90pct,0.9,2.06120838,0.378,0.000569572250459736,1.206,2.253,1.6079,2.2378,1.6484,41.59,17.16,14.529,10.656
6A,rochester,small_office,glazing,double_low_e,0.2,2.06120838,0.378,0.000569572250459736,1.0,1.0,1.0,1.0,1.0,41.59,17.16,14.529,10.656
6A,rochester,small_office,infiltration,standard,0.2,2.06120838,0.378,0.000569572250459736,1.0,1.0,1.0,1.0,1.0,41.59,17.16,14.529,10.656
6A,rochester,small_office,glazing,double_pane,0.2,3.0,0.7,0.000569572250459736,0.9892,1.4897,0.9498,1.4354,1.2139,41.59,17.16,14.529,10.656
3C,san_diego,small_office,wwr,wwr_20pct,0.2,2.06120838,0.378,0.000569572250459736,1.0,1.0,1.0,1.0,1.0,5.28,19.76,0.055,22.482
3C,san_diego,small_office,glazing,single_pane,0.2,5.8,0.86,0.000569572250459736,0.7278,1.4334,1.0436,1.4903,1.0214,5.28,19.76,0.055,22.482
3C,san_diego,small_office,glazing,triple_low_e,0.2,0.85,0.2,0.000569572250459736,1.0807,0.825,1.019,0.8562,0.9443,5.28,19.76,0.055,22.482
3C,san_diego,small_office,infiltration,leaky,0.2,2.06120838,0.378,0.00114,1.7502,0.989,1.7102,0.9685,1.3156,5.28,19.76,0.055,22.482
3C,san_diego,small_office,infiltration,tight,0.2,2.06120838,0.378,0.000285,0.7993,1.0102,0.7607,1.018,0.8986,5.28,19.76,0.055,22.482
3C,san_diego,small_office,wwr,wwr_10pct,0.1,2.06120838,0.378,0.000569572250459736,1.5555,0.8603,1.4065,0.8545,1.1568,5.28,19.76,0.055,22.482
3C,san_diego,small_office,wwr,wwr_30pct,0.3,2.06120838,0.378,0.000569572250459736,0.7521,1.1715,0.7778,1.2184,0.9387,5.28,19.76,0.055,22.482
3C,san_diego,small_office,wwr,wwr_50pct,0.5,2.06120838,0.378,0.000569572250459736,0.551,1.4367,0.6595,1.5752,0.8897,5.28,19.76,0.055,22.482
3C,san_diego,small_office,wwr,wwr_70pct,0.7,2.06120838,0.378,0.000569572250459736,0.5868,1.6697,0.7358,1.9031,0.9898,5.28,19.76,0.055,22.482
3C,san_diego,small_office,wwr,wwr_90pct,0.9,2.06120838,0.378,0.000569572250459736,0.714,1.784,1.0162,2.1157,1.1286,5.28,19.76,0.055,22.482
3C,san_diego,small_office,glazing,double_low_e,0.2,2.06120838,0.378,0.000569572250459736,1.0,1.0,1.0,1.0,1.0,5.28,19.76,0.055,22.482
3C,san_diego,small_office,infiltration,standard,0.2,2.06120838,0.378,0.000569572250459736,1.0,1.0,1.0,1.0,1.0,5.28,19.76,0.055,22.482
3C,san_diego,small_office,glazing,double_pane,0.2,3.0,0.7,0.000569572250459736,0.3906,1.2888,0.3768,1.4004,0.7095,5.28,19.76,0.055,22.482
4C,seattle,small_office,wwr,wwr_20pct,0.2,2.06120838,0.378,0.000569572250459736,1.0,1.0,1.0,1.0,1.0,31.72,16.1,3.096,10.541
4C,seattle,small_office,glazing,single_pane,0.2,5.8,0.86,0.000569572250459736,1.0512,1.4583,1.4652,1.514,1.2382,31.72,16.1,3.096,10.541
4C,seattle,small_office,glazing,triple_low_e,0.2,0.85,0.2,0.000569572250459736,0.973,0.8227,0.7268,0.8676,0.8947,31.72,16.1,3.096,10.541
4C,seattle,small_office,infiltration,leaky,0.2,2.06120838,0.378,0.00114,1.0268,0.9838,1.2749,0.9186,1.0051,31.72,16.1,3.096,10.541
4C,seattle,small_office,infiltration,tight,0.2,2.06120838,0.378,0.000285,0.9833,1.0086,0.8715,1.0498,0.9959,31.72,16.1,3.096,10.541
4C,seattle,small_office,wwr,wwr_10pct,0.1,2.06120838,0.378,0.000569572250459736,0.9857,0.8575,0.8977,0.8547,0.9193,31.72,16.1,3.096,10.541
4C,seattle,small_office,wwr,wwr_30pct,0.3,2.06120838,0.378,0.000569572250459736,1.0103,1.2271,1.1149,1.2561,1.1134,31.72,16.1,3.096,10.541
4C,seattle,small_office,wwr,wwr_50pct,0.5,2.06120838,0.378,0.000569572250459736,1.0368,1.5262,1.3542,1.6507,1.258,31.72,16.1,3.096,10.541
4C,seattle,small_office,wwr,wwr_70pct,0.7,2.06120838,0.378,0.000569572250459736,1.059,1.7591,1.6047,1.9944,1.3648,31.72,16.1,3.096,10.541
4C,seattle,small_office,wwr,wwr_90pct,0.9,2.06120838,0.378,0.000569572250459736,1.0751,1.8788,1.897,2.1823,1.4212,31.72,16.1,3.096,10.541
4C,seattle,small_office,glazing,double_low_e,0.2,2.06120838,0.378,0.000569572250459736,1.0,1.0,1.0,1.0,1.0,31.72,16.1,3.096,10.541
4C,seattle,small_office,infiltration,standard,0.2,2.06120838,0.378,0.000569572250459736,1.0,1.0,1.0,1.0,1.0,31.72,16.1,3.096,10.541
4C,seattle,small_office,glazing,double_pane,0.2,3.0,0.7,0.000569572250459736,1.0081,1.3238,0.9245,1.4718,1.1552,31.72,16.1,3.096,10.541
2A,tampa,small_office,wwr,wwr_20pct,0.2,2.06120838,0.378,0.000569572250459736,1.0,1.0,1.0,1.0,1.0,3.7,35.11,0.029,40.323
2A,tampa,small_office,glazing,single_pane,0.2,5.8,0.86,0.000569572250459736,0.9458,1.1303,1.3856,1.3364,1.0339,3.7,35.11,0.029,40.323
2A,tampa,small_office,glazing,triple_low_e,0.2,0.85,0.2,0.000569572250459736,0.8783,1.0322,0.9359,0.8873,0.9522,3.7,35.11,0.029,40.323
2A,tampa,small_office,infiltration,leaky,0.2,2.06120838,0.378,0.00114,1.346,1.092,1.5472,1.0003,1.2124,3.7,35.11,0.029,40.323
2A,tampa,small_office,infiltration,tight,0.2,2.06120838,0.378,0.000285,0.8241,0.9275,0.8087,0.9977,0.8743,3.7,35.11,0.029,40.323
2A,tampa,small_office,wwr,wwr_10pct,0.1,2.06120838,0.378,0.000569572250459736,1.0876,1.0204,1.1489,0.9029,1.0534,3.7,35.11,0.029,40.323
2A,tampa,small_office,wwr,wwr_30pct,0.3,2.06120838,0.378,0.000569572250459736,0.8904,0.9826,0.8711,1.1407,0.9354,3.7,35.11,0.029,40.323
2A,tampa,small_office,wwr,wwr_50pct,0.5,2.06120838,0.378,0.000569572250459736,0.7014,1.1344,0.8961,1.3712,0.892,3.7,35.11,0.029,40.323
2A,tampa,small_office,wwr,wwr_70pct,0.7,2.06120838,0.378,0.000569572250459736,0.8067,1.0584,1.1253,1.5825,0.924,3.7,35.11,0.029,40.323
2A,tampa,small_office,wwr,wwr_90pct,0.9,2.06120838,0.378,0.000569572250459736,1.077,1.0971,1.7286,1.7256,1.087,3.7,35.11,0.029,40.323
2A,tampa,small_office,glazing,double_low_e,0.2,2.06120838,0.378,0.000569572250459736,1.0,1.0,1.0,1.0,1.0,3.7,35.11,0.029,40.323
2A,tampa,small_office,infiltration,standard,0.2,2.06120838,0.378,0.000569572250459736,1.0,1.0,1.0,1.0,1.0,3.7,35.11,0.029,40.323
2A,tampa,small_office,glazing,double_pane,0.2,3.0,0.7,0.000569572250459736,0.5639,0.9957,0.5138,1.239,0.7493,3.7,35.11,0.029,40.323
2B,tucson,small_office,wwr,wwr_20pct,0.2,2.06120838,0.378,0.000569572250459736,1.0,1.0,1.0,1.0,1.0,4.16,30.58,0.039,38.987
2B,tucson,small_office,glazing,single_pane,0.2,5.8,0.86,0.000569572250459736,0.9893,1.0966,1.037,1.4075,1.0416,4.16,30.58,0.039,38.987
2B,tucson,small_office,glazing,triple_low_e,0.2,0.85,0.2,0.000569572250459736,1.1757,0.9671,1.1182,0.8659,1.0663,4.16,30.58,0.039,38.987
2B,tucson,small_office,infiltration,leaky,0.2,2.06120838,0.378,0.00114,1.4423,1.0323,1.6494,0.9862,1.2202,4.16,30.58,0.039,38.987
2B,tucson,small_office,infiltration,tight,0.2,2.06120838,0.378,0.000285,0.6375,0.9849,0.7438,1.009,0.7924,4.16,30.58,0.039,38.987
2B,tucson,small_office,wwr,wwr_10pct,0.1,2.06120838,0.378,0.000569572250459736,1.442,0.9718,1.4392,0.8824,1.1838,4.16,30.58,0.039,38.987
2B,tucson,small_office,wwr,wwr_30pct,0.3,2.06120838,0.378,0.000569572250459736,0.7506,1.0337,0.7636,1.1643,0.8808,4.16,30.58,0.039,38.987
2B,tucson,small_office,wwr,wwr_50pct,0.5,2.06120838,0.378,0.000569572250459736,0.7786,1.1001,0.7404,1.4402,0.9255,4.16,30.58,0.039,38.987
2B,tucson,small_office,wwr,wwr_70pct,0.7,2.06120838,0.378,0.000569572250459736,0.931,1.2148,0.9771,1.6978,1.0635,4.16,30.58,0.039,38.987
2B,tucson,small_office,wwr,wwr_90pct,0.9,2.06120838,0.378,0.000569572250459736,1.1631,1.2891,1.5021,1.8829,1.2245,4.16,30.58,0.039,38.987
2B,tucson,small_office,glazing,double_low_e,0.2,2.06120838,0.378,0.000569572250459736,1.0,1.0,1.0,1.0,1.0,4.16,30.58,0.039,38.987
2B,tucson,small_office,infiltration,standard,0.2,2.06120838,0.378,0.000569572250459736,1.0,1.0,1.0,1.0,1.0,4.16,30.58,0.039,38.987
2B,tucson,small_office,glazing,double_pane,0.2,3.0,0.7,0.000569572250459736,0.6085,1.1292,0.3168,1.2879,0.829,4.16,30.58,0.039,38.987
3A,atlanta,warehouse,wwr,wwr_20pct,0.2,2.06120838,0.378,0.000569572250459736,1.0,1.0,1.0,1.0,1.0,133.47,42.57,26.795,42.786
3A,atlanta,warehouse,equipment,equip_high,0.2,2.06120838,0.378,0.000569572250459736,0.9721,1.0492,0.8472,1.1296,1.0099,133.47,42.57,26.795,42.786
3A,atlanta,warehouse,equipment,equip_low,0.2,2.06120838,0.378,0.000569572250459736,1.0127,0.9751,1.0928,0.9388,0.9937,133.47,42.57,26.795,42.786
3A,atlanta,warehouse,glazing,double_low_e,0.2,2.06120838,0.378,0.000569572250459736,1.0,1.0,1.0,1.0,1.0,133.47,42.57,26.795,42.786
3A,atlanta,warehouse,glazing,double_pane,0.2,3.0,0.7,0.000569572250459736,0.9957,1.0987,0.9339,1.1823,1.0459,133.47,42.57,26.795,42.786
3A,atlanta,warehouse,glazing,single_pane,0.2,5.8,0.86,0.000569572250459736,1.0147,1.1574,0.953,1.267,1.0837,133.47,42.57,26.795,42.786
3A,atlanta,warehouse,glazing,triple_low_e,0.2,0.85,0.2,0.000569572250459736,0.9913,0.9436,1.0017,0.9125,0.9671,133.47,42.57,26.795,42.786
3A,atlanta,warehouse,infiltration,leaky,0.2,2.06120838,0.378,0.00114,1.3191,1.1905,1.5117,0.9974,1.2531,133.47,42.57,26.795,42.786
3A,atlanta,warehouse,infiltration,standard,0.2,2.06120838,0.378,0.000569572250459736,1.0,1.0,1.0,1.0,1.0,133.47,42.57,26.795,42.786
3A,atlanta,warehouse,infiltration,tight,0.2,2.06120838,0.378,0.000285,0.8363,0.9017,0.7683,0.9941,0.8684,133.47,42.57,26.795,42.786
3A,atlanta,warehouse,lighting,lighting_high,0.2,2.06120838,0.378,0.000569572250459736,0.987,1.0426,0.9208,1.0982,1.0144,133.47,42.57,26.795,42.786
3A,atlanta,warehouse,lighting,lighting_low,0.2,2.06120838,0.378,0.000569572250459736,1.0126,0.957,1.0822,0.9059,0.9844,133.47,42.57,26.795,42.786
3A,atlanta,warehouse,people,people_high,0.2,2.06120838,0.378,0.000569572250459736,0.9995,1.0372,0.9753,1.0649,1.0182,133.47,42.57,26.795,42.786
3A,atlanta,warehouse,people,people_low,0.2,2.06120838,0.378,0.000569572250459736,1.0002,0.9813,1.0138,0.9696,0.9907,133.47,42.57,26.795,42.786
3A,atlanta,warehouse,schedule,sched_5day,0.2,2.06120838,0.378,0.000569572250459736,1.0,1.0,1.0,1.0,1.0,133.47,42.57,26.795,42.786
3A,atlanta,warehouse,schedule,sched_extended,0.2,2.06120838,0.378,0.000569572250459736,1.0,1.0,1.0,1.0,1.0,133.47,42.57,26.795,42.786
3A,atlanta,warehouse,wwr,wwr_10pct,0.1,2.06120838,0.378,0.000569572250459736,0.9997,0.9984,0.9995,0.9966,0.999,133.47,42.57,26.795,42.786
3A,atlanta,warehouse,wwr,wwr_30pct,0.3,2.06120838,0.378,0.000569572250459736,1.0042,1.065,0.9926,1.0847,1.0342,133.47,42.57,26.795,42.786
3A,atlanta,warehouse,wwr,wwr_50pct,0.5,2.06120838,0.378,0.000569572250459736,1.0084,1.1287,0.9898,1.1697,1.0668,133.47,42.57,26.795,42.786
3A,atlanta,warehouse,wwr,wwr_70pct,0.7,2.06120838,0.378,0.000569572250459736,1.0123,1.1898,0.9887,1.2517,1.0975,133.47,42.57,26.795,42.786
3A,atlanta,warehouse,wwr,wwr_90pct,0.9,2.06120838,0.378,0.000569572250459736,1.0162,1.2478,0.9879,1.3309,1.1261,133.47,42.57,26.795,42.786
5A,buffalo,warehouse,wwr,wwr_20pct,0.2,2.06120838,0.378,0.000569572250459736,1.0,1.0,1.0,1.0,1.0,175.68,30.55,158.034,11.351
5A,buffalo,warehouse,equipment,equip_high,0.2,2.06120838,0.378,0.000569572250459736,0.9829,1.075,0.9068,1.2858,1.0279,175.68,30.55,158.034,11.351
5A,buffalo,warehouse,equipment,equip_low,0.2,2.06120838,0.378,0.000569572250459736,1.0086,0.9715,1.0498,0.868,0.9899,175.68,30.55,158.034,11.351
5A,buffalo,warehouse,glazing,double_low_e,0.2,2.06120838,0.378,0.000569572250459736,1.0,1.0,1.0,1.0,1.0,175.68,30.55,158.034,11.351
5A,buffalo,warehouse,glazing,double_pane,0.2,3.0,0.7,0.000569572250459736,1.0046,1.1553,0.9796,1.3572,1.0773,175.68,30.55,158.034,11.351
5A,buffalo,warehouse,glazing,single_pane,0.2,5.8,0.86,0.000569572250459736,1.0265,1.2271,1.0019,1.5144,1.1224,175.68,30.55,158.034,11.351
5A,buffalo,warehouse,glazing,triple_low_e,0.2,0.85,0.2,0.000569572250459736,0.9881,0.8934,0.9934,0.8456,0.9396,175.68,30.55,158.034,11.351
5A,buffalo,warehouse,infiltration,leaky,0.2,2.06120838,0.378,0.00114,1.3637,1.078,1.3837,0.8219,1.2125,175.68,30.55,158.034,11.351
5A,buffalo,warehouse,infiltration,standard,0.2,2.06120838,0.378,0.000569572250459736,1.0,1.0,1.0,1.0,1.0,175.68,30.55,158.034,11.351
5A,buffalo,warehouse,infiltration,tight,0.2,2.06120838,0.378,0.000285,0.8453,0.9294,0.8126,1.1277,0.8864,175.68,30.55,158.034,11.351
5A,buffalo,warehouse,lighting,lighting_high,0.2,2.06120838,0.378,0.000569572250459736,0.9879,1.0827,0.961,1.1946,1.0342,175.68,30.55,158.034,11.351
5A,buffalo,warehouse,lighting,lighting_low,0.2,2.06120838,0.378,0.000569572250459736,1.0122,0.909,1.0405,0.8215,0.9592,175.68,30.55,158.034,11.351
5A,buffalo,warehouse,people,people_high,0.2,2.06120838,0.378,0.000569572250459736,0.9987,1.062,0.9903,1.1372,1.0299,175.68,30.55,158.034,11.351
5A,buffalo,warehouse,people,people_low,0.2,2.06120838,0.378,0.000569572250459736,1.0006,0.9742,1.0051,0.936,0.9873,175.68,30.55,158.034,11.351
5A,buffalo,warehouse,schedule,sched_5day,0.2,2.06120838,0.378,0.000569572250459736,1.0,1.0,1.0,1.0,1.0,175.68,30.55,158.034,11.351
5A,buffalo,warehouse,schedule,sched_extended,0.2,2.06120838,0.378,0.000569572250459736,1.0,1.0,1.0,1.0,1.0,175.68,30.55,158.034,11.351
5A,buffalo,warehouse,wwr,wwr_10pct,0.1,2.06120838,0.378,0.000569572250459736,0.9995,0.9974,0.9993,0.9942,0.9985,175.68,30.55,158.034,11.351
5A,buffalo,warehouse,wwr,wwr_30pct,0.3,2.06120838,0.378,0.000569572250459736,1.0062,1.0942,1.0052,1.1699,1.0493,175.68,30.55,158.034,11.351
5A,buffalo,warehouse,wwr,wwr_50pct,0.5,2.06120838,0.378,0.000569572250459736,1.0124,1.1838,1.0113,1.3425,1.0947,175.68,30.55,158.034,11.351
5A,buffalo,warehouse,wwr,wwr_70pct,0.7,2.06120838,0.378,0.000569572250459736,1.0183,1.2647,1.0177,1.5118,1.1348,175.68,30.55,158.034,11.351
5A,buffalo,warehouse,wwr,wwr_90pct,0.9,2.06120838,0.378,0.000569572250459736,1.0239,1.3342,1.0245,1.6776,1.1688,175.68,30.55,158.034,11.351
5B,denver,warehouse,wwr,wwr_20pct,0.2,2.06120838,0.378,0.000569572250459736,1.0,1.0,1.0,1.0,1.0,155.36,27.0,81.904,15.434
5B,denver,warehouse,equipment,equip_high,0.2,2.06120838,0.378,0.000569572250459736,0.977,1.0839,0.8448,1.2309,1.0291,155.36,27.0,81.904,15.434
5B,denver,warehouse,equipment,equip_low,0.2,2.06120838,0.378,0.000569572250459736,1.0089,0.9569,1.0851,0.895,0.9826,155.36,27.0,81.904,15.434
5B,denver,warehouse,glazing,double_low_e,0.2,2.06120838,0.378,0.000569572250459736,1.0,1.0,1.0,1.0,1.0,155.36,27.0,81.904,15.434
5B,denver,warehouse,glazing,double_pane,0.2,3.0,0.7,0.000569572250459736,1.0062,1.1984,0.9413,1.3217,1.0981,155.36,27.0,81.904,15.434
5B,denver,warehouse,glazing,single_pane,0.2,5.8,0.86,0.000569572250459736,1.0335,1.3039,0.963,1.462,1.1608,155.36,27.0,81.904,15.434
5B,denver,warehouse,glazing,triple_low_e,0.2,0.85,0.2,0.000569572250459736,0.9841,0.8859,0.9998,0.8563,0.9337,155.36,27.0,81.904,15.434
5B,denver,warehouse,infiltration,leaky,0.2,2.06120838,0.378,0.00114,1.2942,1.0317,1.3551,0.8614,1.1555,155.36,27.0,81.904,15.434
5B,denver,warehouse,infiltration,standard,0.2,2.06120838,0.378,0.000569572250459736,1.0,1.0,1.0,1.0,1.0,155.36,27.0,81.904,15.434
5B,denver,warehouse,infiltration,tight,0.2,2.06120838,0.378,0.000285,0.8799,0.9873,0.8272,1.1007,0.9321,155.36,27.0,81.904,15.434
5B,denver,warehouse,lighting,lighting_high,0.2,2.06120838,0.378,0.000569572250459736,0.9943,1.0719,0.9324,1.1639,1.0324,155.36,27.0,81.904,15.434
5B,denver,warehouse,lighting,lighting_low,0.2,2.06120838,0.378,0.000569572250459736,1.0066,0.9266,1.0695,0.844,0.9657,155.36,27.0,81.904,15.434
5B,denver,warehouse,people,people_high,0.2,2.06120838,0.378,0.000569572250459736,0.9996,1.0591,0.9834,1.1185,1.0289,155.36,27.0,81.904,15.434
5B,denver,warehouse,people,people_low,0.2,2.06120838,0.378,0.000569572250459736,1.0006,0.9701,1.0086,0.9506,0.9853,155.36,27.0,81.904,15.434
5B,denver,warehouse,schedule,sched_5day,0.2,2.06120838,0.378,0.000569572250459736,1.0,1.0,1.0,1.0,1.0,155.36,27.0,81.904,15.434
5B,denver,warehouse,schedule,sched_extended,0.2,2.06120838,0.378,0.000569572250459736,1.0,1.0,1.0,1.0,1.0,155.36,27.0,81.904,15.434
5B,denver,warehouse,wwr,wwr_10pct,0.1,2.06120838,0.378,0.000569572250459736,1.0001,0.9968,0.9987,0.9948,0.9984,155.36,27.0,81.904,15.434
5B,denver,warehouse,wwr,wwr_30pct,0.3,2.06120838,0.378,0.000569572250459736,1.0084,1.146,1.0014,1.1515,1.075,155.36,27.0,81.904,15.434
5B,denver,warehouse,wwr,wwr_50pct,0.5,2.06120838,0.378,0.000569572250459736,1.0165,1.2876,1.0057,1.307,1.144,155.36,27.0,81.904,15.434
5B,denver,warehouse,wwr,wwr_70pct,0.7,2.06120838,0.378,0.000569572250459736,1.0241,1.4203,1.0106,1.461,1.2061,155.36,27.0,81.904,15.434
5B,denver,warehouse,wwr,wwr_90pct,0.9,2.06120838,0.378,0.000569572250459736,1.0313,1.5459,1.0164,1.6115,1.2627,155.36,27.0,81.904,15.434
1A,miami,warehouse,wwr,wwr_20pct,0.2,2.06120838,0.378,0.000569572250459736,1.0,1.0,1.0,1.0,1.0,2.52,45.77,0.013,102.639
1A,miami,warehouse,equipment,equip_high,0.2,2.06120838,0.378,0.000569572250459736,0.4827,1.0461,0.2086,1.0861,0.7106,2.52,45.77,0.013,102.639
1A,miami,warehouse,equipment,equip_low,0.2,2.06120838,0.378,0.000569572250459736,1.2855,0.977,1.8461,0.9562,1.1207,2.52,45.77,0.013,102.639
1A,miami,warehouse,glazing,double_low_e,0.2,2.06120838,0.378,0.000569572250459736,1.0,1.0,1.0,1.0,1.0,2.52,45.77,0.013,102.639
1A,miami,warehouse,glazing,double_pane,0.2,3.0,0.7,0.000569572250459736,0.8045,1.0823,0.7253,1.1222,0.9331,2.52,45.77,0.013,102.639
1A,miami,warehouse,glazing,single_pane,0.2,5.8,0.86,0.000569572250459736,1.0497,1.1328,0.8731,1.1806,1.0904,2.52,45.77,0.013,102.639
1A,miami,warehouse,glazing,triple_low_e,0.2,0.85,0.2,0.000569572250459736,0.9493,0.9529,1.0352,0.9395,0.9511,2.52,45.77,0.013,102.639
1A,miami,warehouse,infiltration,leaky,0.2,2.06120838,0.378,0.00114,1.7507,1.2087,3.5168,1.0528,1.4547,2.52,45.77,0.013,102.639
1A,miami,warehouse,infiltration,standard,0.2,2.06120838,0.378,0.000569572250459736,1.0,1.0,1.0,1.0,1.0,2.52,45.77,0.013,102.639
1A,miami,warehouse,infiltration,tight,0.2,2.06120838,0.378,0.000285,0.5669,0.8996,0.4336,0.9562,0.7141,2.52,45.77,0.013,102.639
1A,miami,warehouse,lighting,lighting_high,0.2,2.06120838,0.378,0.000569572250459736,0.7269,1.0392,0.71,1.0764,0.8691,2.52,45.77,0.013,102.639
1A,miami,warehouse,lighting,lighting_low,0.2,2.06120838,0.378,0.000569572250459736,1.1643,0.9609,1.5502,0.9251,1.0577,2.52,45.77,0.013,102.639
1A,miami,warehouse,people,people_high,0.2,2.06120838,0.378,0.000569572250459736,0.8874,1.0344,0.8768,1.0415,0.9581,2.52,45.77,0.013,102.639
1A,miami,warehouse,people,people_low,0.2,2.06120838,0.378,0.000569572250459736,1.058,0.9829,1.103,0.9793,1.0197,2.52,45.77,0.013,102.639
1A,miami,warehouse,schedule,sched_5day,0.2,2.06120838,0.378,0.000569572250459736,1.0,1.0,1.0,1.0,1.0,2.52,45.77,0.013,102.639
1A,miami,warehouse,schedule,sched_extended,0.2,2.06120838,0.378,0.000569572250459736,1.0,1.0,1.0,1.0,1.0,2.52,45.77,0.013,102.639
1A,miami,warehouse,wwr,wwr_10pct,0.1,2.06120838,0.378,0.000569572250459736,0.9927,0.9983,0.9945,0.9975,0.9955,2.52,45.77,0.013,102.639
1A,miami,warehouse,wwr,wwr_30pct,0.3,2.06120838,0.378,0.000569572250459736,1.0521,1.0573,0.9618,1.0559,1.0547,2.52,45.77,0.013,102.639
1A,miami,warehouse,wwr,wwr_50pct,0.5,2.06120838,0.378,0.000569572250459736,1.0924,1.114,0.9803,1.111,1.1031,2.52,45.77,0.013,102.639
1A,miami,warehouse,wwr,wwr_70pct,0.7,2.06120838,0.378,0.000569572250459736,1.1315,1.1692,1.0011,1.1636,1.1502,2.52,45.77,0.013,102.639
1A,miami,warehouse,wwr,wwr_90pct,0.9,2.06120838,0.378,0.000569572250459736,1.1832,1.2243,1.0493,1.2138,1.2036,2.52,45.77,0.013,102.639
