county_fips,state_abbrev,county_name,k_wmpk,alpha_m2day,T_g_C,k_method,T_g_method,n_smu_pts_200km,rock_class_name,k_class_min,k_class_max
01001,AL,Autauga County,2.208,0.0867,20.03,SMU_IDW,surface+SMU_grad,9,alluvial_glacial,0.5,2.2
01003,AL,Baldwin County,1.535,0.0603,21.31,SMU_IDW,surface+SMU_grad,7,alluvial_glacial,0.5,2.2
01005,AL,Barbour County,2.205,0.0866,19.76,SMU_IDW,surface+SMU_grad,4,alluvial_glacial,0.5,2.2
01007,AL,Bibb County,2.508,0.0985,19.96,SMU_IDW,surface+SMU_grad,9,limestone_carbonate,2.5,4.0
01009,AL,Blount County,2.613,0.1026,19.58,SMU_IDW,surface+SMU_grad,7,alluvial_glacial,0.5,2.2
01011,AL,Bullock County,2.257,0.0886,19.93,SMU_IDW,surface+SMU_grad,7,alluvial_glacial,0.5,2.2
01013,AL,Butler County,1.723,0.0677,20.45,SMU_IDW,surface+SMU_grad,12,alluvial_glacial,0.5,2.2
01015,AL,Calhoun County,2.775,0.109,19.66,SMU_IDW,surface+SMU_grad,7,clay_shale,1.5,3.5
01017,AL,Chambers County,2.79,0.1096,19.71,SMU_IDW,surface+SMU_grad,6,metamorphic,1.5,4.5
01019,AL,Cherokee County,2.637,0.1036,19.69,SMU_IDW,surface+SMU_grad,7,limestone_carbonate,2.5,4.0
01021,AL,Chilton County,2.495,0.098,19.86,SMU_IDW,surface+SMU_grad,9,alluvial_glacial,0.5,2.2
01023,AL,Choctaw County,1.13,0.0444,21.35,SMU_IDW,surface+SMU_grad,14,alluvial_glacial,0.5,2.2
01025,AL,Clarke County,1.438,0.0565,20.68,SMU_IDW,surface+SMU_grad,10,limestone_carbonate,2.5,4.0
01027,AL,Clay County,2.8,0.11,19.59,SMU_IDW,surface+SMU_grad,6,metamorphic,1.5,4.5
01029,AL,Cleburne County,2.761,0.1084,19.69,SMU_IDW,surface+SMU_grad,7,metamorphic,1.5,4.5
01031,AL,Coffee County,1.864,0.0732,19.77,SMU_IDW,surface+SMU_grad,6,alluvial_glacial,0.5,2.2
01033,AL,Colbert County,2.294,0.0901,19.87,SMU_IDW,surface+SMU_grad,8,clay_shale,1.5,3.5
01035,AL,Conecuh County,1.515,0.0595,20.83,SMU_IDW,surface+SMU_grad,9,clay_shale,1.5,3.5
01037,AL,Coosa County,2.852,0.112,19.61,SMU_IDW,surface+SMU_grad,7,metamorphic,1.5,4.5
01039,AL,Covington County,1.604,0.063,20.69,SMU_IDW,surface+SMU_grad,8,alluvial_glacial,0.5,2.2
01041,AL,Crenshaw County,1.84,0.0723,20.24,SMU_IDW,surface+SMU_grad,10,alluvial_glacial,0.5,2.2
01043,AL,Cullman County,2.414,0.0948,19.62,SMU_IDW,surface+SMU_grad,7,alluvial_glacial,0.5,2.2
01045,AL,Dale County,1.988,0.0781,19.22,SMU_IDW,surface+SMU_grad,4,clay_shale,1.5,3.5
01047,AL,Dallas County,1.613,0.0633,20.3,SMU_IDW,surface+SMU_grad,13,alluvial_glacial,0.5,2.2
01049,AL,DeKalb County,2.371,0.0931,19.62,SMU_IDW,surface+SMU_grad,7,alluvial_glacial,0.5,2.2
01051,AL,Elmore County,2.575,0.1011,19.84,SMU_IDW,surface+SMU_grad,7,metamorphic,1.5,4.5
01053,AL,Escambia County,1.548,0.0608,21.27,SMU_IDW,surface+SMU_grad,9,alluvial_glacial,0.5,2.2
01055,AL,Etowah County,2.604,0.1023,19.64,SMU_IDW,surface+SMU_grad,7,alluvial_glacial,0.5,2.2
01057,AL,Fayette County,2.445,0.096,19.95,SMU_IDW,surface+SMU_grad,11,alluvial_glacial,0.5,2.2
01059,AL,Franklin County,2.33,0.0915,19.87,SMU_IDW,surface+SMU_grad,7,alluvial_glacial,0.5,2.2
01061,AL,Geneva County,1.907,0.0749,19.78,SMU_IDW,surface+SMU_grad,4,alluvial_glacial,0.5,2.2
01063,AL,Greene County,2.116,0.0831,20.19,SMU_IDW,surface+SMU_grad,8,alluvial_glacial,0.5,2.2
01065,AL,Hale County,1.887,0.0741,20.23,SMU_IDW,surface+SMU_grad,8,alluvial_glacial,0.5,2.2
01067,AL,Henry County,2.0,0.072,19.51,SGMC_CH1995,surface+SMU_grad,1,clay_shale,1.5,3.5
01069,AL,Houston County,1.954,0.0767,19.55,SMU_IDW,surface+SMU_grad,5,clay_shale,1.5,3.5
01071,AL,Jackson County,2.091,0.0821,19.49,SMU_IDW,surface+SMU_grad,7,clay_shale,1.5,3.5
01073,AL,Jefferson County,2.682,0.1053,19.72,SMU_IDW,surface+SMU_grad,8,alluvial_glacial,0.5,2.2
01075,AL,Lamar County,2.405,0.0945,19.99,SMU_IDW,surface+SMU_grad,10,alluvial_glacial,0.5,2.2
01077,AL,Lauderdale County,2.198,0.0863,19.81,SMU_IDW,surface+SMU_grad,5,limestone_carbonate,2.5,4.0
01079,AL,Lawrence County,2.262,0.0888,19.72,SMU_IDW,surface+SMU_grad,7,limestone_carbonate,2.5,4.0
01081,AL,Lee County,2.709,0.1064,19.8,SMU_IDW,surface+SMU_grad,6,metamorphic,1.5,4.5
01083,AL,Limestone County,1.971,0.0774,19.46,SMU_IDW,surface+SMU_grad,6,clay_shale,1.5,3.5
01085,AL,Lowndes County,1.824,0.0716,20.23,SMU_IDW,surface+SMU_grad,12,limestone_carbonate,2.5,4.0
01087,AL,Macon County,2.451,0.0963,19.89,SMU_IDW,surface+SMU_grad,7,alluvial_glacial,0.5,2.2
01089,AL,Madison County,1.766,0.0694,19.19,SMU_IDW,surface+SMU_grad,7,clay_shale,1.5,3.5
01091,AL,Marengo County,1.297,0.0509,20.32,SMU_IDW,surface+SMU_grad,11,alluvial_glacial,0.5,2.2
01093,AL,Marion County,2.44,0.0958,19.95,SMU_IDW,surface+SMU_grad,7,alluvial_glacial,0.5,2.2
01095,AL,Marshall County,2.221,0.0872,19.51,SMU_IDW,surface+SMU_grad,8,clay_shale,1.5,3.5
01097,AL,Mobile County,1.573,0.0618,20.88,SMU_IDW,surface+SMU_grad,9,alluvial_glacial,0.5,2.2
01099,AL,Monroe County,1.474,0.0579,20.7,SMU_IDW,surface+SMU_grad,10,alluvial_glacial,0.5,2.2
01101,AL,Montgomery County,2.054,0.0807,20.05,SMU_IDW,surface+SMU_grad,10,clay_shale,1.5,3.5
01103,AL,Morgan County,2.032,0.0798,19.46,SMU_IDW,surface+SMU_grad,6,alluvial_glacial,0.5,2.2
01105,AL,Perry County,1.817,0.0714,20.22,SMU_IDW,surface+SMU_grad,8,alluvial_glacial,0.5,2.2
01107,AL,Pickens County,2.639,0.1036,19.91,SMU_IDW,surface+SMU_grad,10,alluvial_glacial,0.5,2.2
01109,AL,Pike County,1.947,0.0765,19.9,SMU_IDW,surface+SMU_grad,8,alluvial_glacial,0.5,2.2
01111,AL,Randolph County,2.799,0.1099,19.68,SMU_IDW,surface+SMU_grad,6,metamorphic,1.5,4.5
01113,AL,Russell County,2.544,0.0999,19.87,SMU_IDW,surface+SMU_grad,5,alluvial_glacial,0.5,2.2
01115,AL,St. Clair County,2.842,0.1116,19.56,SMU_IDW,surface+SMU_grad,6,alluvial_glacial,0.5,2.2
01117,AL,Shelby County,2.82,0.1107,19.61,SMU_IDW,surface+SMU_grad,8,alluvial_glacial,0.5,2.2
01119,AL,Sumter County,1.864,0.0732,20.31,SMU_IDW,surface+SMU_grad,12,alluvial_glacial,0.5,2.2
01121,AL,Talladega County,3.012,0.1183,19.44,SMU_IDW,surface+SMU_grad,7,limestone_carbonate,2.5,4.0
01123,AL,Tallapoosa County,2.746,0.1078,19.68,SMU_IDW,surface+SMU_grad,7,undifferentiated,1.5,4.0
01125,AL,Tuscaloosa County,2.613,0.1026,19.91,SMU_IDW,surface+SMU_grad,11,undifferentiated,1.5,4.0
01127,AL,Walker County,2.536,0.0996,19.78,SMU_IDW,surface+SMU_grad,9,alluvial_glacial,0.5,2.2
01129,AL,Washington County,1.559,0.0612,20.77,SMU_IDW,surface+SMU_grad,11,alluvial_glacial,0.5,2.2
01131,AL,Wilcox County,1.447,0.0568,20.39,SMU_IDW,surface+SMU_grad,13,alluvial_glacial,0.5,2.2
01133,AL,Winston County,2.459,0.0966,19.77,SMU_IDW,surface+SMU_grad,7,alluvial_glacial,0.5,2.2
02013,AK,Aleutians East Borough,1.5,0.0648,7.5,SGMC_CH1995,surface+default_grad,0,alluvial_glacial,0.5,2.2
02016,AK,Aleutians West Census Area,2.5,0.0982,7.5,SGMC_CH1995,surface+default_grad,0,undifferentiated,1.5,4.0
02020,AK,Anchorage Municipality,2.5,0.0982,7.5,SGMC_CH1995,surface+default_grad,0,undifferentiated,1.5,4.0
02050,AK,Bethel Census Area,1.5,0.0648,7.5,SGMC_CH1995,surface+default_grad,0,alluvial_glacial,0.5,2.2
02060,AK,Bristol Bay Borough,1.5,0.0648,7.5,SGMC_CH1995,surface+default_grad,0,alluvial_glacial,0.5,2.2
02063,AK,Chugach Census Area,2.5,0.0982,7.5,SGMC_CH1995,surface+default_grad,0,undifferentiated,1.5,4.0
02066,AK,Copper River Census Area,2.5,0.0982,7.5,SGMC_CH1995,surface+default_grad,0,undifferentiated,1.5,4.0
02068,AK,Denali Borough,1.5,0.0648,7.5,SGMC_CH1995,surface+default_grad,0,alluvial_glacial,0.5,2.2
02070,AK,Dillingham Census Area,1.5,0.0648,7.5,SGMC_CH1995,surface+default_grad,0,alluvial_glacial,0.5,2.2
02090,AK,Fairbanks North Star Borough,1.5,0.0648,7.5,SGMC_CH1995,surface+default_grad,0,alluvial_glacial,0.5,2.2
02100,AK,Haines Borough,2.5,0.0982,9.03,SGMC_CH1995,surface+SMU_grad,0,undifferentiated,1.5,4.0
02105,AK,Hoonah-Angoon Census Area,1.5,0.0648,9.12,SGMC_CH1995,surface+SMU_grad,1,alluvial_glacial,0.5,2.2
02110,AK,Juneau City and Borough,2.299,0.0903,9.01,SMU_IDW,surface+SMU_grad,4,metamorphic,1.5,4.5
02122,AK,Kenai Peninsula Borough,1.5,0.0648,7.5,SGMC_CH1995,surface+default_grad,0,alluvial_glacial,0.5,2.2
02130,AK,Ketchikan Gateway Borough,3.552,0.1395,7.53,SMU_IDW,surface+SMU_grad,6,metamorphic,1.5,4.5
02150,AK,Kodiak Island Borough,2.5,0.0982,7.5,SGMC_CH1995,surface+default_grad,0,undifferentiated,1.5,4.0
02158,AK,Kusilvak Census Area,2.5,0.0982,7.5,SGMC_CH1995,surface+default_grad,0,undifferentiated,1.5,4.0
02164,AK,Lake and Peninsula Borough,1.5,0.0648,7.5,SGMC_CH1995,surface+default_grad,0,alluvial_glacial,0.5,2.2
02170,AK,Matanuska-Susitna Borough,2.5,0.0982,7.5,SGMC_CH1995,surface+default_grad,0,undifferentiated,1.5,4.0
02180,AK,Nome Census Area,2.9,0.1139,7.5,SGMC_CH1995,surface+default_grad,0,metamorphic,1.5,4.5
02185,AK,North Slope Borough,2.5,0.0982,6.64,SGMC_CH1995,surface+SMU_grad,0,undifferentiated,1.5,4.0
02188,AK,Northwest Arctic Borough,2.5,0.0982,7.5,SGMC_CH1995,surface+default_grad,0,undifferentiated,1.5,4.0
02195,AK,Petersburg Borough,1.963,0.0771,8.57,SMU_IDW,surface+SMU_grad,4,metamorphic,1.5,4.5
02198,AK,Prince of Wales-Hyder Census Area,3.056,0.12,7.61,SMU_IDW,surface+SMU_grad,10,undifferentiated,1.5,4.0
02220,AK,Sitka City and Borough,2.857,0.1122,9.65,SMU_IDW,surface+SMU_grad,4,undifferentiated,1.5,4.0
02230,AK,Skagway Municipality,1.5,0.0648,7.5,SGMC_CH1995,surface+default_grad,0,alluvial_glacial,0.5,2.2
02240,AK,Southeast Fairbanks Census Area,1.5,0.0648,7.5,SGMC_CH1995,surface+default_grad,0,alluvial_glacial,0.5,2.2
02275,AK,Wrangell City and Borough,2.82,0.1107,7.89,SMU_IDW,surface+SMU_grad,10,metamorphic,1.5,4.5
02282,AK,Yakutat City and Borough,2.5,0.0982,7.5,SGMC_CH1995,surface+default_grad,0,undifferentiated,1.5,4.0
02290,AK,Yukon-Koyukuk Census Area,2.9,0.1139,7.5,SGMC_CH1995,surface+default_grad,0,metamorphic,1.5,4.5
04001,AZ,Apache County,2.238,0.0879,23.09,SMU_IDW,surface+SMU_grad,108,alluvial_glacial,0.5,2.2
04003,AZ,Cochise County,1.877,0.0737,24.8,SMU_IDW,surface+SMU_grad,278,alluvial_glacial,0.5,2.2
04005,AZ,Coconino County,2.154,0.0846,21.35,SMU_IDW,surface+SMU_grad,67,alluvial_glacial,0.5,2.2
04007,AZ,Gila County,2.297,0.0902,23.1,SMU_IDW,surface+SMU_grad,250,alluvial_glacial,0.5,2.2
04009,AZ,Graham County,2.009,0.0789,24.54,SMU_IDW,surface+SMU_grad,312,clay_shale,1.5,3.5
04011,AZ,Greenlee County,2.103,0.0826,24.13,SMU_IDW,surface+SMU_grad,281,granite_felsic,2.5,4.5
04012,AZ,La Paz County,2.058,0.0808,23.24,SMU_IDW,surface+SMU_grad,420,alluvial_glacial,0.5,2.2
04013,AZ,Maricopa County,2.063,0.081,23.29,SMU_IDW,surface+SMU_grad,372,alluvial_glacial,0.5,2.2
04015,AZ,Mohave County,2.292,0.09,21.4,SMU_IDW,surface+SMU_grad,188,alluvial_glacial,0.5,2.2
04017,AZ,Navajo County,2.54,0.0998,21.51,SMU_IDW,surface+SMU_grad,70,alluvial_glacial,0.5,2.2
04019,AZ,Pima County,1.93,0.0758,24.84,SMU_IDW,surface+SMU_grad,312,granite_felsic,2.5,4.5
04021,AZ,Pinal County,1.787,0.0702,23.95,SMU_IDW,surface+SMU_grad,369,alluvial_glacial,0.5,2.2
04023,AZ,Santa Cruz County,1.77,0.0695,25.32,SMU_IDW,surface+SMU_grad,262,granite_felsic,2.5,4.5
04025,AZ,Yavapai County,2.029,0.0797,22.37,SMU_IDW,surface+SMU_grad,272,granite_felsic,2.5,4.5
04027,AZ,Yuma County,1.799,0.0707,23.94,SMU_IDW,surface+SMU_grad,320,alluvial_glacial,0.5,2.2
05001,AR,Arkansas County,2.337,0.0918,19.37,SMU_IDW,surface+SMU_grad,20,undifferentiated,1.5,4.0
05003,AR,Ashley County,2.495,0.098,19.78,SMU_IDW,surface+SMU_grad,20,undifferentiated,1.5,4.0
05005,AR,Baxter County,2.897,0.1138,18.4,SMU_IDW,surface+SMU_grad,13,limestone_carbonate,2.5,4.0
05007,AR,Benton County,2.103,0.0826,19.0,SMU_IDW,surface+SMU_grad,18,limestone_carbonate,2.5,4.0
05009,AR,Boone County,2.805,0.1102,18.38,SMU_IDW,surface+SMU_grad,14,limestone_carbonate,2.5,4.0
05011,AR,Bradley County,2.516,0.0988,19.73,SMU_IDW,surface+SMU_grad,17,undifferentiated,1.5,4.0
05013,AR,Calhoun County,2.512,0.0987,23.27,SMU_IDW,surface+SMU_grad,14,undifferentiated,1.5,4.0
05015,AR,Carroll County,2.183,0.0857,18.19,SMU_IDW,surface+SMU_grad,18,limestone_carbonate,2.5,4.0
05017,AR,Chicot County,2.162,0.0849,19.53,SMU_IDW,surface+SMU_grad,20,undifferentiated,1.5,4.0
05019,AR,Clark County,2.328,0.0914,19.39,SMU_IDW,surface+SMU_grad,9,alluvial_glacial,0.5,2.2
05021,AR,Clay County,2.667,0.1047,18.67,SMU_IDW,surface+SMU_grad,16,undifferentiated,1.5,4.0
05023,AR,Cleburne County,2.442,0.0959,18.65,SMU_IDW,surface+SMU_grad,22,alluvial_glacial,0.5,2.2
05025,AR,Cleveland County,2.368,0.093,19.66,SMU_IDW,surface+SMU_grad,14,undifferentiated,1.5,4.0
05027,AR,Columbia County,2.525,0.0992,19.72,SMU_IDW,surface+SMU_grad,14,alluvial_glacial,0.5,2.2
05029,AR,Conway County,2.338,0.0918,18.87,SMU_IDW,surface+SMU_grad,13,alluvial_glacial,0.5,2.2
05031,AR,Craighead County,2.58,0.1013,18.73,SMU_IDW,surface+SMU_grad,20,undifferentiated,1.5,4.0
05033,AR,Crawford County,1.981,0.0778,19.58,SMU_IDW,surface+SMU_grad,16,alluvial_glacial,0.5,2.2
05035,AR,Crittenden County,2.491,0.0978,18.64,SMU_IDW,surface+SMU_grad,18,undifferentiated,1.5,4.0
05037,AR,Cross County,2.41,0.0946,18.76,SMU_IDW,surface+SMU_grad,18,alluvial_glacial,0.5,2.2
05039,AR,Dallas County,2.346,0.0921,22.73,SMU_IDW,surface+SMU_grad,14,undifferentiated,1.5,4.0
05041,AR,Desha County,2.282,0.0896,19.4,SMU_IDW,surface+SMU_grad,21,undifferentiated,1.5,4.0
05043,AR,Drew County,2.395,0.0941,19.61,SMU_IDW,surface+SMU_grad,17,undifferentiated,1.5,4.0
05045,AR,Faulkner County,2.202,0.0865,19.08,SMU_IDW,surface+SMU_grad,16,alluvial_glacial,0.5,2.2
05047,AR,Franklin County,2.043,0.0802,19.18,SMU_IDW,surface+SMU_grad,17,alluvial_glacial,0.5,2.2
05049,AR,Fulton County,2.692,0.1057,18.35,SMU_IDW,surface+SMU_grad,16,limestone_carbonate,2.5,4.0
05051,AR,Garland County,2.169,0.0852,19.22,SMU_IDW,surface+SMU_grad,11,clay_shale,1.5,3.5
05053,AR,Grant County,2.225,0.0874,19.58,SMU_IDW,surface+SMU_grad,14,alluvial_glacial,0.5,2.2
05055,AR,Greene County,2.622,0.103,18.7,SMU_IDW,surface+SMU_grad,18,alluvial_glacial,0.5,2.2
05057,AR,Hempstead County,2.332,0.0916,19.39,SMU_IDW,surface+SMU_grad,12,clay_shale,1.5,3.5
05059,AR,Hot Spring County,2.307,0.0906,19.34,SMU_IDW,surface+SMU_grad,13,alluvial_glacial,0.5,2.2
05061,AR,Howard County,2.156,0.0847,19.27,SMU_IDW,surface+SMU_grad,8,alluvial_glacial,0.5,2.2
05063,AR,Independence County,2.531,0.0994,18.69,SMU_IDW,surface+SMU_grad,22,clay_shale,1.5,3.5
05065,AR,Izard County,2.662,0.1045,18.49,SMU_IDW,surface+SMU_grad,17,alluvial_glacial,0.5,2.2
05067,AR,Jackson County,2.497,0.0981,18.76,SMU_IDW,surface+SMU_grad,21,undifferentiated,1.5,4.0
05069,AR,Jefferson County,2.378,0.0934,22.9,SMU_IDW,surface+SMU_grad,15,undifferentiated,1.5,4.0
05071,AR,Johnson County,2.108,0.0828,18.76,SMU_IDW,surface+SMU_grad,12,alluvial_glacial,0.5,2.2
05073,AR,Lafayette County,2.476,0.0972,23.57,SMU_IDW,surface+SMU_grad,12,undifferentiated,1.5,4.0
05075,AR,Lawrence County,2.605,0.1023,18.66,SMU_IDW,surface+SMU_grad,22,undifferentiated,1.5,4.0
05077,AR,Lee County,1.932,0.0759,18.92,SMU_IDW,surface+SMU_grad,18,undifferentiated,1.5,4.0
05079,AR,Lincoln County,2.355,0.0925,22.88,SMU_IDW,surface+SMU_grad,16,undifferentiated,1.5,4.0
05081,AR,Little River County,2.043,0.0802,22.97,SMU_IDW,surface+SMU_grad,16,undifferentiated,1.5,4.0
05083,AR,Logan County,2.094,0.0822,19.03,SMU_IDW,surface+SMU_grad,11,alluvial_glacial,0.5,2.2
05085,AR,Lonoke County,2.234,0.0877,22.19,SMU_IDW,surface+SMU_grad,19,undifferentiated,1.5,4.0
05087,AR,Madison County,1.823,0.0716,18.83,SMU_IDW,surface+SMU_grad,20,alluvial_glacial,0.5,2.2
05089,AR,Marion County,3.522,0.1383,18.38,SMU_IDW,surface+SMU_grad,11,limestone_carbonate,2.5,4.0
05091,AR,Miller County,2.292,0.09,23.6,SMU_IDW,surface+SMU_grad,16,alluvial_glacial,0.5,2.2
05093,AR,Mississippi County,2.695,0.1058,18.82,SMU_IDW,surface+SMU_grad,18,undifferentiated,1.5,4.0
05095,AR,Monroe County,2.226,0.0874,19.05,SMU_IDW,surface+SMU_grad,18,undifferentiated,1.5,4.0
05097,AR,Montgomery County,2.161,0.0849,19.1,SMU_IDW,surface+SMU_grad,11,alluvial_glacial,0.5,2.2
05099,AR,Nevada County,2.409,0.0946,19.51,SMU_IDW,surface+SMU_grad,13,alluvial_glacial,0.5,2.2
05101,AR,Newton County,1.8,0.0707,18.26,SMU_IDW,surface+SMU_grad,15,alluvial_glacial,0.5,2.2
05103,AR,Ouachita County,2.48,0.0974,19.67,SMU_IDW,surface+SMU_grad,13,alluvial_glacial,0.5,2.2
05105,AR,Perry County,2.189,0.086,19.1,SMU_IDW,surface+SMU_grad,12,undifferentiated,1.5,4.0
05107,AR,Phillips County,2.226,0.0874,18.81,SMU_IDW,surface+SMU_grad,18,undifferentiated,1.5,4.0
05109,AR,Pike County,2.176,0.0855,19.15,SMU_IDW,surface+SMU_grad,7,alluvial_glacial,0.5,2.2
05111,AR,Poinsett County,2.529,0.0993,18.73,SMU_IDW,surface+SMU_grad,19,alluvial_glacial,0.5,2.2
05113,AR,Polk County,2.059,0.0809,19.23,SMU_IDW,surface+SMU_grad,6,alluvial_glacial,0.5,2.2
05115,AR,Pope County,2.42,0.095,18.67,SMU_IDW,surface+SMU_grad,12,alluvial_glacial,0.5,2.2
05117,AR,Prairie County,2.316,0.091,21.72,SMU_IDW,surface+SMU_grad,19,undifferentiated,1.5,4.0
05119,AR,Pulaski County,1.803,0.0708,19.47,SMU_IDW,surface+SMU_grad,13,alluvial_glacial,0.5,2.2
05121,AR,Randolph County,2.698,0.106,18.58,SMU_IDW,surface+SMU_grad,19,limestone_carbonate,2.5,4.0
05123,AR,St. Francis County,2.22,0.0872,18.83,SMU_IDW,surface+SMU_grad,18,alluvial_glacial,0.5,2.2
05125,AR,Saline County,2.056,0.0807,19.36,SMU_IDW,surface+SMU_grad,12,clay_shale,1.5,3.5
05127,AR,Scott County,2.113,0.083,19.16,SMU_IDW,surface+SMU_grad,10,alluvial_glacial,0.5,2.2
05129,AR,Searcy County,2.866,0.1126,18.21,SMU_IDW,surface+SMU_grad,12,limestone_carbonate,2.5,4.0
05131,AR,Sebastian County,2.141,0.0841,19.21,SMU_IDW,surface+SMU_grad,13,alluvial_glacial,0.5,2.2
05133,AR,Sevier County,2.046,0.0804,19.43,SMU_IDW,surface+SMU_grad,10,undifferentiated,1.5,4.0
05135,AR,Sharp County,2.625,0.1031,18.54,SMU_IDW,surface+SMU_grad,24,limestone_carbonate,2.5,4.0
05137,AR,Stone County,2.531,0.0994,18.45,SMU_IDW,surface+SMU_grad,17,alluvial_glacial,0.5,2.2
05139,AR,Union County,2.615,0.1027,19.88,SMU_IDW,surface+SMU_grad,13,alluvial_glacial,0.5,2.2
05141,AR,Van Buren County,2.416,0.0949,18.38,SMU_IDW,surface+SMU_grad,14,alluvial_glacial,0.5,2.2
05143,AR,Washington County,1.834,0.072,19.42,SMU_IDW,surface+SMU_grad,18,alluvial_glacial,0.5,2.2
05145,AR,White County,2.384,0.0936,19.0,SMU_IDW,surface+SMU_grad,20,alluvial_glacial,0.5,2.2
05147,AR,Woodruff County,2.386,0.0937,18.91,SMU_IDW,surface+SMU_grad,20,alluvial_glacial,0.5,2.2
05149,AR,Yell County,2.183,0.0857,19.07,SMU_IDW,surface+SMU_grad,11,alluvial_glacial,0.5,2.2
06001,CA,Alameda County,2.802,0.11,19.55,SMU_IDW,surface+SMU_grad,53,clay_shale,1.5,3.5
06003,CA,Alpine County,1.983,0.0779,18.76,SMU_IDW,surface+SMU_grad,341,basalt_mafic,1.0,3.0
06005,CA,Amador County,2.63,0.1033,18.1,SMU_IDW,surface+SMU_grad,142,clay_shale,1.5,3.5
06007,CA,Butte County,2.26,0.0888,18.27,SMU_IDW,surface+SMU_grad,99,basalt_mafic,1.0,3.0
06009,CA,Calaveras County,2.373,0.0932,19.19,SMU_IDW,surface+SMU_grad,117,clay_shale,1.5,3.5
06011,CA,Colusa County,2.386,0.0937,19.68,SMU_IDW,surface+SMU_grad,66,undifferentiated,1.5,4.0
06013,CA,Contra Costa County,2.497,0.0981,19.06,SMU_IDW,surface+SMU_grad,56,undifferentiated,1.5,4.0
06015,CA,Del Norte County,2.382,0.0935,16.05,SMU_IDW,surface+SMU_grad,31,undifferentiated,1.5,4.0
06017,CA,El Dorado County,2.645,0.1039,17.71,SMU_IDW,surface+SMU_grad,239,basalt_mafic,1.0,3.0
06019,CA,Fresno County,1.69,0.0664,21.02,SMU_IDW,surface+SMU_grad,100,undifferentiated,1.5,4.0
06021,CA,Glenn County,2.427,0.0953,18.64,SMU_IDW,surface+SMU_grad,62,alluvial_glacial,0.5,2.2
06023,CA,Humboldt County,2.788,0.1095,17.33,SMU_IDW,surface+SMU_grad,16,alluvial_glacial,0.5,2.2
06025,CA,Imperial County,1.68,0.066,25.13,SMU_IDW,surface+SMU_grad,263,undifferentiated,1.5,4.0
06027,CA,Inyo County,2.089,0.082,22.0,SMU_IDW,surface+SMU_grad,228,granite_felsic,2.5,4.5
06029,CA,Kern County,2.394,0.094,22.07,SMU_IDW,surface+SMU_grad,227,alluvial_glacial,0.5,2.2
06031,CA,Kings County,2.276,0.0894,18.82,SMU_IDW,surface+SMU_grad,114,undifferentiated,1.5,4.0
06033,CA,Lake County,2.491,0.0978,20.57,SMU_IDW,surface+SMU_grad,59,alluvial_glacial,0.5,2.2
06035,CA,Lassen County,1.614,0.0634,18.06,SMU_IDW,surface+SMU_grad,262,basalt_mafic,1.0,3.0
06037,CA,Los Angeles County,2.067,0.0812,23.87,SMU_IDW,surface+SMU_grad,245,granite_felsic,2.5,4.5
06039,CA,Madera County,2.591,0.1018,19.06,SMU_IDW,surface+SMU_grad,122,granite_felsic,2.5,4.5
06041,CA,Marin County,2.379,0.0934,20.52,SMU_IDW,surface+SMU_grad,53,undifferentiated,1.5,4.0
06043,CA,Mariposa County,2.293,0.0901,19.74,SMU_IDW,surface+SMU_grad,131,clay_shale,1.5,3.5
06045,CA,Mendocino County,2.773,0.1089,19.12,SMU_IDW,surface+SMU_grad,45,alluvial_glacial,0.5,2.2
06047,CA,Merced County,2.397,0.0941,20.52,SMU_IDW,surface+SMU_grad,56,undifferentiated,1.5,4.0
06049,CA,Modoc County,1.369,0.0538,19.44,SMU_IDW,surface+SMU_grad,179,basalt_mafic,1.0,3.0
06051,CA,Mono County,2.707,0.1063,18.03,SMU_IDW,surface+SMU_grad,288,granite_felsic,2.5,4.5
06053,CA,Monterey County,2.174,0.0854,19.16,SMU_IDW,surface+SMU_grad,59,alluvial_glacial,0.5,2.2
06055,CA,Napa County,2.189,0.086,21.38,SMU_IDW,surface+SMU_grad,57,alluvial_glacial,0.5,2.2
06057,CA,Nevada County,2.681,0.1053,17.28,SMU_IDW,surface+SMU_grad,269,clay_shale,1.5,3.5
06059,CA,Orange County,1.818,0.0714,25.58,SMU_IDW,surface+SMU_grad,261,undifferentiated,1.5,4.0
06061,CA,Placer County,2.451,0.0963,17.81,SMU_IDW,surface+SMU_grad,256,basalt_mafic,1.0,3.0
06063,CA,Plumas County,1.998,0.0785,18.03,SMU_IDW,surface+SMU_grad,243,basalt_mafic,1.0,3.0
06065,CA,Riverside County,2.321,0.0912,22.77,SMU_IDW,surface+SMU_grad,314,granite_felsic,2.5,4.5
06067,CA,Sacramento County,2.432,0.0955,18.7,SMU_IDW,surface+SMU_grad,88,undifferentiated,1.5,4.0
06069,CA,San Benito County,2.291,0.09,18.89,SMU_IDW,surface+SMU_grad,57,alluvial_glacial,0.5,2.2
06071,CA,San Bernardino County,2.515,0.0988,21.45,SMU_IDW,surface+SMU_grad,356,undifferentiated,1.5,4.0
06073,CA,San Diego County,1.992,0.0782,24.78,SMU_IDW,surface+SMU_grad,212,granite_felsic,2.5,4.5
06075,CA,San Francisco County,2.39,0.0939,21.51,SMU_IDW,surface+SMU_grad,44,undifferentiated,1.5,4.0
06077,CA,San Joaquin County,2.275,0.0893,18.84,SMU_IDW,surface+SMU_grad,67,undifferentiated,1.5,4.0
06079,CA,San Luis Obispo County,2.567,0.1008,22.22,SMU_IDW,surface+SMU_grad,84,granite_felsic,2.5,4.5
06081,CA,San Mateo County,2.305,0.0905,21.33,SMU_IDW,surface+SMU_grad,47,alluvial_glacial,0.5,2.2
06083,CA,Santa Barbara County,1.648,0.0647,24.64,SMU_IDW,surface+SMU_grad,110,alluvial_glacial,0.5,2.2
06085,CA,Santa Clara County,2.349,0.0923,21.0,SMU_IDW,surface+SMU_grad,53,alluvial_glacial,0.5,2.2
06087,CA,Santa Cruz County,2.387,0.0937,19.3,SMU_IDW,surface+SMU_grad,44,alluvial_glacial,0.5,2.2
06089,CA,Shasta County,2.015,0.0791,17.36,SMU_IDW,surface+SMU_grad,54,basalt_mafic,1.0,3.0
06091,CA,Sierra County,1.938,0.0761,18.1,SMU_IDW,surface+SMU_grad,334,basalt_mafic,1.0,3.0
06093,CA,Siskiyou County,1.883,0.074,16.51,SMU_IDW,surface+SMU_grad,56,basalt_mafic,1.0,3.0
06095,CA,Solano County,2.342,0.092,19.92,SMU_IDW,surface+SMU_grad,57,undifferentiated,1.5,4.0
06097,CA,Sonoma County,2.438,0.0957,21.44,SMU_IDW,surface+SMU_grad,51,undifferentiated,1.5,4.0
06099,CA,Stanislaus County,2.366,0.0929,20.26,SMU_IDW,surface+SMU_grad,61,undifferentiated,1.5,4.0
06101,CA,Sutter County,2.022,0.0794,18.41,SMU_IDW,surface+SMU_grad,90,undifferentiated,1.5,4.0
06103,CA,Tehama County,2.449,0.0962,17.77,SMU_IDW,surface+SMU_grad,71,undifferentiated,1.5,4.0
06105,CA,Trinity County,2.496,0.098,16.85,SMU_IDW,surface+SMU_grad,53,undifferentiated,1.5,4.0
06107,CA,Tulare County,2.347,0.0922,21.61,SMU_IDW,surface+SMU_grad,188,granite_felsic,2.5,4.5
06109,CA,Tuolumne County,2.013,0.0791,19.55,SMU_IDW,surface+SMU_grad,210,basalt_mafic,1.0,3.0
06111,CA,Ventura County,1.75,0.0687,23.42,SMU_IDW,surface+SMU_grad,213,alluvial_glacial,0.5,2.2
06113,CA,Yolo County,2.108,0.0828,19.47,SMU_IDW,surface+SMU_grad,68,undifferentiated,1.5,4.0
06115,CA,Yuba County,2.585,0.1015,18.08,SMU_IDW,surface+SMU_grad,108,basalt_mafic,1.0,3.0
08001,CO,Adams County,2.986,0.1173,17.79,SMU_IDW,surface+SMU_grad,77,alluvial_glacial,0.5,2.2
08003,CO,Alamosa County,1.397,0.0549,22.7,SMU_IDW,surface+SMU_grad,206,alluvial_glacial,0.5,2.2
08005,CO,Arapahoe County,2.955,0.1161,17.87,SMU_IDW,surface+SMU_grad,97,alluvial_glacial,0.5,2.2
08007,CO,Archuleta County,2.328,0.0914,22.04,SMU_IDW,surface+SMU_grad,253,alluvial_glacial,0.5,2.2
08009,CO,Baca County,2.264,0.0889,17.88,SMU_IDW,surface+SMU_grad,25,alluvial_glacial,0.5,2.2
08011,CO,Bent County,2.037,0.08,18.48,SMU_IDW,surface+SMU_grad,46,alluvial_glacial,0.5,2.2
08013,CO,Boulder County,2.628,0.1032,17.61,SMU_IDW,surface+SMU_grad,106,granite_felsic,2.5,4.5
08014,CO,Broomfield County,3.15,0.1237,17.84,SMU_IDW,surface+SMU_grad,105,alluvial_glacial,0.5,2.2
08015,CO,Chaffee County,2.778,0.1091,19.55,SMU_IDW,surface+SMU_grad,143,granite_felsic,2.5,4.5
08017,CO,Cheyenne County,1.318,0.0518,19.23,SMU_IDW,surface+SMU_grad,23,clay_shale,1.5,3.5
08019,CO,Clear Creek County,3.393,0.1333,18.02,SMU_IDW,surface+SMU_grad,116,metamorphic,1.5,4.5
08021,CO,Conejos County,2.183,0.0857,22.54,SMU_IDW,surface+SMU_grad,261,basalt_mafic,1.0,3.0
08023,CO,Costilla County,2.021,0.0794,19.56,SMU_IDW,surface+SMU_grad,200,alluvial_glacial,0.5,2.2
08025,CO,Crowley County,2.222,0.0873,18.33,SMU_IDW,surface+SMU_grad,58,clay_shale,1.5,3.5
08027,CO,Custer County,2.11,0.0829,19.96,SMU_IDW,surface+SMU_grad,155,undifferentiated,1.5,4.0
08029,CO,Delta County,2.929,0.115,19.06,SMU_IDW,surface+SMU_grad,105,alluvial_glacial,0.5,2.2
08031,CO,Denver County,3.156,0.1239,17.37,SMU_IDW,surface+SMU_grad,104,alluvial_glacial,0.5,2.2
08033,CO,Dolores County,2.77,0.1088,20.4,SMU_IDW,surface+SMU_grad,120,alluvial_glacial,0.5,2.2
08035,CO,Douglas County,3.003,0.1179,18.83,SMU_IDW,surface+SMU_grad,110,clay_shale,1.5,3.5
08037,CO,Eagle County,3.504,0.1376,17.87,SMU_IDW,surface+SMU_grad,128,clay_shale,1.5,3.5
08039,CO,Elbert County,2.748,0.1079,19.27,SMU_IDW,surface+SMU_grad,90,clay_shale,1.5,3.5
08041,CO,El Paso County,2.489,0.0977,19.56,SMU_IDW,surface+SMU_grad,110,alluvial_glacial,0.5,2.2
08043,CO,Fremont County,2.461,0.0967,19.48,SMU_IDW,surface+SMU_grad,150,metamorphic,1.5,4.5
08045,CO,Garfield County,2.231,0.0876,19.27,SMU_IDW,surface+SMU_grad,100,alluvial_glacial,0.5,2.2
08047,CO,Gilpin County,2.596,0.102,17.75,SMU_IDW,surface+SMU_grad,117,metamorphic,1.5,4.5
08049,CO,Grand County,3.091,0.1214,17.77,SMU_IDW,surface+SMU_grad,109,clay_shale,1.5,3.5
08051,CO,Gunnison County,3.046,0.1196,19.32,SMU_IDW,surface+SMU_grad,142,basalt_mafic,1.0,3.0
08053,CO,Hinsdale County,2.752,0.1081,20.94,SMU_IDW,surface+SMU_grad,169,basalt_mafic,1.0,3.0
08055,CO,Huerfano County,2.329,0.0915,21.05,SMU_IDW,surface+SMU_grad,131,clay_shale,1.5,3.5
08057,CO,Jackson County,3.046,0.1196,17.32,SMU_IDW,surface+SMU_grad,93,clay_shale,1.5,3.5
08059,CO,Jefferson County,3.074,0.1207,18.16,SMU_IDW,surface+SMU_grad,113,metamorphic,1.5,4.5
08061,CO,Kiowa County,1.495,0.0587,19.03,SMU_IDW,surface+SMU_grad,35,clay_shale,1.5,3.5
08063,CO,Kit Carson County,1.356,0.0533,19.04,SMU_IDW,surface+SMU_grad,21,alluvial_glacial,0.5,2.2
08065,CO,Lake County,3.337,0.1311,18.75,SMU_IDW,surface+SMU_grad,148,alluvial_glacial,0.5,2.2
08067,CO,La Plata County,2.432,0.0955,21.16,SMU_IDW,surface+SMU_grad,181,alluvial_glacial,0.5,2.2
08069,CO,Larimer County,3.436,0.1349,17.11,SMU_IDW,surface+SMU_grad,75,metamorphic,1.5,4.5
08071,CO,Las Animas County,2.262,0.0888,21.95,SMU_IDW,surface+SMU_grad,94,clay_shale,1.5,3.5
08073,CO,Lincoln County,1.853,0.0728,18.78,SMU_IDW,surface+SMU_grad,55,alluvial_glacial,0.5,2.2
08075,CO,Logan County,1.322,0.0519,18.99,SMU_IDW,surface+SMU_grad,35,alluvial_glacial,0.5,2.2
08077,CO,Mesa County,2.499,0.0981,18.37,SMU_IDW,surface+SMU_grad,92,alluvial_glacial,0.5,2.2
08079,CO,Mineral County,2.466,0.0968,21.66,SMU_IDW,surface+SMU_grad,235,basalt_mafic,1.0,3.0
08081,CO,Moffat County,1.962,0.0771,18.25,SMU_IDW,surface+SMU_grad,51,alluvial_glacial,0.5,2.2
08083,CO,Montezuma County,2.485,0.0976,21.0,SMU_IDW,surface+SMU_grad,136,alluvial_glacial,0.5,2.2
08085,CO,Montrose County,2.833,0.1113,19.3,SMU_IDW,surface+SMU_grad,120,alluvial_glacial,0.5,2.2
08087,CO,Morgan County,2.536,0.0996,18.21,SMU_IDW,surface+SMU_grad,52,alluvial_glacial,0.5,2.2
08089,CO,Otero County,2.162,0.0849,18.32,SMU_IDW,surface+SMU_grad,65,alluvial_glacial,0.5,2.2
08091,CO,Ouray County,2.877,0.113,20.47,SMU_IDW,surface+SMU_grad,158,alluvial_glacial,0.5,2.2
08093,CO,Park County,3.051,0.1198,19.02,SMU_IDW,surface+SMU_grad,130,alluvial_glacial,0.5,2.2
08095,CO,Phillips County,1.307,0.0513,19.2,SMU_IDW,surface+SMU_grad,38,alluvial_glacial,0.5,2.2
08097,CO,Pitkin County,3.237,0.1271,18.61,SMU_IDW,surface+SMU_grad,143,alluvial_glacial,0.5,2.2
08099,CO,Prowers County,1.688,0.0663,18.5,SMU_IDW,surface+SMU_grad,21,clay_shale,1.5,3.5
08101,CO,Pueblo County,2.741,0.1076,20.17,SMU_IDW,surface+SMU_grad,120,clay_shale,1.5,3.5
08103,CO,Rio Blanco County,1.333,0.0524,19.87,SMU_IDW,surface+SMU_grad,67,alluvial_glacial,0.5,2.2
08105,CO,Rio Grande County,2.57,0.1009,21.23,SMU_IDW,surface+SMU_grad,237,basalt_mafic,1.0,3.0
08107,CO,Routt County,2.85,0.1119,17.91,SMU_IDW,surface+SMU_grad,95,alluvial_glacial,0.5,2.2
08109,CO,Saguache County,2.278,0.0895,21.48,SMU_IDW,surface+SMU_grad,189,basalt_mafic,1.0,3.0
08111,CO,San Juan County,2.647,0.104,20.5,SMU_IDW,surface+SMU_grad,169,limestone_carbonate,2.5,4.0
08113,CO,San Miguel County,2.807,0.1102,20.12,SMU_IDW,surface+SMU_grad,115,alluvial_glacial,0.5,2.2
08115,CO,Sedgwick County,1.272,0.05,19.48,SMU_IDW,surface+SMU_grad,32,alluvial_glacial,0.5,2.2
08117,CO,Summit County,3.476,0.1365,18.17,SMU_IDW,surface+SMU_grad,121,metamorphic,1.5,4.5
08119,CO,Teller County,2.536,0.0996,19.42,SMU_IDW,surface+SMU_grad,132,granite_felsic,2.5,4.5
08121,CO,Washington County,1.765,0.0693,18.57,SMU_IDW,surface+SMU_grad,44,alluvial_glacial,0.5,2.2
08123,CO,Weld County,2.786,0.1094,17.84,SMU_IDW,surface+SMU_grad,56,alluvial_glacial,0.5,2.2
08125,CO,Yuma County,1.408,0.0553,19.0,SMU_IDW,surface+SMU_grad,36,alluvial_glacial,0.5,2.2
09001,CT,Fairfield County,3.044,0.1195,15.39,SMU_IDW,surface+SMU_grad,11,metamorphic,1.5,4.5
09003,CT,Hartford County,3.347,0.1314,15.07,SMU_IDW,surface+SMU_grad,26,clay_shale,1.5,3.5
09005,CT,Litchfield County,3.258,0.128,15.03,SMU_IDW,surface+SMU_grad,24,metamorphic,1.5,4.5
09007,CT,Middlesex County,3.542,0.1391,15.3,SMU_IDW,surface+SMU_grad,19,metamorphic,1.5,4.5
09009,CT,New Haven County,3.305,0.1298,15.36,SMU_IDW,surface+SMU_grad,16,sandstone,1.5,5.5
09011,CT,New London County,3.803,0.1494,15.21,SMU_IDW,surface+SMU_grad,17,metamorphic,1.5,4.5
09013,CT,Tolland County,3.435,0.1349,15.01,SMU_IDW,surface+SMU_grad,24,metamorphic,1.5,4.5
09015,CT,Windham County,3.574,0.1404,14.94,SMU_IDW,surface+SMU_grad,25,metamorphic,1.5,4.5
10001,DE,Kent County,1.278,0.0502,19.13,SMU_IDW,surface+SMU_grad,41,undifferentiated,1.5,4.0
10003,DE,New Castle County,1.823,0.0716,17.81,SMU_IDW,surface+SMU_grad,42,alluvial_glacial,0.5,2.2
10005,DE,Sussex County,1.403,0.0551,18.01,SMU_IDW,surface+SMU_grad,42,undifferentiated,1.5,4.0
11001,DC,District of Columbia,2.95,0.1159,16.02,SMU_IDW,surface+SMU_grad,43,undifferentiated,1.5,4.0
12001,FL,Alachua County,1.684,0.0661,22.7,SMU_IDW,surface+SMU_grad,4,alluvial_glacial,0.5,2.2
12003,FL,Baker County,1.5,0.0648,22.6,SGMC_CH1995,surface+SMU_grad,2,alluvial_glacial,0.5,2.2
12005,FL,Bay County,1.83,0.0719,23.29,SMU_IDW,surface+SMU_grad,5,alluvial_glacial,0.5,2.2
12007,FL,Bradford County,1.443,0.0567,22.69,SMU_IDW,surface+SMU_grad,3,alluvial_glacial,0.5,2.2
12009,FL,Brevard County,1.5,0.0648,22.82,SGMC_CH1995,surface+SMU_grad,1,alluvial_glacial,0.5,2.2
12011,FL,Broward County,1.5,0.0648,28.73,SGMC_CH1995,surface+SMU_grad,2,alluvial_glacial,0.5,2.2
12013,FL,Calhoun County,1.903,0.0747,22.99,SMU_IDW,surface+SMU_grad,5,alluvial_glacial,0.5,2.2
12015,FL,Charlotte County,1.765,0.0693,22.53,SMU_IDW,surface+SMU_grad,4,alluvial_glacial,0.5,2.2
12017,FL,Citrus County,2.5,0.0982,22.46,SGMC_CH1995,surface+SMU_grad,2,limestone_carbonate,2.5,4.0
12019,FL,Clay County,1.444,0.0567,22.71,SMU_IDW,surface+SMU_grad,3,alluvial_glacial,0.5,2.2
12021,FL,Collier County,1.5,0.0648,28.8,SGMC_CH1995,surface+SMU_grad,2,alluvial_glacial,0.5,2.2
12023,FL,Columbia County,1.491,0.0586,22.66,SMU_IDW,surface+SMU_grad,3,alluvial_glacial,0.5,2.2
12027,FL,DeSoto County,1.776,0.0697,22.55,SMU_IDW,surface+SMU_grad,4,alluvial_glacial,0.5,2.2
12029,FL,Dixie County,1.903,0.0747,22.63,SMU_IDW,surface+SMU_grad,3,limestone_carbonate,2.5,4.0
12031,FL,Duval County,1.5,0.0648,22.67,SGMC_CH1995,surface+SMU_grad,2,alluvial_glacial,0.5,2.2
12033,FL,Escambia County,1.567,0.0615,24.34,SMU_IDW,surface+SMU_grad,8,alluvial_glacial,0.5,2.2
12035,FL,Flagler County,1.5,0.0648,22.81,SGMC_CH1995,surface+SMU_grad,2,alluvial_glacial,0.5,2.2
12037,FL,Franklin County,1.5,0.0648,22.69,SGMC_CH1995,surface+SMU_grad,1,alluvial_glacial,0.5,2.2
12039,FL,Gadsden County,1.5,0.0648,22.73,SGMC_CH1995,surface+SMU_grad,2,alluvial_glacial,0.5,2.2
12041,FL,Gilchrist County,1.737,0.0682,22.68,SMU_IDW,surface+SMU_grad,3,alluvial_glacial,0.5,2.2
12043,FL,Glades County,1.717,0.0674,22.57,SMU_IDW,surface+SMU_grad,4,alluvial_glacial,0.5,2.2
12045,FL,Gulf County,1.938,0.0761,23.06,SMU_IDW,surface+SMU_grad,5,alluvial_glacial,0.5,2.2
12047,FL,Hamilton County,1.545,0.0607,22.64,SMU_IDW,surface+SMU_grad,3,alluvial_glacial,0.5,2.2
12049,FL,Hardee County,1.805,0.0709,22.55,SMU_IDW,surface+SMU_grad,3,alluvial_glacial,0.5,2.2
12051,FL,Hendry County,1.5,0.0648,22.55,SGMC_CH1995,surface+SMU_grad,2,alluvial_glacial,0.5,2.2
12053,FL,Hernando County,1.5,0.0648,22.4,SGMC_CH1995,surface+SMU_grad,2,alluvial_glacial,0.5,2.2
12055,FL,Highlands County,1.769,0.0695,22.61,SMU_IDW,surface+SMU_grad,4,alluvial_glacial,0.5,2.2
12057,FL,Hillsborough County,1.5,0.0648,22.35,SGMC_CH1995,surface+SMU_grad,2,alluvial_glacial,0.5,2.2
12059,FL,Holmes County,1.839,0.0722,22.85,SMU_IDW,surface+SMU_grad,5,alluvial_glacial,0.5,2.2
12061,FL,Indian River County,1.5,0.0648,22.69,SGMC_CH1995,surface+SMU_grad,2,alluvial_glacial,0.5,2.2
12063,FL,Jackson County,1.901,0.0747,22.63,SMU_IDW,surface+SMU_grad,5,limestone_carbonate,2.5,4.0
12065,FL,Jefferson County,2.019,0.0793,22.53,SMU_IDW,surface+SMU_grad,3,alluvial_glacial,0.5,2.2
12067,FL,Lafayette County,1.5,0.0648,22.62,SGMC_CH1995,surface+SMU_grad,2,alluvial_glacial,0.5,2.2
12069,FL,Lake County,1.5,0.0648,26.67,SGMC_CH1995,surface+SMU_grad,2,alluvial_glacial,0.5,2.2
12071,FL,Lee County,1.732,0.068,22.54,SMU_IDW,surface+SMU_grad,3,alluvial_glacial,0.5,2.2
12073,FL,Leon County,1.5,0.0648,22.75,SGMC_CH1995,surface+SMU_grad,2,alluvial_glacial,0.5,2.2
12075,FL,Levy County,1.825,0.0717,22.61,SMU_IDW,surface+SMU_grad,4,limestone_carbonate,2.5,4.0
12077,FL,Liberty County,1.5,0.0648,22.8,SGMC_CH1995,surface+SMU_grad,2,alluvial_glacial,0.5,2.2
12079,FL,Madison County,1.5,0.0648,22.58,SGMC_CH1995,surface+SMU_grad,2,alluvial_glacial,0.5,2.2
12081,FL,Manatee County,1.5,0.0648,22.41,SGMC_CH1995,surface+SMU_grad,2,alluvial_glacial,0.5,2.2
12083,FL,Marion County,1.735,0.0681,26.24,SMU_IDW,surface+SMU_grad,3,alluvial_glacial,0.5,2.2
12085,FL,Martin County,1.712,0.0672,22.58,SMU_IDW,surface+SMU_grad,3,alluvial_glacial,0.5,2.2
12086,FL,Miami-Dade County,1.5,0.0648,29.96,SGMC_CH1995,surface+default_grad,2,alluvial_glacial,0.5,2.2
12087,FL,Monroe County,1.5,0.0648,29.98,SGMC_CH1995,surface+default_grad,2,alluvial_glacial,0.5,2.2
12089,FL,Nassau County,1.5,0.0648,22.54,SGMC_CH1995,surface+SMU_grad,2,alluvial_glacial,0.5,2.2
12091,FL,Okaloosa County,1.59,0.0624,24.11,SMU_IDW,surface+SMU_grad,5,alluvial_glacial,0.5,2.2
12093,FL,Okeechobee County,1.746,0.0686,22.63,SMU_IDW,surface+SMU_grad,3,alluvial_glacial,0.5,2.2
12095,FL,Orange County,1.5,0.0648,22.89,SGMC_CH1995,surface+SMU_grad,2,alluvial_glacial,0.5,2.2
12097,FL,Osceola County,1.831,0.0719,22.82,SMU_IDW,surface+SMU_grad,3,alluvial_glacial,0.5,2.2
12099,FL,Palm Beach County,1.5,0.0648,28.34,SGMC_CH1995,surface+SMU_grad,2,alluvial_glacial,0.5,2.2
12101,FL,Pasco County,1.5,0.0648,22.33,SGMC_CH1995,surface+SMU_grad,2,alluvial_glacial,0.5,2.2
12103,FL,Pinellas County,1.5,0.0648,22.28,SGMC_CH1995,surface+SMU_grad,2,alluvial_glacial,0.5,2.2
12105,FL,Polk County,1.827,0.0718,22.67,SMU_IDW,surface+SMU_grad,3,alluvial_glacial,0.5,2.2
12107,FL,Putnam County,1.631,0.0641,22.76,SMU_IDW,surface+SMU_grad,3,alluvial_glacial,0.5,2.2
12109,FL,St. Johns County,1.509,0.0593,22.79,SMU_IDW,surface+SMU_grad,3,alluvial_glacial,0.5,2.2
12111,FL,St. Lucie County,1.74,0.0683,22.62,SMU_IDW,surface+SMU_grad,3,alluvial_glacial,0.5,2.2
12113,FL,Santa Rosa County,1.569,0.0616,24.36,SMU_IDW,surface+SMU_grad,8,alluvial_glacial,0.5,2.2
12115,FL,Sarasota County,1.812,0.0712,22.45,SMU_IDW,surface+SMU_grad,3,alluvial_glacial,0.5,2.2
12117,FL,Seminole County,1.5,0.0648,22.87,SGMC_CH1995,surface+SMU_grad,2,alluvial_glacial,0.5,2.2
12119,FL,Sumter County,1.5,0.0648,22.6,SGMC_CH1995,surface+SMU_grad,2,alluvial_glacial,0.5,2.2
12121,FL,Suwannee County,1.5,0.0648,22.62,SGMC_CH1995,surface+SMU_grad,2,alluvial_glacial,0.5,2.2
12123,FL,Taylor County,2.5,0.0982,22.58,SGMC_CH1995,surface+SMU_grad,2,limestone_carbonate,2.5,4.0
12125,FL,Union County,1.474,0.0579,22.68,SMU_IDW,surface+SMU_grad,3,alluvial_glacial,0.5,2.2
12127,FL,Volusia County,1.5,0.0648,22.85,SGMC_CH1995,surface+SMU_grad,2,alluvial_glacial,0.5,2.2
12129,FL,Wakulla County,2.5,0.0982,22.62,SGMC_CH1995,surface+SMU_grad,2,limestone_carbonate,2.5,4.0
12131,FL,Walton County,1.682,0.0661,23.68,SMU_IDW,surface+SMU_grad,5,alluvial_glacial,0.5,2.2
12133,FL,Washington County,1.815,0.0713,23.1,SMU_IDW,surface+SMU_grad,5,alluvial_glacial,0.5,2.2
13001,GA,Appling County,1.725,0.0677,24.47,SMU_IDW,surface+SMU_grad,4,alluvial_glacial,0.5,2.2
13003,GA,Atkinson County,1.61,0.0632,24.48,SMU_IDW,surface+SMU_grad,3,alluvial_glacial,0.5,2.2
13005,GA,Bacon County,1.6,0.0628,24.5,SMU_IDW,surface+SMU_grad,3,alluvial_glacial,0.5,2.2
13007,GA,Baker County,2.114,0.083,24.26,SMU_IDW,surface+SMU_grad,3,limestone_carbonate,2.5,4.0
13009,GA,Baldwin County,2.885,0.1133,22.68,SMU_IDW,surface+SMU_grad,17,sandstone,1.5,5.5
13011,GA,Banks County,2.588,0.1016,21.75,SMU_IDW,surface+SMU_grad,20,metamorphic,1.5,4.5
13013,GA,Barrow County,2.735,0.1074,21.95,SMU_IDW,surface+SMU_grad,17,metamorphic,1.5,4.5
13015,GA,Bartow County,2.643,0.1038,20.18,SMU_IDW,surface+SMU_grad,19,limestone_carbonate,2.5,4.0
13017,GA,Ben Hill County,2.123,0.0834,23.98,SMU_IDW,surface+SMU_grad,4,alluvial_glacial,0.5,2.2
13019,GA,Berrien County,1.778,0.0698,24.36,SMU_IDW,surface+SMU_grad,4,alluvial_glacial,0.5,2.2
13021,GA,Bibb County,2.753,0.1081,20.25,SMU_IDW,surface+SMU_grad,7,alluvial_glacial,0.5,2.2
13023,GA,Bleckley County,2.592,0.1018,23.13,SMU_IDW,surface+SMU_grad,7,alluvial_glacial,0.5,2.2
13025,GA,Brantley County,2.5,0.0982,24.8,SGMC_CH1995,surface+SMU_grad,2,undifferentiated,1.5,4.0
13027,GA,Brooks County,1.5,0.0648,24.71,SGMC_CH1995,surface+SMU_grad,2,alluvial_glacial,0.5,2.2
13029,GA,Bryan County,1.822,0.0716,24.5,SMU_IDW,surface+SMU_grad,6,undifferentiated,1.5,4.0
13031,GA,Bulloch County,2.567,0.1008,20.63,SMU_IDW,surface+SMU_grad,10,alluvial_glacial,0.5,2.2
13033,GA,Burke County,3.017,0.1185,20.3,SMU_IDW,surface+SMU_grad,11,alluvial_glacial,0.5,2.2
13035,GA,Butts County,2.835,0.1113,20.29,SMU_IDW,surface+SMU_grad,17,metamorphic,1.5,4.5
13037,GA,Calhoun County,2.094,0.0822,24.02,SMU_IDW,surface+SMU_grad,3,alluvial_glacial,0.5,2.2
13039,GA,Camden County,2.5,0.0982,24.78,SGMC_CH1995,surface+SMU_grad,2,undifferentiated,1.5,4.0
13043,GA,Candler County,2.631,0.1033,23.51,SMU_IDW,surface+SMU_grad,10,alluvial_glacial,0.5,2.2
13045,GA,Carroll County,2.75,0.108,22.0,SMU_IDW,surface+SMU_grad,9,metamorphic,1.5,4.5
13047,GA,Catoosa County,2.579,0.1013,20.1,SMU_IDW,surface+SMU_grad,17,limestone_carbonate,2.5,4.0
13049,GA,Charlton County,1.5,0.0648,24.58,SGMC_CH1995,surface+SMU_grad,2,alluvial_glacial,0.5,2.2
13051,GA,Chatham County,1.88,0.0738,24.39,SMU_IDW,surface+SMU_grad,5,undifferentiated,1.5,4.0
13053,GA,Chattahoochee County,2.568,0.1009,23.23,SMU_IDW,surface+SMU_grad,5,alluvial_glacial,0.5,2.2
13055,GA,Chattooga County,2.518,0.0989,21.24,SMU_IDW,surface+SMU_grad,15,clay_shale,1.5,3.5
13057,GA,Cherokee County,2.636,0.1035,21.51,SMU_IDW,surface+SMU_grad,19,clay_shale,1.5,3.5
13059,GA,Clarke County,2.839,0.1115,22.02,SMU_IDW,surface+SMU_grad,18,metamorphic,1.5,4.5
13061,GA,Clay County,1.5,0.0648,23.73,SGMC_CH1995,surface+SMU_grad,1,alluvial_glacial,0.5,2.2
13063,GA,Clayton County,2.734,0.1074,22.08,SMU_IDW,surface+SMU_grad,17,metamorphic,1.5,4.5
13065,GA,Clinch County,1.5,0.0648,24.7,SGMC_CH1995,surface+SMU_grad,2,alluvial_glacial,0.5,2.2
13067,GA,Cobb County,2.675,0.1051,20.19,SMU_IDW,surface+SMU_grad,19,metamorphic,1.5,4.5
13069,GA,Coffee County,1.715,0.0674,24.28,SMU_IDW,surface+SMU_grad,3,alluvial_glacial,0.5,2.2
13071,GA,Colquitt County,1.982,0.0778,24.33,SMU_IDW,surface+SMU_grad,4,alluvial_glacial,0.5,2.2
13073,GA,Columbia County,3.212,0.1261,22.29,SMU_IDW,surface+SMU_grad,20,granite_felsic,2.5,4.5
13075,GA,Cook County,1.81,0.0711,24.42,SMU_IDW,surface+SMU_grad,4,alluvial_glacial,0.5,2.2
13077,GA,Coweta County,2.737,0.1075,22.15,SMU_IDW,surface+SMU_grad,8,metamorphic,1.5,4.5
13079,GA,Crawford County,2.78,0.1092,22.94,SMU_IDW,surface+SMU_grad,6,alluvial_glacial,0.5,2.2
13081,GA,Crisp County,2.67,0.1049,23.61,SMU_IDW,surface+SMU_grad,5,limestone_carbonate,2.5,4.0
13083,GA,Dade County,2.461,0.0967,20.86,SMU_IDW,surface+SMU_grad,8,limestone_carbonate,2.5,4.0
13085,GA,Dawson County,2.634,0.1034,21.35,SMU_IDW,surface+SMU_grad,18,metamorphic,1.5,4.5
13087,GA,Decatur County,2.5,0.0982,20.46,SGMC_CH1995,surface+SMU_grad,2,limestone_carbonate,2.5,4.0
13089,GA,DeKalb County,2.741,0.1076,20.24,SMU_IDW,surface+SMU_grad,19,metamorphic,1.5,4.5
13091,GA,Dodge County,2.521,0.099,23.5,SMU_IDW,surface+SMU_grad,6,alluvial_glacial,0.5,2.2
13093,GA,Dooly County,2.678,0.1052,23.46,SMU_IDW,surface+SMU_grad,5,limestone_carbonate,2.5,4.0
13095,GA,Dougherty County,2.176,0.0855,20.39,SMU_IDW,surface+SMU_grad,3,limestone_carbonate,2.5,4.0
13097,GA,Douglas County,2.712,0.1065,20.07,SMU_IDW,surface+SMU_grad,18,metamorphic,1.5,4.5
13099,GA,Early County,2.5,0.0982,24.03,SGMC_CH1995,surface+SMU_grad,2,limestone_carbonate,2.5,4.0
13101,GA,Echols County,1.492,0.0586,24.86,SMU_IDW,surface+SMU_grad,3,alluvial_glacial,0.5,2.2
13103,GA,Effingham County,2.411,0.0947,20.73,SMU_IDW,surface+SMU_grad,8,undifferentiated,1.5,4.0
13105,GA,Elbert County,2.826,0.111,21.9,SMU_IDW,surface+SMU_grad,24,granite_felsic,2.5,4.5
13107,GA,Emanuel County,2.856,0.1122,20.45,SMU_IDW,surface+SMU_grad,9,alluvial_glacial,0.5,2.2
13109,GA,Evans County,2.237,0.0879,24.07,SMU_IDW,surface+SMU_grad,9,alluvial_glacial,0.5,2.2
13111,GA,Fannin County,2.699,0.106,20.61,SMU_IDW,surface+SMU_grad,18,metamorphic,1.5,4.5
13113,GA,Fayette County,2.728,0.1071,22.12,SMU_IDW,surface+SMU_grad,17,metamorphic,1.5,4.5
13115,GA,Floyd County,2.593,0.1018,21.45,SMU_IDW,surface+SMU_grad,15,clay_shale,1.5,3.5
13117,GA,Forsyth County,2.646,0.1039,20.27,SMU_IDW,surface+SMU_grad,18,metamorphic,1.5,4.5
13119,GA,Franklin County,2.594,0.1019,21.74,SMU_IDW,surface+SMU_grad,23,metamorphic,1.5,4.5
13121,GA,Fulton County,2.714,0.1066,20.17,SMU_IDW,surface+SMU_grad,17,metamorphic,1.5,4.5
13123,GA,Gilmer County,2.647,0.104,21.02,SMU_IDW,surface+SMU_grad,18,metamorphic,1.5,4.5
13125,GA,Glascock County,3.103,0.1219,22.61,SMU_IDW,surface+SMU_grad,19,alluvial_glacial,0.5,2.2
13127,GA,Glynn County,1.5,0.0648,25.29,SGMC_CH1995,surface+SMU_grad,2,alluvial_glacial,0.5,2.2
13129,GA,Gordon County,2.617,0.1028,20.15,SMU_IDW,surface+SMU_grad,18,limestone_carbonate,2.5,4.0
13131,GA,Grady County,1.5,0.0648,20.52,SGMC_CH1995,surface+SMU_grad,2,alluvial_glacial,0.5,2.2
13133,GA,Greene County,3.352,0.1316,20.45,SMU_IDW,surface+SMU_grad,19,metamorphic,1.5,4.5
13135,GA,Gwinnett County,2.71,0.1064,20.32,SMU_IDW,surface+SMU_grad,18,metamorphic,1.5,4.5
13137,GA,Habersham County,2.505,0.0984,20.61,SMU_IDW,surface+SMU_grad,19,metamorphic,1.5,4.5
13139,GA,Hall County,2.624,0.1031,21.68,SMU_IDW,surface+SMU_grad,19,sandstone,1.5,5.5
13141,GA,Hancock County,3.208,0.126,22.61,SMU_IDW,surface+SMU_grad,18,granite_felsic,2.5,4.5
13143,GA,Haralson County,2.737,0.1075,21.83,SMU_IDW,surface+SMU_grad,8,sandstone,1.5,5.5
13145,GA,Harris County,2.77,0.1088,22.8,SMU_IDW,surface+SMU_grad,8,metamorphic,1.5,4.5
13147,GA,Hart County,2.648,0.104,20.51,SMU_IDW,surface+SMU_grad,23,metamorphic,1.5,4.5
13149,GA,Heard County,2.803,0.1101,22.26,SMU_IDW,surface+SMU_grad,8,metamorphic,1.5,4.5
13151,GA,Henry County,2.789,0.1095,22.24,SMU_IDW,surface+SMU_grad,18,metamorphic,1.5,4.5
13153,GA,Houston County,2.666,0.1047,23.14,SMU_IDW,surface+SMU_grad,4,alluvial_glacial,0.5,2.2
13155,GA,Irwin County,1.885,0.074,24.06,SMU_IDW,surface+SMU_grad,3,alluvial_glacial,0.5,2.2
13157,GA,Jackson County,2.682,0.1053,21.87,SMU_IDW,surface+SMU_grad,18,metamorphic,1.5,4.5
13159,GA,Jasper County,2.938,0.1154,20.35,SMU_IDW,surface+SMU_grad,17,metamorphic,1.5,4.5
13161,GA,Jeff Davis County,2.151,0.0845,24.1,SMU_IDW,surface+SMU_grad,6,alluvial_glacial,0.5,2.2
13163,GA,Jefferson County,3.036,0.1192,22.74,SMU_IDW,surface+SMU_grad,14,alluvial_glacial,0.5,2.2
13165,GA,Jenkins County,2.951,0.1159,20.4,SMU_IDW,surface+SMU_grad,11,clay_shale,1.5,3.5
13167,GA,Johnson County,2.862,0.1124,23.05,SMU_IDW,surface+SMU_grad,8,alluvial_glacial,0.5,2.2
13169,GA,Jones County,2.815,0.1106,22.7,SMU_IDW,surface+SMU_grad,16,metamorphic,1.5,4.5
13171,GA,Lamar County,2.82,0.1107,22.6,SMU_IDW,surface+SMU_grad,10,metamorphic,1.5,4.5
13173,GA,Lanier County,1.664,0.0653,24.61,SMU_IDW,surface+SMU_grad,4,alluvial_glacial,0.5,2.2
13175,GA,Laurens County,2.636,0.1035,23.27,SMU_IDW,surface+SMU_grad,8,alluvial_glacial,0.5,2.2
13177,GA,Lee County,2.347,0.0922,23.61,SMU_IDW,surface+SMU_grad,3,limestone_carbonate,2.5,4.0
13179,GA,Liberty County,1.63,0.064,25.09,SMU_IDW,surface+SMU_grad,6,undifferentiated,1.5,4.0
13181,GA,Lincoln County,3.278,0.1287,22.09,SMU_IDW,surface+SMU_grad,20,granite_felsic,2.5,4.5
13183,GA,Long County,1.598,0.0628,25.21,SMU_IDW,surface+SMU_grad,6,undifferentiated,1.5,4.0
13185,GA,Lowndes County,1.61,0.0632,20.43,SMU_IDW,surface+SMU_grad,3,alluvial_glacial,0.5,2.2
13187,GA,Lumpkin County,2.612,0.1026,21.39,SMU_IDW,surface+SMU_grad,18,sandstone,1.5,5.5
13189,GA,McDuffie County,3.164,0.1243,22.39,SMU_IDW,surface+SMU_grad,19,alluvial_glacial,0.5,2.2
13191,GA,McIntosh County,1.544,0.0606,21.66,SMU_IDW,surface+SMU_grad,3,alluvial_glacial,0.5,2.2
13193,GA,Macon County,2.702,0.1061,23.25,SMU_IDW,surface+SMU_grad,5,undifferentiated,1.5,4.0
13195,GA,Madison County,2.729,0.1072,21.91,SMU_IDW,surface+SMU_grad,23,metamorphic,1.5,4.5
13197,GA,Marion County,2.723,0.1069,23.21,SMU_IDW,surface+SMU_grad,7,alluvial_glacial,0.5,2.2
13199,GA,Meriwether County,2.808,0.1103,20.15,SMU_IDW,surface+SMU_grad,7,metamorphic,1.5,4.5
13201,GA,Miller County,2.5,0.0982,24.29,SGMC_CH1995,surface+SMU_grad,2,limestone_carbonate,2.5,4.0
13205,GA,Mitchell County,2.15,0.0844,24.41,SMU_IDW,surface+SMU_grad,3,limestone_carbonate,2.5,4.0
13207,GA,Monroe County,2.858,0.1122,20.29,SMU_IDW,surface+SMU_grad,10,metamorphic,1.5,4.5
13209,GA,Montgomery County,2.536,0.0996,23.7,SMU_IDW,surface+SMU_grad,8,alluvial_glacial,0.5,2.2
13211,GA,Morgan County,3.06,0.1202,20.41,SMU_IDW,surface+SMU_grad,17,metamorphic,1.5,4.5
13213,GA,Murray County,2.634,0.1034,20.88,SMU_IDW,surface+SMU_grad,16,alluvial_glacial,0.5,2.2
13215,GA,Muscogee County,2.626,0.1031,20.14,SMU_IDW,surface+SMU_grad,5,undifferentiated,1.5,4.0
13217,GA,Newton County,2.863,0.1124,22.26,SMU_IDW,surface+SMU_grad,16,metamorphic,1.5,4.5
13219,GA,Oconee County,2.926,0.1149,22.1,SMU_IDW,surface+SMU_grad,18,metamorphic,1.5,4.5
13221,GA,Oglethorpe County,3.025,0.1188,20.44,SMU_IDW,surface+SMU_grad,22,granite_felsic,2.5,4.5
13223,GA,Paulding County,2.687,0.1055,20.14,SMU_IDW,surface+SMU_grad,17,metamorphic,1.5,4.5
13225,GA,Peach County,2.725,0.107,23.05,SMU_IDW,surface+SMU_grad,4,alluvial_glacial,0.5,2.2
13227,GA,Pickens County,2.631,0.1033,21.29,SMU_IDW,surface+SMU_grad,19,metamorphic,1.5,4.5
13229,GA,Pierce County,1.501,0.0589,20.91,SMU_IDW,surface+SMU_grad,3,alluvial_glacial,0.5,2.2
13231,GA,Pike County,2.823,0.1109,22.53,SMU_IDW,surface+SMU_grad,7,metamorphic,1.5,4.5
13233,GA,Polk County,2.631,0.1033,21.67,SMU_IDW,surface+SMU_grad,15,limestone_carbonate,2.5,4.0
13235,GA,Pulaski County,2.613,0.1026,23.37,SMU_IDW,surface+SMU_grad,5,limestone_carbonate,2.5,4.0
13237,GA,Putnam County,3.128,0.1228,22.55,SMU_IDW,surface+SMU_grad,17,metamorphic,1.5,4.5
13239,GA,Quitman County,2.304,0.0905,23.59,SMU_IDW,surface+SMU_grad,5,alluvial_glacial,0.5,2.2
13241,GA,Rabun County,2.431,0.0955,21.47,SMU_IDW,surface+SMU_grad,19,sandstone,1.5,5.5
13243,GA,Randolph County,2.18,0.0856,20.26,SMU_IDW,surface+SMU_grad,3,alluvial_glacial,0.5,2.2
13245,GA,Richmond County,3.07,0.1206,20.3,SMU_IDW,surface+SMU_grad,20,alluvial_glacial,0.5,2.2
13247,GA,Rockdale County,2.788,0.1095,22.13,SMU_IDW,surface+SMU_grad,17,metamorphic,1.5,4.5
13249,GA,Schley County,2.678,0.1052,23.31,SMU_IDW,surface+SMU_grad,6,alluvial_glacial,0.5,2.2
13251,GA,Screven County,2.906,0.1141,20.44,SMU_IDW,surface+SMU_grad,11,alluvial_glacial,0.5,2.2
13253,GA,Seminole County,2.5,0.0982,24.55,SGMC_CH1995,surface+SMU_grad,2,limestone_carbonate,2.5,4.0
13255,GA,Spalding County,2.756,0.1082,20.18,SMU_IDW,surface+SMU_grad,17,metamorphic,1.5,4.5
13257,GA,Stephens County,2.538,0.0997,21.61,SMU_IDW,surface+SMU_grad,20,metamorphic,1.5,4.5
13259,GA,Stewart County,2.451,0.0963,20.23,SMU_IDW,surface+SMU_grad,5,alluvial_glacial,0.5,2.2
13261,GA,Sumter County,2.636,0.1035,23.42,SMU_IDW,surface+SMU_grad,5,alluvial_glacial,0.5,2.2
13263,GA,Talbot County,2.774,0.1089,22.86,SMU_IDW,surface+SMU_grad,8,metamorphic,1.5,4.5
13265,GA,Taliaferro County,3.27,0.1284,22.37,SMU_IDW,surface+SMU_grad,20,metamorphic,1.5,4.5
13267,GA,Tattnall County,2.098,0.0824,24.2,SMU_IDW,surface+SMU_grad,8,alluvial_glacial,0.5,2.2
13269,GA,Taylor County,2.737,0.1075,23.06,SMU_IDW,surface+SMU_grad,6,alluvial_glacial,0.5,2.2
13271,GA,Telfair County,2.351,0.0923,23.84,SMU_IDW,surface+SMU_grad,6,alluvial_glacial,0.5,2.2
13273,GA,Terrell County,2.271,0.0892,23.81,SMU_IDW,surface+SMU_grad,3,alluvial_glacial,0.5,2.2
13275,GA,Thomas County,1.91,0.075,24.58,SMU_IDW,surface+SMU_grad,3,alluvial_glacial,0.5,2.2
13277,GA,Tift County,1.886,0.0741,20.35,SMU_IDW,surface+SMU_grad,4,alluvial_glacial,0.5,2.2
13279,GA,Toombs County,2.329,0.0915,23.86,SMU_IDW,surface+SMU_grad,7,alluvial_glacial,0.5,2.2
13281,GA,Towns County,2.536,0.0996,21.26,SMU_IDW,surface+SMU_grad,19,metamorphic,1.5,4.5
13283,GA,Treutlen County,2.688,0.1056,20.44,SMU_IDW,surface+SMU_grad,8,alluvial_glacial,0.5,2.2
13285,GA,Troup County,2.786,0.1094,22.5,SMU_IDW,surface+SMU_grad,8,metamorphic,1.5,4.5
13287,GA,Turner County,2.017,0.0792,23.85,SMU_IDW,surface+SMU_grad,4,alluvial_glacial,0.5,2.2
13289,GA,Twiggs County,2.537,0.0996,20.14,SMU_IDW,surface+SMU_grad,6,limestone_carbonate,2.5,4.0
13291,GA,Union County,2.602,0.1022,21.12,SMU_IDW,surface+SMU_grad,19,metamorphic,1.5,4.5
13293,GA,Upson County,2.84,0.1115,22.76,SMU_IDW,surface+SMU_grad,7,metamorphic,1.5,4.5
13295,GA,Walker County,2.541,0.0998,20.99,SMU_IDW,surface+SMU_grad,17,alluvial_glacial,0.5,2.2
13297,GA,Walton County,2.833,0.1113,20.37,SMU_IDW,surface+SMU_grad,18,metamorphic,1.5,4.5
13299,GA,Ware County,1.5,0.0648,20.5,SGMC_CH1995,surface+SMU_grad,2,alluvial_glacial,0.5,2.2
13301,GA,Warren County,3.178,0.1248,22.47,SMU_IDW,surface+SMU_grad,20,metamorphic,1.5,4.5
13303,GA,Washington County,2.956,0.1161,22.8,SMU_IDW,surface+SMU_grad,12,alluvial_glacial,0.5,2.2
13305,GA,Wayne County,1.575,0.0619,21.54,SMU_IDW,surface+SMU_grad,4,undifferentiated,1.5,4.0
13307,GA,Webster County,2.387,0.0937,20.31,SMU_IDW,surface+SMU_grad,4,alluvial_glacial,0.5,2.2
13309,GA,Wheeler County,2.411,0.0947,23.66,SMU_IDW,surface+SMU_grad,6,alluvial_glacial,0.5,2.2
13311,GA,White County,2.547,0.1,21.5,SMU_IDW,surface+SMU_grad,19,metamorphic,1.5,4.5
13313,GA,Whitfield County,2.604,0.1023,20.92,SMU_IDW,surface+SMU_grad,17,clay_shale,1.5,3.5
13315,GA,Wilcox County,2.455,0.0964,23.63,SMU_IDW,surface+SMU_grad,5,alluvial_glacial,0.5,2.2
13317,GA,Wilkes County,3.111,0.1222,22.16,SMU_IDW,surface+SMU_grad,21,metamorphic,1.5,4.5
13319,GA,Wilkinson County,2.519,0.0989,22.72,SMU_IDW,surface+SMU_grad,8,clay_shale,1.5,3.5
13321,GA,Worth County,2.045,0.0803,20.23,SMU_IDW,surface+SMU_grad,3,alluvial_glacial,0.5,2.2
15001,HI,Hawaii County,1.7,0.0588,35.25,SGMC_CH1995,surface+default_grad,0,basalt_mafic,1.0,3.0
15003,HI,Honolulu County,1.5,0.0648,33.61,SGMC_CH1995,surface+default_grad,0,alluvial_glacial,0.5,2.2
15005,HI,Kalawao County,2.5,0.0982,33.83,SGMC_CH1995,surface+default_grad,0,undifferentiated,1.5,4.0
15007,HI,Kauai County,1.7,0.0588,33.13,SGMC_CH1995,surface+default_grad,0,basalt_mafic,1.0,3.0
15009,HI,Maui County,1.7,0.0588,34.15,SGMC_CH1995,surface+default_grad,0,basalt_mafic,1.0,3.0
16001,ID,Ada County,1.773,0.0696,17.11,SMU_IDW,surface+SMU_grad,221,basalt_mafic,1.0,3.0
16003,ID,Adams County,1.952,0.0767,15.34,SMU_IDW,surface+SMU_grad,147,basalt_mafic,1.0,3.0
16005,ID,Bannock County,1.843,0.0724,19.79,SMU_IDW,surface+SMU_grad,106,basalt_mafic,1.0,3.0
16007,ID,Bear Lake County,2.124,0.0834,19.52,SMU_IDW,surface+SMU_grad,81,alluvial_glacial,0.5,2.2
16009,ID,Benewah County,3.523,0.1384,11.13,SMU_IDW,surface+SMU_grad,43,undifferentiated,1.5,4.0
16011,ID,Bingham County,1.833,0.072,18.33,SMU_IDW,surface+SMU_grad,108,alluvial_glacial,0.5,2.2
16013,ID,Blaine County,1.939,0.0761,18.04,SMU_IDW,surface+SMU_grad,124,granite_felsic,2.5,4.5
16015,ID,Boise County,2.752,0.1081,14.98,SMU_IDW,surface+SMU_grad,179,granite_felsic,2.5,4.5
16017,ID,Bonner County,3.303,0.1297,9.9,SMU_IDW,surface+SMU_grad,41,granite_felsic,2.5,4.5
16019,ID,Bonneville County,1.86,0.073,18.42,SMU_IDW,surface+SMU_grad,81,granite_felsic,2.5,4.5
16021,ID,Boundary County,3.952,0.1552,9.51,SMU_IDW,surface+SMU_grad,39,granite_felsic,2.5,4.5
16023,ID,Butte County,2.314,0.0909,16.45,SMU_IDW,surface+SMU_grad,126,clay_shale,1.5,3.5
16025,ID,Camas County,1.886,0.0741,17.98,SMU_IDW,surface+SMU_grad,157,granite_felsic,2.5,4.5
16027,ID,Canyon County,1.299,0.051,18.13,SMU_IDW,surface+SMU_grad,258,alluvial_glacial,0.5,2.2
16029,ID,Caribou County,1.781,0.0699,19.14,SMU_IDW,surface+SMU_grad,91,undifferentiated,1.5,4.0
16031,ID,Cassia County,1.549,0.0608,21.68,SMU_IDW,surface+SMU_grad,102,metamorphic,1.5,4.5
16033,ID,Clark County,1.933,0.0759,16.14,SMU_IDW,surface+SMU_grad,78,alluvial_glacial,0.5,2.2
16035,ID,Clearwater County,3.663,0.1439,11.77,SMU_IDW,surface+SMU_grad,19,granite_felsic,2.5,4.5
16037,ID,Custer County,3.243,0.1274,15.01,SMU_IDW,surface+SMU_grad,65,alluvial_glacial,0.5,2.2
16039,ID,Elmore County,2.327,0.0914,16.92,SMU_IDW,surface+SMU_grad,202,granite_felsic,2.5,4.5
16041,ID,Franklin County,1.604,0.063,20.15,SMU_IDW,surface+SMU_grad,92,alluvial_glacial,0.5,2.2
16043,ID,Fremont County,1.871,0.0735,17.84,SMU_IDW,surface+SMU_grad,81,basalt_mafic,1.0,3.0
16045,ID,Gem County,1.672,0.0657,17.03,SMU_IDW,surface+SMU_grad,194,basalt_mafic,1.0,3.0
16047,ID,Gooding County,1.795,0.0705,19.48,SMU_IDW,surface+SMU_grad,136,basalt_mafic,1.0,3.0
16049,ID,Idaho County,2.947,0.1157,14.02,SMU_IDW,surface+SMU_grad,27,undifferentiated,1.5,4.0
16051,ID,Jefferson County,1.906,0.0749,17.67,SMU_IDW,surface+SMU_grad,95,basalt_mafic,1.0,3.0
16053,ID,Jerome County,1.761,0.0692,18.94,SMU_IDW,surface+SMU_grad,130,basalt_mafic,1.0,3.0
16055,ID,Kootenai County,3.376,0.1326,10.48,SMU_IDW,surface+SMU_grad,43,clay_shale,1.5,3.5
16057,ID,Latah County,2.689,0.1056,14.08,SMU_IDW,surface+SMU_grad,47,granite_felsic,2.5,4.5
16059,ID,Lemhi County,2.751,0.108,15.13,SMU_IDW,surface+SMU_grad,59,clay_shale,1.5,3.5
16061,ID,Lewis County,2.355,0.0925,13.37,SMU_IDW,surface+SMU_grad,38,basalt_mafic,1.0,3.0
16063,ID,Lincoln County,1.83,0.0719,18.93,SMU_IDW,surface+SMU_grad,122,basalt_mafic,1.0,3.0
16065,ID,Madison County,2.074,0.0815,19.07,SMU_IDW,surface+SMU_grad,84,basalt_mafic,1.0,3.0
16067,ID,Minidoka County,1.713,0.0673,21.1,SMU_IDW,surface+SMU_grad,121,basalt_mafic,1.0,3.0
16069,ID,Nez Perce County,1.982,0.0778,13.03,SMU_IDW,surface+SMU_grad,51,basalt_mafic,1.0,3.0
16071,ID,Oneida County,1.867,0.0733,21.16,SMU_IDW,surface+SMU_grad,87,undifferentiated,1.5,4.0
16073,ID,Owyhee County,1.851,0.0727,18.44,SMU_IDW,surface+SMU_grad,250,basalt_mafic,1.0,3.0
16075,ID,Payette County,1.428,0.0561,18.12,SMU_IDW,surface+SMU_grad,225,undifferentiated,1.5,4.0
16077,ID,Power County,1.544,0.0606,19.98,SMU_IDW,surface+SMU_grad,123,undifferentiated,1.5,4.0
16079,ID,Shoshone County,4.626,0.1817,10.38,SMU_IDW,surface+SMU_grad,27,clay_shale,1.5,3.5
16081,ID,Teton County,1.802,0.0708,18.38,SMU_IDW,surface+SMU_grad,86,alluvial_glacial,0.5,2.2
16083,ID,Twin Falls County,1.458,0.0573,16.91,SMU_IDW,surface+SMU_grad,133,alluvial_glacial,0.5,2.2
16085,ID,Valley County,2.303,0.0904,15.1,SMU_IDW,surface+SMU_grad,129,granite_felsic,2.5,4.5
16087,ID,Washington County,1.548,0.0608,16.8,SMU_IDW,surface+SMU_grad,190,basalt_mafic,1.0,3.0
17001,IL,Adams County,3.381,0.1328,15.42,SMU_IDW,surface+SMU_grad,3,limestone_carbonate,2.5,4.0
17003,IL,Alexander County,2.799,0.1099,15.3,SMU_IDW,surface+SMU_grad,8,limestone_carbonate,2.5,4.0
17005,IL,Bond County,3.009,0.1182,15.19,SMU_IDW,surface+SMU_grad,3,alluvial_glacial,0.5,2.2
17007,IL,Boone County,3.908,0.1535,14.53,SMU_IDW,surface+SMU_grad,5,limestone_carbonate,2.5,4.0
17009,IL,Brown County,3.669,0.1441,16.51,SMU_IDW,surface+SMU_grad,4,alluvial_glacial,0.5,2.2
17011,IL,Bureau County,4.237,0.1664,15.24,SMU_IDW,surface+SMU_grad,8,limestone_carbonate,2.5,4.0
17013,IL,Calhoun County,3.012,0.1183,15.3,SMU_IDW,surface+SMU_grad,5,clay_shale,1.5,3.5
17015,IL,Carroll County,3.418,0.1342,15.81,SMU_IDW,surface+SMU_grad,5,limestone_carbonate,2.5,4.0
17017,IL,Cass County,1.5,0.0648,15.32,SGMC_CH1995,surface+SMU_grad,2,alluvial_glacial,0.5,2.2
17019,IL,Champaign County,4.218,0.1657,15.14,SMU_IDW,surface+SMU_grad,8,alluvial_glacial,0.5,2.2
17021,IL,Christian County,4.478,0.1759,15.21,SMU_IDW,surface+SMU_grad,4,alluvial_glacial,0.5,2.2
17023,IL,Clark County,4.303,0.169,15.17,SMU_IDW,surface+SMU_grad,3,clay_shale,1.5,3.5
17025,IL,Clay County,2.0,0.072,15.21,SGMC_CH1995,surface+SMU_grad,0,clay_shale,1.5,3.5
17027,IL,Clinton County,3.024,0.1188,15.16,SMU_IDW,surface+SMU_grad,4,alluvial_glacial,0.5,2.2
17029,IL,Coles County,4.407,0.1731,15.14,SMU_IDW,surface+SMU_grad,4,clay_shale,1.5,3.5
17031,IL,Cook County,3.997,0.157,15.19,SMU_IDW,surface+SMU_grad,10,limestone_carbonate,2.5,4.0
17033,IL,Crawford County,2.0,0.072,15.16,SGMC_CH1995,surface+SMU_grad,2,clay_shale,1.5,3.5
17035,IL,Cumberland County,4.31,0.1693,15.15,SMU_IDW,surface+SMU_grad,3,clay_shale,1.5,3.5
17037,IL,DeKalb County,4.241,0.1666,15.3,SMU_IDW,surface+SMU_grad,5,clay_shale,1.5,3.5
17039,IL,De Witt County,4.506,0.177,15.16,SMU_IDW,surface+SMU_grad,4,clay_shale,1.5,3.5
17041,IL,Douglas County,4.156,0.1632,15.15,SMU_IDW,surface+SMU_grad,8,clay_shale,1.5,3.5
17043,IL,DuPage County,4.107,0.1613,15.2,SMU_IDW,surface+SMU_grad,9,limestone_carbonate,2.5,4.0
17045,IL,Edgar County,4.072,0.1599,15.16,SMU_IDW,surface+SMU_grad,8,clay_shale,1.5,3.5
17047,IL,Edwards County,2.0,0.072,15.08,SGMC_CH1995,surface+SMU_grad,0,clay_shale,1.5,3.5
17049,IL,Effingham County,2.0,0.072,15.15,SGMC_CH1995,surface+SMU_grad,0,clay_shale,1.5,3.5
17051,IL,Fayette County,1.5,0.0648,15.17,SGMC_CH1995,surface+SMU_grad,1,alluvial_glacial,0.5,2.2
17053,IL,Ford County,4.354,0.171,15.09,SMU_IDW,surface+SMU_grad,8,limestone_carbonate,2.5,4.0
17055,IL,Franklin County,1.5,0.0648,15.28,SGMC_CH1995,surface+SMU_grad,2,alluvial_glacial,0.5,2.2
17057,IL,Fulton County,4.001,0.1571,15.31,SMU_IDW,surface+SMU_grad,5,alluvial_glacial,0.5,2.2
17059,IL,Gallatin County,2.0,0.072,15.35,SGMC_CH1995,surface+SMU_grad,1,clay_shale,1.5,3.5
17061,IL,Greene County,1.5,0.0648,15.3,SGMC_CH1995,surface+SMU_grad,2,alluvial_glacial,0.5,2.2
17063,IL,Grundy County,4.413,0.1733,15.09,SMU_IDW,surface+SMU_grad,9,alluvial_glacial,0.5,2.2
17065,IL,Hamilton County,2.0,0.072,15.25,SGMC_CH1995,surface+SMU_grad,2,clay_shale,1.5,3.5
17067,IL,Hancock County,3.365,0.1322,15.46,SMU_IDW,surface+SMU_grad,3,limestone_carbonate,2.5,4.0
17069,IL,Hardin County,2.5,0.0982,15.31,SGMC_CH1995,surface+SMU_grad,1,limestone_carbonate,2.5,4.0
17071,IL,Henderson County,3.417,0.1342,15.49,SMU_IDW,surface+SMU_grad,4,limestone_carbonate,2.5,4.0
17073,IL,Henry County,3.816,0.1499,15.41,SMU_IDW,surface+SMU_grad,6,alluvial_glacial,0.5,2.2
17075,IL,Iroquois County,4.066,0.1597,15.15,SMU_IDW,surface+SMU_grad,8,limestone_carbonate,2.5,4.0
17077,IL,Jackson County,2.828,0.1111,15.19,SMU_IDW,surface+SMU_grad,5,alluvial_glacial,0.5,2.2
17079,IL,Jasper County,2.0,0.072,15.15,SGMC_CH1995,surface+SMU_grad,2,clay_shale,1.5,3.5
17081,IL,Jefferson County,2.0,0.072,15.21,SGMC_CH1995,surface+SMU_grad,2,clay_shale,1.5,3.5
17083,IL,Jersey County,3.003,0.1179,15.27,SMU_IDW,surface+SMU_grad,5,limestone_carbonate,2.5,4.0
17085,IL,Jo Daviess County,3.354,0.1317,15.91,SMU_IDW,surface+SMU_grad,5,limestone_carbonate,2.5,4.0
17087,IL,Johnson County,2.724,0.107,15.28,SMU_IDW,surface+SMU_grad,3,alluvial_glacial,0.5,2.2
17089,IL,Kane County,4.209,0.1653,15.26,SMU_IDW,surface+SMU_grad,6,clay_shale,1.5,3.5
17091,IL,Kankakee County,4.329,0.17,15.1,SMU_IDW,surface+SMU_grad,8,limestone_carbonate,2.5,4.0
17093,IL,Kendall County,4.277,0.168,15.17,SMU_IDW,surface+SMU_grad,9,clay_shale,1.5,3.5
17095,IL,Knox County,3.85,0.1512,15.36,SMU_IDW,surface+SMU_grad,6,clay_shale,1.5,3.5
17097,IL,Lake County,3.97,0.1559,15.21,SMU_IDW,surface+SMU_grad,10,limestone_carbonate,2.5,4.0
17099,IL,LaSalle County,4.67,0.1834,15.05,SMU_IDW,surface+SMU_grad,5,alluvial_glacial,0.5,2.2
17101,IL,Lawrence County,1.5,0.0648,15.16,SGMC_CH1995,surface+SMU_grad,0,alluvial_glacial,0.5,2.2
17103,IL,Lee County,4.101,0.1611,15.37,SMU_IDW,surface+SMU_grad,6,limestone_carbonate,2.5,4.0
17105,IL,Livingston County,4.578,0.1798,15.03,SMU_IDW,surface+SMU_grad,8,clay_shale,1.5,3.5
17107,IL,Logan County,4.54,0.1783,15.18,SMU_IDW,surface+SMU_grad,4,alluvial_glacial,0.5,2.2
17109,IL,McDonough County,3.6,0.1414,15.43,SMU_IDW,surface+SMU_grad,4,alluvial_glacial,0.5,2.2
17111,IL,McHenry County,4.089,0.1606,15.35,SMU_IDW,surface+SMU_grad,5,limestone_carbonate,2.5,4.0
17113,IL,McLean County,4.578,0.1798,15.1,SMU_IDW,surface+SMU_grad,4,alluvial_glacial,0.5,2.2
17115,IL,Macon County,4.476,0.1758,15.17,SMU_IDW,surface+SMU_grad,4,alluvial_glacial,0.5,2.2
17117,IL,Macoupin County,2.0,0.072,15.26,SGMC_CH1995,surface+SMU_grad,2,clay_shale,1.5,3.5
17119,IL,Madison County,2.969,0.1166,15.21,SMU_IDW,surface+SMU_grad,5,clay_shale,1.5,3.5
17121,IL,Marion County,2.0,0.072,15.18,SGMC_CH1995,surface+SMU_grad,2,clay_shale,1.5,3.5
17123,IL,Marshall County,4.639,0.1822,15.06,SMU_IDW,surface+SMU_grad,6,alluvial_glacial,0.5,2.2
17125,IL,Mason County,4.296,0.1687,15.24,SMU_IDW,surface+SMU_grad,5,alluvial_glacial,0.5,2.2
17127,IL,Massac County,2.738,0.1075,15.36,SMU_IDW,surface+SMU_grad,3,alluvial_glacial,0.5,2.2
17129,IL,Menard County,4.315,0.1695,15.28,SMU_IDW,surface+SMU_grad,5,alluvial_glacial,0.5,2.2
17131,IL,Mercer County,3.409,0.1339,15.51,SMU_IDW,surface+SMU_grad,5,alluvial_glacial,0.5,2.2
17133,IL,Monroe County,2.919,0.1146,15.2,SMU_IDW,surface+SMU_grad,6,limestone_carbonate,2.5,4.0
17135,IL,Montgomery County,1.5,0.0648,15.21,SGMC_CH1995,surface+SMU_grad,1,alluvial_glacial,0.5,2.2
17137,IL,Morgan County,3.903,0.1533,15.29,SMU_IDW,surface+SMU_grad,3,alluvial_glacial,0.5,2.2
17139,IL,Moultrie County,4.436,0.1742,15.15,SMU_IDW,surface+SMU_grad,4,clay_shale,1.5,3.5
17141,IL,Ogle County,3.752,0.1474,15.57,SMU_IDW,surface+SMU_grad,6,limestone_carbonate,2.5,4.0
17143,IL,Peoria County,4.223,0.1658,15.22,SMU_IDW,surface+SMU_grad,8,alluvial_glacial,0.5,2.2
17145,IL,Perry County,2.923,0.1148,15.19,SMU_IDW,surface+SMU_grad,4,clay_shale,1.5,3.5
17147,IL,Piatt County,4.442,0.1744,15.16,SMU_IDW,surface+SMU_grad,4,alluvial_glacial,0.5,2.2
17149,IL,Pike County,2.5,0.0982,15.34,SGMC_CH1995,surface+SMU_grad,2,limestone_carbonate,2.5,4.0
17151,IL,Pope County,1.5,0.0648,15.37,SGMC_CH1995,surface+SMU_grad,2,alluvial_glacial,0.5,2.2
17153,IL,Pulaski County,2.76,0.1084,15.32,SMU_IDW,surface+SMU_grad,5,alluvial_glacial,0.5,2.2
17155,IL,Putnam County,4.615,0.1812,15.07,SMU_IDW,surface+SMU_grad,6,alluvial_glacial,0.5,2.2
17157,IL,Randolph County,2.815,0.1106,15.17,SMU_IDW,surface+SMU_grad,6,alluvial_glacial,0.5,2.2
17159,IL,Richland County,2.0,0.072,15.16,SGMC_CH1995,surface+SMU_grad,0,clay_shale,1.5,3.5
17161,IL,Rock Island County,3.484,0.1368,15.49,SMU_IDW,surface+SMU_grad,5,clay_shale,1.5,3.5
17163,IL,St. Clair County,2.945,0.1157,15.2,SMU_IDW,surface+SMU_grad,5,clay_shale,1.5,3.5
17165,IL,Saline County,2.0,0.072,15.38,SGMC_CH1995,surface+SMU_grad,2,clay_shale,1.5,3.5
17167,IL,Sangamon County,4.509,0.1771,15.28,SMU_IDW,surface+SMU_grad,4,clay_shale,1.5,3.5
17169,IL,Schuyler County,3.681,0.1446,15.37,SMU_IDW,surface+SMU_grad,4,alluvial_glacial,0.5,2.2
17171,IL,Scott County,2.5,0.0982,15.31,SGMC_CH1995,surface+SMU_grad,2,limestone_carbonate,2.5,4.0
17173,IL,Shelby County,4.445,0.1746,15.16,SMU_IDW,surface+SMU_grad,4,clay_shale,1.5,3.5
17175,IL,Stark County,4.168,0.1637,15.25,SMU_IDW,surface+SMU_grad,8,alluvial_glacial,0.5,2.2
17177,IL,Stephenson County,3.329,0.1307,15.96,SMU_IDW,surface+SMU_grad,3,limestone_carbonate,2.5,4.0
17179,IL,Tazewell County,4.483,0.1761,15.17,SMU_IDW,surface+SMU_grad,5,alluvial_glacial,0.5,2.2
17181,IL,Union County,2.817,0.1106,15.26,SMU_IDW,surface+SMU_grad,6,limestone_carbonate,2.5,4.0
17183,IL,Vermilion County,4.133,0.1623,15.15,SMU_IDW,surface+SMU_grad,8,clay_shale,1.5,3.5
17185,IL,Wabash County,2.0,0.072,15.17,SGMC_CH1995,surface+SMU_grad,0,clay_shale,1.5,3.5
17187,IL,Warren County,3.511,0.1379,15.46,SMU_IDW,surface+SMU_grad,5,alluvial_glacial,0.5,2.2
17189,IL,Washington County,2.979,0.117,15.18,SMU_IDW,surface+SMU_grad,4,alluvial_glacial,0.5,2.2
17191,IL,Wayne County,2.0,0.072,15.17,SGMC_CH1995,surface+SMU_grad,1,clay_shale,1.5,3.5
17193,IL,White County,2.0,0.072,15.18,SGMC_CH1995,surface+SMU_grad,1,clay_shale,1.5,3.5
17195,IL,Whiteside County,3.73,0.1465,15.54,SMU_IDW,surface+SMU_grad,6,limestone_carbonate,2.5,4.0
17197,IL,Will County,4.217,0.1656,15.14,SMU_IDW,surface+SMU_grad,9,limestone_carbonate,2.5,4.0
17199,IL,Williamson County,2.817,0.1106,15.25,SMU_IDW,surface+SMU_grad,3,alluvial_glacial,0.5,2.2
17201,IL,Winnebago County,3.624,0.1423,15.65,SMU_IDW,surface+SMU_grad,3,limestone_carbonate,2.5,4.0
17203,IL,Woodford County,4.655,0.1828,15.04,SMU_IDW,surface+SMU_grad,6,alluvial_glacial,0.5,2.2
18001,IN,Adams County,4.521,0.1776,14.51,SMU_IDW,surface+SMU_grad,5,limestone_carbonate,2.5,4.0
18003,IN,Allen County,4.54,0.1783,14.49,SMU_IDW,surface+SMU_grad,7,limestone_carbonate,2.5,4.0
18005,IN,Bartholomew County,3.545,0.1392,15.0,SMU_IDW,surface+SMU_grad,4,limestone_carbonate,2.5,4.0
18007,IN,Benton County,4.024,0.158,15.0,SMU_IDW,surface+SMU_grad,8,clay_shale,1.5,3.5
18009,IN,Blackford County,3.982,0.1564,14.87,SMU_IDW,surface+SMU_grad,5,limestone_carbonate,2.5,4.0
18011,IN,Boone County,3.784,0.1486,15.06,SMU_IDW,surface+SMU_grad,8,clay_shale,1.5,3.5
18013,IN,Brown County,3.545,0.1392,15.01,SMU_IDW,surface+SMU_grad,4,clay_shale,1.5,3.5
18015,IN,Carroll County,3.615,0.142,15.15,SMU_IDW,surface+SMU_grad,8,limestone_carbonate,2.5,4.0
18017,IN,Cass County,3.559,0.1398,15.17,SMU_IDW,surface+SMU_grad,8,limestone_carbonate,2.5,4.0
18019,IN,Clark County,2.0,0.072,15.03,SGMC_CH1995,surface+SMU_grad,0,clay_shale,1.5,3.5
18021,IN,Clay County,3.892,0.1528,15.0,SMU_IDW,surface+SMU_grad,7,alluvial_glacial,0.5,2.2
18023,IN,Clinton County,3.708,0.1456,15.1,SMU_IDW,surface+SMU_grad,8,limestone_carbonate,2.5,4.0
18025,IN,Crawford County,1.5,0.0648,15.13,SGMC_CH1995,surface+SMU_grad,0,alluvial_glacial,0.5,2.2
18027,IN,Daviess County,1.5,0.0648,15.06,SGMC_CH1995,surface+SMU_grad,0,alluvial_glacial,0.5,2.2
18029,IN,Dearborn County,2.0,0.072,15.0,SGMC_CH1995,surface+SMU_grad,0,clay_shale,1.5,3.5
18031,IN,Decatur County,3.776,0.1483,14.99,SMU_IDW,surface+SMU_grad,5,limestone_carbonate,2.5,4.0
18033,IN,DeKalb County,4.28,0.1681,14.68,SMU_IDW,surface+SMU_grad,7,clay_shale,1.5,3.5
18035,IN,Delaware County,3.86,0.1516,14.94,SMU_IDW,surface+SMU_grad,5,limestone_carbonate,2.5,4.0
18037,IN,Dubois County,1.5,0.0648,15.06,SGMC_CH1995,surface+SMU_grad,0,alluvial_glacial,0.5,2.2
18039,IN,Elkhart County,3.797,0.1491,14.99,SMU_IDW,surface+SMU_grad,9,clay_shale,1.5,3.5
18041,IN,Fayette County,3.836,0.1507,14.96,SMU_IDW,surface+SMU_grad,5,clay_shale,1.5,3.5
18043,IN,Floyd County,2.0,0.072,15.18,SGMC_CH1995,surface+SMU_grad,0,clay_shale,1.5,3.5
18045,IN,Fountain County,3.97,0.1559,15.01,SMU_IDW,surface+SMU_grad,8,alluvial_glacial,0.5,2.2
18047,IN,Franklin County,2.0,0.072,14.96,SGMC_CH1995,surface+SMU_grad,1,clay_shale,1.5,3.5
18049,IN,Fulton County,3.576,0.1404,15.16,SMU_IDW,surface+SMU_grad,9,limestone_carbonate,2.5,4.0
18051,IN,Gibson County,1.5,0.0648,14.86,SGMC_CH1995,surface+SMU_grad,0,alluvial_glacial,0.5,2.2
18053,IN,Grant County,3.813,0.1497,15.0,SMU_IDW,surface+SMU_grad,8,limestone_carbonate,2.5,4.0
18055,IN,Greene County,1.5,0.0648,14.99,SGMC_CH1995,surface+SMU_grad,0,alluvial_glacial,0.5,2.2
18057,IN,Hamilton County,3.789,0.1488,15.04,SMU_IDW,surface+SMU_grad,8,limestone_carbonate,2.5,4.0
18059,IN,Hancock County,3.732,0.1466,15.01,SMU_IDW,surface+SMU_grad,6,limestone_carbonate,2.5,4.0
18061,IN,Harrison County,2.5,0.0982,16.01,SGMC_CH1995,surface+default_grad,0,limestone_carbonate,2.5,4.0
18063,IN,Hendricks County,3.845,0.151,15.03,SMU_IDW,surface+SMU_grad,8,clay_shale,1.5,3.5
18065,IN,Henry County,3.819,0.15,14.97,SMU_IDW,surface+SMU_grad,5,limestone_carbonate,2.5,4.0
18067,IN,Howard County,3.663,0.1439,15.11,SMU_IDW,surface+SMU_grad,8,limestone_carbonate,2.5,4.0
18069,IN,Huntington County,3.966,0.1558,14.88,SMU_IDW,surface+SMU_grad,7,limestone_carbonate,2.5,4.0
18071,IN,Jackson County,2.0,0.072,15.0,SGMC_CH1995,surface+SMU_grad,0,clay_shale,1.5,3.5
18073,IN,Jasper County,3.844,0.151,15.07,SMU_IDW,surface+SMU_grad,9,limestone_carbonate,2.5,4.0
18075,IN,Jay County,4.163,0.1635,14.76,SMU_IDW,surface+SMU_grad,5,limestone_carbonate,2.5,4.0
18077,IN,Jefferson County,2.5,0.0982,15.02,SGMC_CH1995,surface+SMU_grad,0,limestone_carbonate,2.5,4.0
18079,IN,Jennings County,2.0,0.072,14.99,SGMC_CH1995,surface+SMU_grad,0,clay_shale,1.5,3.5
18081,IN,Johnson County,3.708,0.1456,15.01,SMU_IDW,surface+SMU_grad,5,clay_shale,1.5,3.5
18083,IN,Knox County,1.5,0.0648,14.97,SGMC_CH1995,surface+SMU_grad,0,alluvial_glacial,0.5,2.2
18085,IN,Kosciusko County,3.727,0.1464,15.06,SMU_IDW,surface+SMU_grad,9,limestone_carbonate,2.5,4.0
18087,IN,LaGrange County,3.93,0.1543,14.88,SMU_IDW,surface+SMU_grad,7,clay_shale,1.5,3.5
18089,IN,Lake County,3.986,0.1565,15.01,SMU_IDW,surface+SMU_grad,9,clay_shale,1.5,3.5
18091,IN,LaPorte County,3.78,0.1485,15.07,SMU_IDW,surface+SMU_grad,10,clay_shale,1.5,3.5
18093,IN,Lawrence County,2.5,0.0982,15.01,SGMC_CH1995,surface+SMU_grad,0,limestone_carbonate,2.5,4.0
18095,IN,Madison County,3.82,0.15,15.01,SMU_IDW,surface+SMU_grad,8,limestone_carbonate,2.5,4.0
18097,IN,Marion County,3.834,0.1506,15.03,SMU_IDW,surface+SMU_grad,8,limestone_carbonate,2.5,4.0
18099,IN,Marshall County,3.649,0.1433,15.11,SMU_IDW,surface+SMU_grad,9,clay_shale,1.5,3.5
18101,IN,Martin County,1.5,0.0648,15.06,SGMC_CH1995,surface+SMU_grad,0,alluvial_glacial,0.5,2.2
18103,IN,Miami County,3.614,0.1419,15.14,SMU_IDW,surface+SMU_grad,8,limestone_carbonate,2.5,4.0
18105,IN,Monroe County,3.545,0.1392,15.0,SMU_IDW,surface+SMU_grad,4,limestone_carbonate,2.5,4.0
18107,IN,Montgomery County,3.822,0.1501,15.04,SMU_IDW,surface+SMU_grad,7,clay_shale,1.5,3.5
18109,IN,Morgan County,3.809,0.1496,15.01,SMU_IDW,surface+SMU_grad,7,clay_shale,1.5,3.5
18111,IN,Newton County,4.093,0.1607,14.98,SMU_IDW,surface+SMU_grad,8,limestone_carbonate,2.5,4.0
18113,IN,Noble County,3.988,0.1566,14.86,SMU_IDW,surface+SMU_grad,7,clay_shale,1.5,3.5
18115,IN,Ohio County,2.0,0.072,14.99,SGMC_CH1995,surface+SMU_grad,0,clay_shale,1.5,3.5
18117,IN,Orange County,1.5,0.0648,15.07,SGMC_CH1995,surface+SMU_grad,0,alluvial_glacial,0.5,2.2
18119,IN,Owen County,3.86,0.1516,15.0,SMU_IDW,surface+SMU_grad,7,alluvial_glacial,0.5,2.2
18121,IN,Parke County,3.964,0.1557,15.0,SMU_IDW,surface+SMU_grad,8,alluvial_glacial,0.5,2.2
18123,IN,Perry County,1.5,0.0648,16.01,SGMC_CH1995,surface+default_grad,0,alluvial_glacial,0.5,2.2
18125,IN,Pike County,1.5,0.0648,14.99,SGMC_CH1995,surface+SMU_grad,0,alluvial_glacial,0.5,2.2
18127,IN,Porter County,3.871,0.152,15.05,SMU_IDW,surface+SMU_grad,10,clay_shale,1.5,3.5
18129,IN,Posey County,1.5,0.0648,15.0,SGMC_CH1995,surface+SMU_grad,0,alluvial_glacial,0.5,2.2
18131,IN,Pulaski County,3.592,0.1411,15.16,SMU_IDW,surface+SMU_grad,9,limestone_carbonate,2.5,4.0
18133,IN,Putnam County,3.846,0.151,15.02,SMU_IDW,surface+SMU_grad,7,limestone_carbonate,2.5,4.0
18135,IN,Randolph County,3.997,0.157,14.86,SMU_IDW,surface+SMU_grad,5,clay_shale,1.5,3.5
18137,IN,Ripley County,2.5,0.0982,14.98,SGMC_CH1995,surface+SMU_grad,0,limestone_carbonate,2.5,4.0
18139,IN,Rush County,3.787,0.1487,14.99,SMU_IDW,surface+SMU_grad,5,limestone_carbonate,2.5,4.0
18141,IN,St. Joseph County,3.74,0.1469,15.04,SMU_IDW,surface+SMU_grad,9,clay_shale,1.5,3.5
18143,IN,Scott County,2.0,0.072,14.99,SGMC_CH1995,surface+SMU_grad,0,clay_shale,1.5,3.5
18145,IN,Shelby County,3.74,0.1469,15.01,SMU_IDW,surface+SMU_grad,5,limestone_carbonate,2.5,4.0
18147,IN,Spencer County,1.5,0.0648,16.01,SGMC_CH1995,surface+default_grad,0,alluvial_glacial,0.5,2.2
18149,IN,Starke County,3.662,0.1438,15.13,SMU_IDW,surface+SMU_grad,10,clay_shale,1.5,3.5
18151,IN,Steuben County,4.11,0.1614,14.79,SMU_IDW,surface+SMU_grad,7,clay_shale,1.5,3.5
18153,IN,Sullivan County,4.303,0.169,15.02,SMU_IDW,surface+SMU_grad,3,alluvial_glacial,0.5,2.2
18155,IN,Switzerland County,2.0,0.072,15.0,SGMC_CH1995,surface+SMU_grad,0,clay_shale,1.5,3.5
18157,IN,Tippecanoe County,3.806,0.1495,15.07,SMU_IDW,surface+SMU_grad,9,clay_shale,1.5,3.5
18159,IN,Tipton County,3.723,0.1462,15.08,SMU_IDW,surface+SMU_grad,8,limestone_carbonate,2.5,4.0
18161,IN,Union County,3.876,0.1522,14.94,SMU_IDW,surface+SMU_grad,5,clay_shale,1.5,3.5
18163,IN,Vanderburgh County,1.5,0.0648,16.01,SGMC_CH1995,surface+default_grad,0,alluvial_glacial,0.5,2.2
18165,IN,Vermillion County,4.028,0.1582,14.99,SMU_IDW,surface+SMU_grad,8,alluvial_glacial,0.5,2.2
18167,IN,Vigo County,3.928,0.1543,14.99,SMU_IDW,surface+SMU_grad,7,alluvial_glacial,0.5,2.2
18169,IN,Wabash County,3.715,0.1459,15.07,SMU_IDW,surface+SMU_grad,8,limestone_carbonate,2.5,4.0
18171,IN,Warren County,4.038,0.1586,14.99,SMU_IDW,surface+SMU_grad,8,alluvial_glacial,0.5,2.2
18173,IN,Warrick County,1.5,0.0648,14.83,SGMC_CH1995,surface+SMU_grad,0,alluvial_glacial,0.5,2.2
18175,IN,Washington County,2.5,0.0982,15.0,SGMC_CH1995,surface+SMU_grad,0,limestone_carbonate,2.5,4.0
18177,IN,Wayne County,3.904,0.1533,14.92,SMU_IDW,surface+SMU_grad,5,clay_shale,1.5,3.5
18179,IN,Wells County,4.28,0.1681,14.68,SMU_IDW,surface+SMU_grad,5,limestone_carbonate,2.5,4.0
18181,IN,White County,3.669,0.1441,15.13,SMU_IDW,surface+SMU_grad,9,limestone_carbonate,2.5,4.0
18183,IN,Whitley County,3.95,0.1551,14.88,SMU_IDW,surface+SMU_grad,8,limestone_carbonate,2.5,4.0
19001,IA,Adair County,3.166,0.1243,14.14,SMU_IDW,surface+SMU_grad,13,undifferentiated,1.5,4.0
19003,IA,Adams County,3.015,0.1184,14.37,SMU_IDW,surface+SMU_grad,14,undifferentiated,1.5,4.0
19005,IA,Allamakee County,2.5,0.0982,14.09,SGMC_CH1995,surface+SMU_grad,1,undifferentiated,1.5,4.0
19007,IA,Appanoose County,3.319,0.1303,14.16,SMU_IDW,surface+SMU_grad,6,undifferentiated,1.5,4.0
19009,IA,Audubon County,3.049,0.1197,14.2,SMU_IDW,surface+SMU_grad,15,undifferentiated,1.5,4.0
19011,IA,Benton County,3.397,0.1334,14.1,SMU_IDW,surface+SMU_grad,11,limestone_carbonate,2.5,4.0
19013,IA,Black Hawk County,3.392,0.1332,13.95,SMU_IDW,surface+SMU_grad,10,undifferentiated,1.5,4.0
19015,IA,Boone County,3.195,0.1255,13.99,SMU_IDW,surface+SMU_grad,10,undifferentiated,1.5,4.0
19017,IA,Bremer County,3.399,0.1335,13.89,SMU_IDW,surface+SMU_grad,10,undifferentiated,1.5,4.0
19019,IA,Buchanan County,3.44,0.1351,14.05,SMU_IDW,surface+SMU_grad,8,undifferentiated,1.5,4.0
19021,IA,Buena Vista County,2.891,0.1135,13.8,SMU_IDW,surface+SMU_grad,11,undifferentiated,1.5,4.0
19023,IA,Butler County,3.42,0.1343,13.79,SMU_IDW,surface+SMU_grad,9,undifferentiated,1.5,4.0
19025,IA,Calhoun County,3.284,0.129,13.8,SMU_IDW,surface+SMU_grad,12,undifferentiated,1.5,4.0
19027,IA,Carroll County,3.117,0.1224,14.08,SMU_IDW,surface+SMU_grad,12,undifferentiated,1.5,4.0
19029,IA,Cass County,3.029,0.119,14.29,SMU_IDW,surface+SMU_grad,14,undifferentiated,1.5,4.0
19031,IA,Cedar County,3.375,0.1325,14.22,SMU_IDW,surface+SMU_grad,4,undifferentiated,1.5,4.0
19033,IA,Cerro Gordo County,3.38,0.1327,13.68,SMU_IDW,surface+SMU_grad,8,clay_shale,1.5,3.5
19035,IA,Cherokee County,2.803,0.1101,14.29,SMU_IDW,surface+SMU_grad,11,undifferentiated,1.5,4.0
19037,IA,Chickasaw County,3.501,0.1375,13.87,SMU_IDW,surface+SMU_grad,6,undifferentiated,1.5,4.0
19039,IA,Clarke County,3.227,0.1267,14.18,SMU_IDW,surface+SMU_grad,10,clay_shale,1.5,3.5
19041,IA,Clay County,2.275,0.0893,13.34,SMU_IDW,surface+SMU_grad,10,undifferentiated,1.5,4.0
19043,IA,Clayton County,3.372,0.1324,14.13,SMU_IDW,surface+SMU_grad,4,clay_shale,1.5,3.5
19045,IA,Clinton County,3.481,0.1367,14.3,SMU_IDW,surface+SMU_grad,5,undifferentiated,1.5,4.0
19047,IA,Crawford County,3.027,0.1189,14.31,SMU_IDW,surface+SMU_grad,13,undifferentiated,1.5,4.0
19049,IA,Dallas County,3.031,0.119,14.16,SMU_IDW,surface+SMU_grad,11,undifferentiated,1.5,4.0
19051,IA,Davis County,3.37,0.1323,14.17,SMU_IDW,surface+SMU_grad,6,undifferentiated,1.5,4.0
19053,IA,Decatur County,3.12,0.1225,14.29,SMU_IDW,surface+SMU_grad,7,clay_shale,1.5,3.5
19055,IA,Delaware County,3.383,0.1329,14.16,SMU_IDW,surface+SMU_grad,4,undifferentiated,1.5,4.0
19057,IA,Des Moines County,3.341,0.1312,14.3,SMU_IDW,surface+SMU_grad,4,undifferentiated,1.5,4.0
19059,IA,Dickinson County,2.375,0.0933,13.48,SMU_IDW,surface+SMU_grad,6,undifferentiated,1.5,4.0
19061,IA,Dubuque County,3.355,0.1318,14.3,SMU_IDW,surface+SMU_grad,4,undifferentiated,1.5,4.0
19063,IA,Emmet County,2.846,0.1118,13.64,SMU_IDW,surface+SMU_grad,7,undifferentiated,1.5,4.0
19065,IA,Fayette County,3.444,0.1353,13.99,SMU_IDW,surface+SMU_grad,8,undifferentiated,1.5,4.0
19067,IA,Floyd County,3.353,0.1317,13.77,SMU_IDW,surface+SMU_grad,9,undifferentiated,1.5,4.0
19069,IA,Franklin County,3.413,0.134,13.68,SMU_IDW,surface+SMU_grad,10,undifferentiated,1.5,4.0
19071,IA,Fremont County,2.385,0.0937,14.6,SMU_IDW,surface+SMU_grad,16,clay_shale,1.5,3.5
19073,IA,Greene County,3.142,0.1234,14.03,SMU_IDW,surface+SMU_grad,11,undifferentiated,1.5,4.0
19075,IA,Grundy County,3.392,0.1332,13.85,SMU_IDW,surface+SMU_grad,10,clay_shale,1.5,3.5
19077,IA,Guthrie County,3.028,0.1189,14.17,SMU_IDW,surface+SMU_grad,11,undifferentiated,1.5,4.0
19079,IA,Hamilton County,3.437,0.135,13.67,SMU_IDW,surface+SMU_grad,10,undifferentiated,1.5,4.0
19081,IA,Hancock County,3.411,0.134,13.66,SMU_IDW,surface+SMU_grad,8,clay_shale,1.5,3.5
19083,IA,Hardin County,3.381,0.1328,13.76,SMU_IDW,surface+SMU_grad,10,undifferentiated,1.5,4.0
19085,IA,Harrison County,3.041,0.1194,14.49,SMU_IDW,surface+SMU_grad,16,undifferentiated,1.5,4.0
19087,IA,Henry County,3.339,0.1311,14.28,SMU_IDW,surface+SMU_grad,3,undifferentiated,1.5,4.0
19089,IA,Howard County,3.505,0.1377,13.85,SMU_IDW,surface+SMU_grad,4,limestone_carbonate,2.5,4.0
19091,IA,Humboldt County,3.476,0.1365,13.59,SMU_IDW,surface+SMU_grad,8,undifferentiated,1.5,4.0
19093,IA,Ida County,2.981,0.1171,14.37,SMU_IDW,surface+SMU_grad,12,undifferentiated,1.5,4.0
19095,IA,Iowa County,3.446,0.1353,14.21,SMU_IDW,surface+SMU_grad,10,undifferentiated,1.5,4.0
19097,IA,Jackson County,3.443,0.1352,14.35,SMU_IDW,surface+SMU_grad,5,undifferentiated,1.5,4.0
19099,IA,Jasper County,3.319,0.1303,14.01,SMU_IDW,surface+SMU_grad,10,undifferentiated,1.5,4.0
19101,IA,Jefferson County,3.421,0.1344,14.23,SMU_IDW,surface+SMU_grad,6,undifferentiated,1.5,4.0
19103,IA,Johnson County,3.427,0.1346,14.23,SMU_IDW,surface+SMU_grad,4,undifferentiated,1.5,4.0
19105,IA,Jones County,3.379,0.1327,14.23,SMU_IDW,surface+SMU_grad,4,undifferentiated,1.5,4.0
19107,IA,Keokuk County,3.466,0.1361,14.23,SMU_IDW,surface+SMU_grad,6,limestone_carbonate,2.5,4.0
19109,IA,Kossuth County,3.291,0.1292,13.67,SMU_IDW,surface+SMU_grad,8,undifferentiated,1.5,4.0
19111,IA,Lee County,3.364,0.1321,14.26,SMU_IDW,surface+SMU_grad,3,undifferentiated,1.5,4.0
19113,IA,Linn County,3.411,0.134,14.17,SMU_IDW,surface+SMU_grad,4,limestone_carbonate,2.5,4.0
19115,IA,Louisa County,3.247,0.1275,14.35,SMU_IDW,surface+SMU_grad,5,undifferentiated,1.5,4.0
19117,IA,Lucas County,3.3,0.1296,14.13,SMU_IDW,surface+SMU_grad,10,clay_shale,1.5,3.5
19119,IA,Lyon County,2.685,0.1054,15.64,SMU_IDW,surface+SMU_grad,7,undifferentiated,1.5,4.0
19121,IA,Madison County,3.297,0.1295,14.04,SMU_IDW,surface+SMU_grad,10,clay_shale,1.5,3.5
19123,IA,Mahaska County,3.397,0.1334,14.14,SMU_IDW,surface+SMU_grad,10,undifferentiated,1.5,4.0
19125,IA,Marion County,3.319,0.1303,14.1,SMU_IDW,surface+SMU_grad,10,undifferentiated,1.5,4.0
19127,IA,Marshall County,3.352,0.1316,13.92,SMU_IDW,surface+SMU_grad,10,undifferentiated,1.5,4.0
19129,IA,Mills County,2.405,0.0945,14.57,SMU_IDW,surface+SMU_grad,14,undifferentiated,1.5,4.0
19131,IA,Mitchell County,3.378,0.1327,13.77,SMU_IDW,surface+SMU_grad,5,undifferentiated,1.5,4.0
19133,IA,Monona County,3.118,0.1225,14.58,SMU_IDW,surface+SMU_grad,14,undifferentiated,1.5,4.0
19135,IA,Monroe County,3.327,0.1307,14.15,SMU_IDW,surface+SMU_grad,6,undifferentiated,1.5,4.0
19137,IA,Montgomery County,2.676,0.1051,14.52,SMU_IDW,surface+SMU_grad,13,undifferentiated,1.5,4.0
19139,IA,Muscatine County,3.358,0.1319,14.27,SMU_IDW,surface+SMU_grad,5,limestone_carbonate,2.5,4.0
19141,IA,O'Brien County,2.523,0.0991,13.88,SMU_IDW,surface+SMU_grad,10,undifferentiated,1.5,4.0
19143,IA,Osceola County,2.531,0.0994,13.99,SMU_IDW,surface+SMU_grad,7,undifferentiated,1.5,4.0
19145,IA,Page County,2.595,0.1019,14.61,SMU_IDW,surface+SMU_grad,16,clay_shale,1.5,3.5
19147,IA,Palo Alto County,2.986,0.1173,13.61,SMU_IDW,surface+SMU_grad,8,undifferentiated,1.5,4.0
19149,IA,Plymouth County,2.638,0.1036,15.49,SMU_IDW,surface+SMU_grad,8,undifferentiated,1.5,4.0
19151,IA,Pocahontas County,3.298,0.1295,13.69,SMU_IDW,surface+SMU_grad,9,undifferentiated,1.5,4.0
19153,IA,Polk County,3.224,0.1266,14.06,SMU_IDW,surface+SMU_grad,10,undifferentiated,1.5,4.0
19155,IA,Pottawattamie County,2.75,0.108,14.52,SMU_IDW,surface+SMU_grad,18,undifferentiated,1.5,4.0
19157,IA,Poweshiek County,3.401,0.1336,14.12,SMU_IDW,surface+SMU_grad,10,undifferentiated,1.5,4.0
19159,IA,Ringgold County,3.002,0.1179,14.4,SMU_IDW,surface+SMU_grad,8,clay_shale,1.5,3.5
19161,IA,Sac County,3.098,0.1217,14.04,SMU_IDW,surface+SMU_grad,12,undifferentiated,1.5,4.0
19163,IA,Scott County,3.477,0.1366,14.28,SMU_IDW,surface+SMU_grad,5,undifferentiated,1.5,4.0
19165,IA,Shelby County,3.001,0.1179,14.36,SMU_IDW,surface+SMU_grad,15,undifferentiated,1.5,4.0
19167,IA,Sioux County,2.647,0.104,15.51,SMU_IDW,surface+SMU_grad,8,undifferentiated,1.5,4.0
19169,IA,Story County,3.284,0.129,13.93,SMU_IDW,surface+SMU_grad,10,undifferentiated,1.5,4.0
19171,IA,Tama County,3.383,0.1329,14.01,SMU_IDW,surface+SMU_grad,10,undifferentiated,1.5,4.0
19173,IA,Taylor County,2.773,0.1089,14.5,SMU_IDW,surface+SMU_grad,14,undifferentiated,1.5,4.0
19175,IA,Union County,3.15,0.1237,14.25,SMU_IDW,surface+SMU_grad,14,clay_shale,1.5,3.5
19177,IA,Van Buren County,3.409,0.1339,14.2,SMU_IDW,surface+SMU_grad,3,undifferentiated,1.5,4.0
19179,IA,Wapello County,3.404,0.1337,14.19,SMU_IDW,surface+SMU_grad,6,undifferentiated,1.5,4.0
19181,IA,Warren County,3.245,0.1274,14.07,SMU_IDW,surface+SMU_grad,11,undifferentiated,1.5,4.0
19183,IA,Washington County,3.463,0.136,14.25,SMU_IDW,surface+SMU_grad,5,undifferentiated,1.5,4.0
19185,IA,Wayne County,3.239,0.1272,14.3,SMU_IDW,surface+SMU_grad,7,undifferentiated,1.5,4.0
19187,IA,Webster County,3.464,0.136,13.62,SMU_IDW,surface+SMU_grad,8,undifferentiated,1.5,4.0
19189,IA,Winnebago County,3.311,0.13,13.7,SMU_IDW,surface+SMU_grad,7,undifferentiated,1.5,4.0
19191,IA,Winneshiek County,3.465,0.1361,13.95,SMU_IDW,surface+SMU_grad,5,undifferentiated,1.5,4.0
19193,IA,Woodbury County,2.835,0.1113,15.07,SMU_IDW,surface+SMU_grad,13,undifferentiated,1.5,4.0
19195,IA,Worth County,3.379,0.1327,13.7,SMU_IDW,surface+SMU_grad,5,undifferentiated,1.5,4.0
19197,IA,Wright County,3.478,0.1366,13.6,SMU_IDW,surface+SMU_grad,8,undifferentiated,1.5,4.0
20001,KS,Allen County,2.376,0.0933,17.19,SMU_IDW,surface+SMU_grad,40,clay_shale,1.5,3.5
20003,KS,Anderson County,2.097,0.0824,17.57,SMU_IDW,surface+SMU_grad,35,clay_shale,1.5,3.5
20005,KS,Atchison County,2.26,0.0888,16.93,SMU_IDW,surface+SMU_grad,19,alluvial_glacial,0.5,2.2
20007,KS,Barber County,2.021,0.0794,17.86,SMU_IDW,surface+SMU_grad,29,alluvial_glacial,0.5,2.2
20009,KS,Barton County,2.781,0.1092,17.67,SMU_IDW,surface+SMU_grad,27,alluvial_glacial,0.5,2.2
20011,KS,Bourbon County,2.428,0.0954,17.16,SMU_IDW,surface+SMU_grad,36,alluvial_glacial,0.5,2.2
20013,KS,Brown County,2.346,0.0921,17.03,SMU_IDW,surface+SMU_grad,19,alluvial_glacial,0.5,2.2
20015,KS,Butler County,1.657,0.0651,17.66,SMU_IDW,surface+SMU_grad,52,clay_shale,1.5,3.5
20017,KS,Chase County,1.851,0.0727,17.36,SMU_IDW,surface+SMU_grad,42,clay_shale,1.5,3.5
20019,KS,Chautauqua County,2.168,0.0851,17.62,SMU_IDW,surface+SMU_grad,43,clay_shale,1.5,3.5
20021,KS,Cherokee County,2.889,0.1135,16.66,SMU_IDW,surface+SMU_grad,37,alluvial_glacial,0.5,2.2
20023,KS,Cheyenne County,1.647,0.0647,19.36,SMU_IDW,surface+SMU_grad,36,sandstone,1.5,5.5
20025,KS,Clark County,2.411,0.0947,17.73,SMU_IDW,surface+SMU_grad,26,alluvial_glacial,0.5,2.2
20027,KS,Clay County,2.23,0.0876,17.23,SMU_IDW,surface+SMU_grad,35,undifferentiated,1.5,4.0
20029,KS,Cloud County,2.342,0.092,17.27,SMU_IDW,surface+SMU_grad,35,clay_shale,1.5,3.5
20031,KS,Coffey County,2.041,0.0802,17.36,SMU_IDW,surface+SMU_grad,42,clay_shale,1.5,3.5
20033,KS,Comanche County,2.296,0.0902,17.66,SMU_IDW,surface+SMU_grad,17,alluvial_glacial,0.5,2.2
20035,KS,Cowley County,2.164,0.085,18.06,SMU_IDW,surface+SMU_grad,46,clay_shale,1.5,3.5
20037,KS,Crawford County,2.845,0.1117,16.74,SMU_IDW,surface+SMU_grad,39,alluvial_glacial,0.5,2.2
20039,KS,Decatur County,1.576,0.0619,18.95,SMU_IDW,surface+SMU_grad,28,sandstone,1.5,5.5
20041,KS,Dickinson County,2.317,0.091,17.07,SMU_IDW,surface+SMU_grad,34,clay_shale,1.5,3.5
20043,KS,Doniphan County,2.308,0.0906,16.96,SMU_IDW,surface+SMU_grad,19,undifferentiated,1.5,4.0
20045,KS,Douglas County,2.318,0.091,16.85,SMU_IDW,surface+SMU_grad,36,clay_shale,1.5,3.5
20047,KS,Edwards County,2.501,0.0982,17.99,SMU_IDW,surface+SMU_grad,20,alluvial_glacial,0.5,2.2
20049,KS,Elk County,2.037,0.08,17.55,SMU_IDW,surface+SMU_grad,53,clay_shale,1.5,3.5
20051,KS,Ellis County,2.175,0.0854,18.41,SMU_IDW,surface+SMU_grad,16,clay_shale,1.5,3.5
20053,KS,Ellsworth County,2.874,0.1129,17.3,SMU_IDW,surface+SMU_grad,35,clay_shale,1.5,3.5
20055,KS,Finney County,1.861,0.0731,18.57,SMU_IDW,surface+SMU_grad,30,undifferentiated,1.5,4.0
20057,KS,Ford County,2.518,0.0989,18.08,SMU_IDW,surface+SMU_grad,19,alluvial_glacial,0.5,2.2
20059,KS,Franklin County,2.08,0.0817,17.61,SMU_IDW,surface+SMU_grad,37,alluvial_glacial,0.5,2.2
20061,KS,Geary County,1.969,0.0773,17.21,SMU_IDW,surface+SMU_grad,38,clay_shale,1.5,3.5
20063,KS,Gove County,1.639,0.0644,18.86,SMU_IDW,surface+SMU_grad,27,undifferentiated,1.5,4.0
20065,KS,Graham County,1.835,0.0721,18.56,SMU_IDW,surface+SMU_grad,31,alluvial_glacial,0.5,2.2
20067,KS,Grant County,2.24,0.088,17.86,SMU_IDW,surface+SMU_grad,16,undifferentiated,1.5,4.0
20069,KS,Gray County,2.085,0.0819,18.22,SMU_IDW,surface+SMU_grad,19,alluvial_glacial,0.5,2.2
20071,KS,Greeley County,1.45,0.0569,19.36,SMU_IDW,surface+SMU_grad,35,undifferentiated,1.5,4.0
20073,KS,Greenwood County,1.915,0.0752,17.44,SMU_IDW,surface+SMU_grad,53,clay_shale,1.5,3.5
20075,KS,Hamilton County,1.763,0.0692,18.73,SMU_IDW,surface+SMU_grad,26,alluvial_glacial,0.5,2.2
20077,KS,Harper County,1.924,0.0756,18.15,SMU_IDW,surface+SMU_grad,34,alluvial_glacial,0.5,2.2
20079,KS,Harvey County,1.913,0.0751,17.49,SMU_IDW,surface+SMU_grad,37,undifferentiated,1.5,4.0
20081,KS,Haskell County,2.223,0.0873,18.01,SMU_IDW,surface+SMU_grad,15,undifferentiated,1.5,4.0
20083,KS,Hodgeman County,2.34,0.0919,18.33,SMU_IDW,surface+SMU_grad,11,clay_shale,1.5,3.5
20085,KS,Jackson County,2.15,0.0844,16.93,SMU_IDW,surface+SMU_grad,26,alluvial_glacial,0.5,2.2
20087,KS,Jefferson County,2.322,0.0912,16.8,SMU_IDW,surface+SMU_grad,23,clay_shale,1.5,3.5
20089,KS,Jewell County,2.292,0.09,17.91,SMU_IDW,surface+SMU_grad,27,undifferentiated,1.5,4.0
20091,KS,Johnson County,2.222,0.0873,17.41,SMU_IDW,surface+SMU_grad,19,clay_shale,1.5,3.5
20093,KS,Kearny County,1.84,0.0723,18.62,SMU_IDW,surface+SMU_grad,31,undifferentiated,1.5,4.0
20095,KS,Kingman County,2.129,0.0836,17.78,SMU_IDW,surface+SMU_grad,34,alluvial_glacial,0.5,2.2
20097,KS,Kiowa County,2.451,0.0963,17.84,SMU_IDW,surface+SMU_grad,11,undifferentiated,1.5,4.0
20099,KS,Labette County,3.25,0.1276,16.6,SMU_IDW,surface+SMU_grad,39,alluvial_glacial,0.5,2.2
20101,KS,Lane County,1.613,0.0633,18.74,SMU_IDW,surface+SMU_grad,23,undifferentiated,1.5,4.0
20103,KS,Leavenworth County,2.285,0.0897,16.95,SMU_IDW,surface+SMU_grad,18,alluvial_glacial,0.5,2.2
20105,KS,Lincoln County,2.508,0.0985,17.46,SMU_IDW,surface+SMU_grad,36,alluvial_glacial,0.5,2.2
20107,KS,Linn County,2.087,0.082,17.77,SMU_IDW,surface+SMU_grad,32,clay_shale,1.5,3.5
20109,KS,Logan County,1.475,0.0579,19.35,SMU_IDW,surface+SMU_grad,29,undifferentiated,1.5,4.0
20111,KS,Lyon County,1.914,0.0752,17.3,SMU_IDW,surface+SMU_grad,47,clay_shale,1.5,3.5
20113,KS,McPherson County,2.491,0.0978,17.26,SMU_IDW,surface+SMU_grad,40,undifferentiated,1.5,4.0
20115,KS,Marion County,1.944,0.0763,17.33,SMU_IDW,surface+SMU_grad,46,clay_shale,1.5,3.5
20117,KS,Marshall County,2.14,0.084,17.31,SMU_IDW,surface+SMU_grad,19,alluvial_glacial,0.5,2.2
20119,KS,Meade County,2.43,0.0954,17.84,SMU_IDW,surface+SMU_grad,10,alluvial_glacial,0.5,2.2
20121,KS,Miami County,2.023,0.0794,18.01,SMU_IDW,surface+SMU_grad,26,alluvial_glacial,0.5,2.2
20123,KS,Mitchell County,2.441,0.0959,17.69,SMU_IDW,surface+SMU_grad,25,undifferentiated,1.5,4.0
20125,KS,Montgomery County,2.344,0.0921,17.12,SMU_IDW,surface+SMU_grad,38,clay_shale,1.5,3.5
20127,KS,Morris County,1.857,0.0729,17.24,SMU_IDW,surface+SMU_grad,40,clay_shale,1.5,3.5
20129,KS,Morton County,2.387,0.0937,17.48,SMU_IDW,surface+SMU_grad,16,undifferentiated,1.5,4.0
20131,KS,Nemaha County,2.273,0.0893,17.09,SMU_IDW,surface+SMU_grad,23,alluvial_glacial,0.5,2.2
20133,KS,Neosho County,2.959,0.1162,16.75,SMU_IDW,surface+SMU_grad,41,clay_shale,1.5,3.5
20135,KS,Ness County,1.93,0.0758,18.53,SMU_IDW,surface+SMU_grad,25,clay_shale,1.5,3.5
20137,KS,Norton County,1.668,0.0655,18.67,SMU_IDW,surface+SMU_grad,23,sandstone,1.5,5.5
20139,KS,Osage County,2.06,0.0809,17.16,SMU_IDW,surface+SMU_grad,40,clay_shale,1.5,3.5
20141,KS,Osborne County,2.309,0.0907,18.14,SMU_IDW,surface+SMU_grad,15,undifferentiated,1.5,4.0
20143,KS,Ottawa County,2.53,0.0994,17.04,SMU_IDW,surface+SMU_grad,36,alluvial_glacial,0.5,2.2
20145,KS,Pawnee County,2.599,0.1021,18.09,SMU_IDW,surface+SMU_grad,19,alluvial_glacial,0.5,2.2
20147,KS,Phillips County,1.798,0.0706,18.55,SMU_IDW,surface+SMU_grad,30,undifferentiated,1.5,4.0
20149,KS,Pottawatomie County,1.95,0.0766,17.12,SMU_IDW,surface+SMU_grad,39,clay_shale,1.5,3.5
20151,KS,Pratt County,2.286,0.0898,17.71,SMU_IDW,surface+SMU_grad,32,undifferentiated,1.5,4.0
20153,KS,Rawlins County,1.661,0.0652,19.27,SMU_IDW,surface+SMU_grad,32,alluvial_glacial,0.5,2.2
20155,KS,Reno County,2.508,0.0985,17.46,SMU_IDW,surface+SMU_grad,36,alluvial_glacial,0.5,2.2
20157,KS,Republic County,2.399,0.0942,17.42,SMU_IDW,surface+SMU_grad,21,clay_shale,1.5,3.5
20159,KS,Rice County,3.306,0.1298,17.24,SMU_IDW,surface+SMU_grad,42,undifferentiated,1.5,4.0
20161,KS,Riley County,2.014,0.0791,17.19,SMU_IDW,surface+SMU_grad,39,clay_shale,1.5,3.5
20163,KS,Rooks County,1.903,0.0747,18.48,SMU_IDW,surface+SMU_grad,27,clay_shale,1.5,3.5
20165,KS,Rush County,2.462,0.0967,18.2,SMU_IDW,surface+SMU_grad,16,clay_shale,1.5,3.5
20167,KS,Russell County,2.591,0.1018,17.91,SMU_IDW,surface+SMU_grad,19,clay_shale,1.5,3.5
20169,KS,Saline County,2.66,0.1045,16.9,SMU_IDW,surface+SMU_grad,33,alluvial_glacial,0.5,2.2
20171,KS,Scott County,1.633,0.0641,18.94,SMU_IDW,surface+SMU_grad,38,undifferentiated,1.5,4.0
20173,KS,Sedgwick County,1.839,0.0722,17.77,SMU_IDW,surface+SMU_grad,39,alluvial_glacial,0.5,2.2
20175,KS,Seward County,2.419,0.095,17.64,SMU_IDW,surface+SMU_grad,9,alluvial_glacial,0.5,2.2
20177,KS,Shawnee County,2.194,0.0862,16.79,SMU_IDW,surface+SMU_grad,38,clay_shale,1.5,3.5
20179,KS,Sheridan County,1.739,0.0683,18.75,SMU_IDW,surface+SMU_grad,29,undifferentiated,1.5,4.0
20181,KS,Sherman County,1.437,0.0564,19.61,SMU_IDW,surface+SMU_grad,31,undifferentiated,1.5,4.0
20183,KS,Smith County,2.101,0.0825,18.23,SMU_IDW,surface+SMU_grad,17,undifferentiated,1.5,4.0
20185,KS,Stafford County,2.568,0.1009,17.64,SMU_IDW,surface+SMU_grad,34,alluvial_glacial,0.5,2.2
20187,KS,Stanton County,2.206,0.0866,18.02,SMU_IDW,surface+SMU_grad,17,undifferentiated,1.5,4.0
20189,KS,Stevens County,2.386,0.0937,17.45,SMU_IDW,surface+SMU_grad,13,alluvial_glacial,0.5,2.2
20191,KS,Sumner County,2.047,0.0804,18.08,SMU_IDW,surface+SMU_grad,40,undifferentiated,1.5,4.0
20193,KS,Thomas County,1.451,0.057,19.67,SMU_IDW,surface+SMU_grad,31,undifferentiated,1.5,4.0
20195,KS,Trego County,1.845,0.0725,18.6,SMU_IDW,surface+SMU_grad,32,undifferentiated,1.5,4.0
20197,KS,Wabaunsee County,1.78,0.0699,17.12,SMU_IDW,surface+SMU_grad,40,clay_shale,1.5,3.5
20199,KS,Wallace County,1.341,0.0527,19.59,SMU_IDW,surface+SMU_grad,29,undifferentiated,1.5,4.0
20201,KS,Washington County,2.276,0.0894,17.34,SMU_IDW,surface+SMU_grad,23,clay_shale,1.5,3.5
20203,KS,Wichita County,1.567,0.0615,19.17,SMU_IDW,surface+SMU_grad,36,undifferentiated,1.5,4.0
20205,KS,Wilson County,2.325,0.0913,17.12,SMU_IDW,surface+SMU_grad,40,clay_shale,1.5,3.5
20207,KS,Woodson County,2.166,0.0851,17.28,SMU_IDW,surface+SMU_grad,44,alluvial_glacial,0.5,2.2
20209,KS,Wyandotte County,2.31,0.0907,17.05,SMU_IDW,surface+SMU_grad,17,undifferentiated,1.5,4.0
21001,KY,Adair County,2.5,0.0982,16.72,SGMC_CH1995,surface+SMU_grad,2,limestone_carbonate,2.5,4.0
21003,KY,Allen County,2.5,0.0982,16.53,SGMC_CH1995,surface+SMU_grad,1,limestone_carbonate,2.5,4.0
21005,KY,Anderson County,2.5,0.0982,18.26,SGMC_CH1995,surface+SMU_grad,0,limestone_carbonate,2.5,4.0
21007,KY,Ballard County,2.739,0.1076,19.06,SMU_IDW,surface+SMU_grad,6,alluvial_glacial,0.5,2.2
21009,KY,Barren County,2.5,0.0982,18.66,SGMC_CH1995,surface+SMU_grad,1,limestone_carbonate,2.5,4.0
21011,KY,Bath County,3.743,0.147,17.12,SMU_IDW,surface+SMU_grad,5,limestone_carbonate,2.5,4.0
21013,KY,Bell County,3.216,0.1263,19.32,SMU_IDW,surface+SMU_grad,9,clay_shale,1.5,3.5
21015,KY,Boone County,2.5,0.0982,17.23,SGMC_CH1995,surface+SMU_grad,0,limestone_carbonate,2.5,4.0
21017,KY,Bourbon County,2.5,0.0982,18.17,SGMC_CH1995,surface+SMU_grad,0,limestone_carbonate,2.5,4.0
21019,KY,Boyd County,3.579,0.1406,18.15,SMU_IDW,surface+SMU_grad,6,alluvial_glacial,0.5,2.2
21021,KY,Boyle County,2.5,0.0982,18.51,SGMC_CH1995,surface+SMU_grad,1,limestone_carbonate,2.5,4.0
21023,KY,Bracken County,2.0,0.072,17.81,SGMC_CH1995,surface+SMU_grad,0,clay_shale,1.5,3.5
21025,KY,Breathitt County,3.63,0.1426,17.08,SMU_IDW,surface+SMU_grad,7,alluvial_glacial,0.5,2.2
21027,KY,Breckinridge County,1.5,0.0648,19.26,SGMC_CH1995,surface+default_grad,0,alluvial_glacial,0.5,2.2
21029,KY,Bullitt County,2.0,0.072,19.09,SGMC_CH1995,surface+default_grad,0,clay_shale,1.5,3.5
21031,KY,Butler County,1.5,0.0648,18.35,SGMC_CH1995,surface+SMU_grad,0,alluvial_glacial,0.5,2.2
21033,KY,Caldwell County,1.5,0.0648,16.93,SGMC_CH1995,surface+SMU_grad,0,alluvial_glacial,0.5,2.2
21035,KY,Calloway County,2.749,0.108,19.49,SMU_IDW,surface+SMU_grad,3,undifferentiated,1.5,4.0
21037,KY,Campbell County,2.0,0.072,17.44,SGMC_CH1995,surface+SMU_grad,0,clay_shale,1.5,3.5
21039,KY,Carlisle County,2.721,0.1069,19.26,SMU_IDW,surface+SMU_grad,7,undifferentiated,1.5,4.0
21041,KY,Carroll County,1.5,0.0648,17.47,SGMC_CH1995,surface+SMU_grad,0,alluvial_glacial,0.5,2.2
21043,KY,Carter County,3.751,0.1473,17.15,SMU_IDW,surface+SMU_grad,5,alluvial_glacial,0.5,2.2
21045,KY,Casey County,2.0,0.072,16.81,SGMC_CH1995,surface+SMU_grad,2,clay_shale,1.5,3.5
21047,KY,Christian County,1.5,0.0648,16.93,SGMC_CH1995,surface+SMU_grad,0,alluvial_glacial,0.5,2.2
21049,KY,Clark County,3.62,0.1422,16.98,SMU_IDW,surface+SMU_grad,4,clay_shale,1.5,3.5
21051,KY,Clay County,3.426,0.1345,17.02,SMU_IDW,surface+SMU_grad,8,clay_shale,1.5,3.5
21053,KY,Clinton County,2.5,0.0982,16.87,SGMC_CH1995,surface+SMU_grad,2,limestone_carbonate,2.5,4.0
21055,KY,Crittenden County,1.5,0.0648,16.92,SGMC_CH1995,surface+SMU_grad,1,alluvial_glacial,0.5,2.2
21057,KY,Cumberland County,2.5,0.0982,16.84,SGMC_CH1995,surface+SMU_grad,2,limestone_carbonate,2.5,4.0
21059,KY,Daviess County,2.0,0.072,19.3,SGMC_CH1995,surface+default_grad,0,clay_shale,1.5,3.5
21061,KY,Edmonson County,1.5,0.0648,18.33,SGMC_CH1995,surface+SMU_grad,0,alluvial_glacial,0.5,2.2
21063,KY,Elliott County,3.749,0.1472,17.13,SMU_IDW,surface+SMU_grad,5,alluvial_glacial,0.5,2.2
21065,KY,Estill County,3.541,0.1391,18.59,SMU_IDW,surface+SMU_grad,7,clay_shale,1.5,3.5
21067,KY,Fayette County,2.5,0.0982,18.27,SGMC_CH1995,surface+SMU_grad,0,limestone_carbonate,2.5,4.0
21069,KY,Fleming County,3.745,0.1471,17.14,SMU_IDW,surface+SMU_grad,5,limestone_carbonate,2.5,4.0
21071,KY,Floyd County,3.93,0.1543,18.85,SMU_IDW,surface+SMU_grad,10,clay_shale,1.5,3.5
21073,KY,Franklin County,2.0,0.072,18.09,SGMC_CH1995,surface+SMU_grad,0,clay_shale,1.5,3.5
21075,KY,Fulton County,2.693,0.1058,17.01,SMU_IDW,surface+SMU_grad,12,undifferentiated,1.5,4.0
21077,KY,Gallatin County,2.5,0.0982,17.6,SGMC_CH1995,surface+SMU_grad,0,limestone_carbonate,2.5,4.0
21079,KY,Garrard County,2.5,0.0982,18.53,SGMC_CH1995,surface+SMU_grad,2,limestone_carbonate,2.5,4.0
21081,KY,Grant County,2.0,0.072,17.68,SGMC_CH1995,surface+SMU_grad,0,clay_shale,1.5,3.5
21083,KY,Graves County,2.751,0.108,16.94,SMU_IDW,surface+SMU_grad,6,undifferentiated,1.5,4.0
21085,KY,Grayson County,1.5,0.0648,17.75,SGMC_CH1995,surface+default_grad,0,alluvial_glacial,0.5,2.2
21087,KY,Green County,2.5,0.0982,18.39,SGMC_CH1995,surface+SMU_grad,1,limestone_carbonate,2.5,4.0
21089,KY,Greenup County,3.753,0.1474,17.97,SMU_IDW,surface+SMU_grad,5,clay_shale,1.5,3.5
21091,KY,Hancock County,2.0,0.072,19.2,SGMC_CH1995,surface+default_grad,0,clay_shale,1.5,3.5
21093,KY,Hardin County,2.5,0.0982,19.33,SGMC_CH1995,surface+default_grad,0,limestone_carbonate,2.5,4.0
21095,KY,Harlan County,3.424,0.1345,19.34,SMU_IDW,surface+SMU_grad,10,clay_shale,1.5,3.5
21097,KY,Harrison County,2.0,0.072,16.95,SGMC_CH1995,surface+SMU_grad,0,clay_shale,1.5,3.5
21099,KY,Hart County,2.5,0.0982,18.27,SGMC_CH1995,surface+SMU_grad,0,limestone_carbonate,2.5,4.0
21101,KY,Henderson County,1.5,0.0648,16.72,SGMC_CH1995,surface+SMU_grad,0,alluvial_glacial,0.5,2.2
21103,KY,Henry County,2.5,0.0982,17.77,SGMC_CH1995,surface+SMU_grad,0,limestone_carbonate,2.5,4.0
21105,KY,Hickman County,2.714,0.1066,19.45,SMU_IDW,surface+SMU_grad,10,undifferentiated,1.5,4.0
21107,KY,Hopkins County,2.0,0.072,17.05,SGMC_CH1995,surface+SMU_grad,0,clay_shale,1.5,3.5
21109,KY,Jackson County,3.485,0.1369,18.85,SMU_IDW,surface+SMU_grad,7,clay_shale,1.5,3.5
21111,KY,Jefferson County,2.5,0.0982,17.75,SGMC_CH1995,surface+default_grad,0,limestone_carbonate,2.5,4.0
21113,KY,Jessamine County,2.5,0.0982,18.39,SGMC_CH1995,surface+SMU_grad,0,limestone_carbonate,2.5,4.0
21115,KY,Johnson County,4.066,0.1597,18.59,SMU_IDW,surface+SMU_grad,9,clay_shale,1.5,3.5
21117,KY,Kenton County,2.5,0.0982,17.44,SGMC_CH1995,surface+SMU_grad,0,limestone_carbonate,2.5,4.0
21119,KY,Knott County,3.92,0.1539,19.0,SMU_IDW,surface+SMU_grad,10,alluvial_glacial,0.5,2.2
21121,KY,Knox County,3.294,0.1294,19.22,SMU_IDW,surface+SMU_grad,8,clay_shale,1.5,3.5
21123,KY,Larue County,2.5,0.0982,19.46,SGMC_CH1995,surface+default_grad,0,limestone_carbonate,2.5,4.0
21125,KY,Laurel County,3.314,0.1301,19.06,SMU_IDW,surface+SMU_grad,8,alluvial_glacial,0.5,2.2
21127,KY,Lawrence County,4.156,0.1632,18.38,SMU_IDW,surface+SMU_grad,8,alluvial_glacial,0.5,2.2
21129,KY,Lee County,3.571,0.1402,18.67,SMU_IDW,surface+SMU_grad,7,clay_shale,1.5,3.5
21131,KY,Leslie County,3.427,0.1346,19.16,SMU_IDW,surface+SMU_grad,9,clay_shale,1.5,3.5
21133,KY,Letcher County,3.776,0.1483,19.21,SMU_IDW,surface+SMU_grad,13,clay_shale,1.5,3.5
21135,KY,Lewis County,3.748,0.1472,17.29,SMU_IDW,surface+SMU_grad,5,clay_shale,1.5,3.5
21137,KY,Lincoln County,2.0,0.072,18.64,SGMC_CH1995,surface+SMU_grad,2,clay_shale,1.5,3.5
21139,KY,Livingston County,1.5,0.0648,16.9,SGMC_CH1995,surface+SMU_grad,2,alluvial_glacial,0.5,2.2
21141,KY,Logan County,1.5,0.0648,16.88,SGMC_CH1995,surface+SMU_grad,0,alluvial_glacial,0.5,2.2
21143,KY,Lyon County,2.5,0.0982,19.08,SGMC_CH1995,surface+SMU_grad,0,limestone_carbonate,2.5,4.0
21145,KY,McCracken County,2.743,0.1077,19.07,SMU_IDW,surface+SMU_grad,3,alluvial_glacial,0.5,2.2
21147,KY,McCreary County,2.824,0.1109,19.27,SMU_IDW,surface+SMU_grad,4,clay_shale,1.5,3.5
21149,KY,McLean County,1.5,0.0648,18.48,SGMC_CH1995,surface+SMU_grad,0,alluvial_glacial,0.5,2.2
21151,KY,Madison County,2.5,0.0982,16.95,SGMC_CH1995,surface+SMU_grad,1,limestone_carbonate,2.5,4.0
21153,KY,Magoffin County,3.715,0.1459,18.68,SMU_IDW,surface+SMU_grad,6,clay_shale,1.5,3.5
21155,KY,Marion County,2.5,0.0982,16.83,SGMC_CH1995,surface+SMU_grad,0,limestone_carbonate,2.5,4.0
21157,KY,Marshall County,1.5,0.0648,19.23,SGMC_CH1995,surface+SMU_grad,2,alluvial_glacial,0.5,2.2
21159,KY,Martin County,4.029,0.1582,18.65,SMU_IDW,surface+SMU_grad,9,alluvial_glacial,0.5,2.2
21161,KY,Mason County,2.5,0.0982,17.14,SGMC_CH1995,surface+SMU_grad,0,limestone_carbonate,2.5,4.0
21163,KY,Meade County,2.5,0.0982,19.09,SGMC_CH1995,surface+default_grad,0,limestone_carbonate,2.5,4.0
21165,KY,Menifee County,3.741,0.1469,18.47,SMU_IDW,surface+SMU_grad,5,alluvial_glacial,0.5,2.2
21167,KY,Mercer County,2.5,0.0982,18.42,SGMC_CH1995,surface+SMU_grad,0,limestone_carbonate,2.5,4.0
21169,KY,Metcalfe County,2.5,0.0982,16.44,SGMC_CH1995,surface+SMU_grad,1,limestone_carbonate,2.5,4.0
21171,KY,Monroe County,2.5,0.0982,16.47,SGMC_CH1995,surface+SMU_grad,2,limestone_carbonate,2.5,4.0
21173,KY,Montgomery County,3.741,0.1469,17.05,SMU_IDW,surface+SMU_grad,5,limestone_carbonate,2.5,4.0
21175,KY,Morgan County,3.744,0.147,18.51,SMU_IDW,surface+SMU_grad,5,clay_shale,1.5,3.5
21177,KY,Muhlenberg County,2.0,0.072,18.84,SGMC_CH1995,surface+SMU_grad,0,clay_shale,1.5,3.5
21179,KY,Nelson County,2.5,0.0982,17.75,SGMC_CH1995,surface+default_grad,0,limestone_carbonate,2.5,4.0
21181,KY,Nicholas County,2.0,0.072,18.07,SGMC_CH1995,surface+SMU_grad,0,clay_shale,1.5,3.5
21183,KY,Ohio County,2.0,0.072,17.75,SGMC_CH1995,surface+default_grad,0,clay_shale,1.5,3.5
21185,KY,Oldham County,2.5,0.0982,16.71,SGMC_CH1995,surface+SMU_grad,0,limestone_carbonate,2.5,4.0
21187,KY,Owen County,2.0,0.072,17.79,SGMC_CH1995,surface+SMU_grad,0,clay_shale,1.5,3.5
21189,KY,Owsley County,3.552,0.1395,18.87,SMU_IDW,surface+SMU_grad,7,clay_shale,1.5,3.5
21191,KY,Pendleton County,2.0,0.072,17.67,SGMC_CH1995,surface+SMU_grad,0,clay_shale,1.5,3.5
21193,KY,Perry County,3.637,0.1428,19.07,SMU_IDW,surface+SMU_grad,8,alluvial_glacial,0.5,2.2
21195,KY,Pike County,3.861,0.1516,17.2,SMU_IDW,surface+SMU_grad,10,clay_shale,1.5,3.5
21197,KY,Powell County,3.68,0.1445,18.52,SMU_IDW,surface+SMU_grad,6,clay_shale,1.5,3.5
21199,KY,Pulaski County,2.5,0.0982,16.95,SGMC_CH1995,surface+SMU_grad,2,limestone_carbonate,2.5,4.0
21201,KY,Robertson County,2.0,0.072,17.92,SGMC_CH1995,surface+SMU_grad,0,clay_shale,1.5,3.5
21203,KY,Rockcastle County,3.321,0.1304,18.73,SMU_IDW,surface+SMU_grad,6,limestone_carbonate,2.5,4.0
21205,KY,Rowan County,3.746,0.1471,18.34,SMU_IDW,surface+SMU_grad,5,clay_shale,1.5,3.5
21207,KY,Russell County,2.5,0.0982,16.88,SGMC_CH1995,surface+SMU_grad,2,limestone_carbonate,2.5,4.0
21209,KY,Scott County,2.5,0.0982,17.01,SGMC_CH1995,surface+SMU_grad,0,limestone_carbonate,2.5,4.0
21211,KY,Shelby County,2.5,0.0982,16.94,SGMC_CH1995,surface+SMU_grad,0,limestone_carbonate,2.5,4.0
21213,KY,Simpson County,2.5,0.0982,16.49,SGMC_CH1995,surface+SMU_grad,0,limestone_carbonate,2.5,4.0
21215,KY,Spencer County,2.0,0.072,18.2,SGMC_CH1995,surface+SMU_grad,0,clay_shale,1.5,3.5
21217,KY,Taylor County,2.5,0.0982,18.67,SGMC_CH1995,surface+SMU_grad,1,limestone_carbonate,2.5,4.0
21219,KY,Todd County,1.5,0.0648,16.91,SGMC_CH1995,surface+SMU_grad,0,alluvial_glacial,0.5,2.2
21221,KY,Trigg County,2.5,0.0982,19.29,SGMC_CH1995,surface+SMU_grad,0,limestone_carbonate,2.5,4.0
21223,KY,Trimble County,2.5,0.0982,17.52,SGMC_CH1995,surface+SMU_grad,0,limestone_carbonate,2.5,4.0
21225,KY,Union County,1.5,0.0648,18.58,SGMC_CH1995,surface+SMU_grad,0,alluvial_glacial,0.5,2.2
21227,KY,Warren County,2.5,0.0982,16.34,SGMC_CH1995,surface+SMU_grad,0,limestone_carbonate,2.5,4.0
21229,KY,Washington County,2.5,0.0982,16.91,SGMC_CH1995,surface+SMU_grad,0,limestone_carbonate,2.5,4.0
21231,KY,Wayne County,2.805,0.1102,16.87,SMU_IDW,surface+SMU_grad,3,limestone_carbonate,2.5,4.0
21233,KY,Webster County,2.0,0.072,18.72,SGMC_CH1995,surface+SMU_grad,0,clay_shale,1.5,3.5
21235,KY,Whitley County,3.083,0.1211,19.25,SMU_IDW,surface+SMU_grad,8,clay_shale,1.5,3.5
21237,KY,Wolfe County,3.694,0.1451,18.64,SMU_IDW,surface+SMU_grad,6,clay_shale,1.5,3.5
21239,KY,Woodford County,2.5,0.0982,18.25,SGMC_CH1995,surface+SMU_grad,0,limestone_carbonate,2.5,4.0
22001,LA,Acadia Parish,2.138,0.084,21.92,SMU_IDW,surface+SMU_grad,3,alluvial_glacial,0.5,2.2
22003,LA,Allen Parish,2.26,0.0888,22.04,SMU_IDW,surface+SMU_grad,5,clay_shale,1.5,3.5
22005,LA,Ascension Parish,2.103,0.0826,21.74,SMU_IDW,surface+SMU_grad,3,clay_shale,1.5,3.5
22007,LA,Assumption Parish,2.116,0.0831,21.77,SMU_IDW,surface+SMU_grad,3,clay_shale,1.5,3.5
22009,LA,Avoyelles Parish,2.37,0.0931,22.12,SMU_IDW,surface+SMU_grad,10,clay_shale,1.5,3.5
22011,LA,Beauregard Parish,2.379,0.0934,22.14,SMU_IDW,surface+SMU_grad,3,clay_shale,1.5,3.5
22013,LA,Bienville Parish,2.522,0.099,22.15,SMU_IDW,surface+SMU_grad,10,alluvial_glacial,0.5,2.2
22015,LA,Bossier Parish,2.388,0.0938,22.22,SMU_IDW,surface+SMU_grad,21,alluvial_glacial,0.5,2.2
22017,LA,Caddo Parish,2.276,0.0894,22.33,SMU_IDW,surface+SMU_grad,20,alluvial_glacial,0.5,2.2
22019,LA,Calcasieu Parish,1.5,0.0648,21.94,SGMC_CH1995,surface+SMU_grad,0,alluvial_glacial,0.5,2.2
22021,LA,Caldwell Parish,2.411,0.0947,22.29,SMU_IDW,surface+SMU_grad,14,alluvial_glacial,0.5,2.2
22023,LA,Cameron Parish,2.0,0.072,21.87,SGMC_CH1995,surface+SMU_grad,0,clay_shale,1.5,3.5
22025,LA,Catahoula Parish,2.356,0.0925,22.27,SMU_IDW,surface+SMU_grad,15,alluvial_glacial,0.5,2.2
22027,LA,Claiborne Parish,2.662,0.1045,22.21,SMU_IDW,surface+SMU_grad,13,alluvial_glacial,0.5,2.2
22029,LA,Concordia Parish,2.285,0.0897,22.21,SMU_IDW,surface+SMU_grad,16,clay_shale,1.5,3.5
22031,LA,De Soto Parish,2.294,0.0901,22.21,SMU_IDW,surface+SMU_grad,20,alluvial_glacial,0.5,2.2
22033,LA,East Baton Rouge Parish,2.098,0.0824,21.74,SMU_IDW,surface+SMU_grad,3,clay_shale,1.5,3.5
22035,LA,East Carroll Parish,2.326,0.0913,22.24,SMU_IDW,surface+SMU_grad,16,clay_shale,1.5,3.5
22037,LA,East Feliciana Parish,2.088,0.082,21.84,SMU_IDW,surface+SMU_grad,9,alluvial_glacial,0.5,2.2
22039,LA,Evangeline Parish,2.233,0.0877,22.1,SMU_IDW,surface+SMU_grad,5,alluvial_glacial,0.5,2.2
22041,LA,Franklin Parish,2.385,0.0937,22.3,SMU_IDW,surface+SMU_grad,16,alluvial_glacial,0.5,2.2
22043,LA,Grant Parish,2.452,0.0963,22.25,SMU_IDW,surface+SMU_grad,10,alluvial_glacial,0.5,2.2
22045,LA,Iberia Parish,2.5,0.0982,21.71,SGMC_CH1995,surface+SMU_grad,2,undifferentiated,1.5,4.0
22047,LA,Iberville Parish,2.095,0.0823,21.74,SMU_IDW,surface+SMU_grad,3,clay_shale,1.5,3.5
22049,LA,Jackson Parish,2.294,0.0901,21.84,SMU_IDW,surface+SMU_grad,9,alluvial_glacial,0.5,2.2
22051,LA,Jefferson Parish,2.218,0.0871,21.58,SMU_IDW,surface+SMU_grad,3,clay_shale,1.5,3.5
22053,LA,Jefferson Davis Parish,1.5,0.0648,21.99,SGMC_CH1995,surface+SMU_grad,2,alluvial_glacial,0.5,2.2
22055,LA,Lafayette Parish,1.5,0.0648,21.94,SGMC_CH1995,surface+SMU_grad,2,alluvial_glacial,0.5,2.2
22057,LA,Lafourche Parish,2.185,0.0858,21.61,SMU_IDW,surface+SMU_grad,3,clay_shale,1.5,3.5
22059,LA,LaSalle Parish,2.39,0.0939,22.27,SMU_IDW,surface+SMU_grad,13,alluvial_glacial,0.5,2.2
22061,LA,Lincoln Parish,2.589,0.1017,22.26,SMU_IDW,surface+SMU_grad,10,clay_shale,1.5,3.5
22063,LA,Livingston Parish,2.124,0.0834,21.76,SMU_IDW,surface+SMU_grad,3,alluvial_glacial,0.5,2.2
22065,LA,Madison Parish,2.234,0.0877,22.33,SMU_IDW,surface+SMU_grad,14,clay_shale,1.5,3.5
22067,LA,Morehouse Parish,2.612,0.1026,22.36,SMU_IDW,surface+SMU_grad,17,clay_shale,1.5,3.5
22069,LA,Natchitoches Parish,2.493,0.0979,22.24,SMU_IDW,surface+SMU_grad,8,clay_shale,1.5,3.5
22071,LA,Orleans Parish,2.219,0.0871,21.83,SMU_IDW,surface+SMU_grad,4,clay_shale,1.5,3.5
22073,LA,Ouachita Parish,2.566,0.1008,22.34,SMU_IDW,surface+SMU_grad,15,clay_shale,1.5,3.5
22075,LA,Plaquemines Parish,2.239,0.0879,21.97,SMU_IDW,surface+SMU_grad,3,clay_shale,1.5,3.5
22077,LA,Pointe Coupee Parish,2.139,0.084,21.87,SMU_IDW,surface+SMU_grad,5,clay_shale,1.5,3.5
22079,LA,Rapides Parish,2.436,0.0957,22.19,SMU_IDW,surface+SMU_grad,10,clay_shale,1.5,3.5
22081,LA,Red River Parish,2.445,0.096,22.22,SMU_IDW,surface+SMU_grad,14,clay_shale,1.5,3.5
22083,LA,Richland Parish,2.487,0.0977,22.31,SMU_IDW,surface+SMU_grad,14,alluvial_glacial,0.5,2.2
22085,LA,Sabine Parish,2.358,0.0926,22.2,SMU_IDW,surface+SMU_grad,14,alluvial_glacial,0.5,2.2
22087,LA,St. Bernard Parish,2.122,0.0833,22.02,SMU_IDW,surface+SMU_grad,4,clay_shale,1.5,3.5
22089,LA,St. Charles Parish,2.193,0.0861,21.75,SMU_IDW,surface+SMU_grad,3,clay_shale,1.5,3.5
22091,LA,St. Helena Parish,2.094,0.0822,21.83,SMU_IDW,surface+SMU_grad,7,alluvial_glacial,0.5,2.2
22093,LA,St. James Parish,2.125,0.0835,21.76,SMU_IDW,surface+SMU_grad,3,clay_shale,1.5,3.5
22095,LA,St. John the Baptist Parish,2.173,0.0853,21.76,SMU_IDW,surface+SMU_grad,3,clay_shale,1.5,3.5
22097,LA,St. Landry Parish,2.163,0.0849,21.97,SMU_IDW,surface+SMU_grad,5,clay_shale,1.5,3.5
22099,LA,St. Martin Parish,2.107,0.0827,21.78,SMU_IDW,surface+SMU_grad,3,clay_shale,1.5,3.5
22101,LA,St. Mary Parish,2.127,0.0835,21.69,SMU_IDW,surface+SMU_grad,3,clay_shale,1.5,3.5
22103,LA,St. Tammany Parish,2.339,0.0919,21.59,SMU_IDW,surface+SMU_grad,4,alluvial_glacial,0.5,2.2
22105,LA,Tangipahoa Parish,2.192,0.0861,21.68,SMU_IDW,surface+SMU_grad,7,alluvial_glacial,0.5,2.2
22107,LA,Tensas Parish,2.244,0.0881,22.31,SMU_IDW,surface+SMU_grad,17,clay_shale,1.5,3.5
22109,LA,Terrebonne Parish,2.158,0.0848,21.62,SMU_IDW,surface+SMU_grad,3,clay_shale,1.5,3.5
22111,LA,Union Parish,2.708,0.1064,22.69,SMU_IDW,surface+SMU_grad,12,alluvial_glacial,0.5,2.2
22113,LA,Vermilion Parish,2.0,0.072,21.73,SGMC_CH1995,surface+SMU_grad,2,clay_shale,1.5,3.5
22115,LA,Vernon Parish,2.437,0.0957,22.18,SMU_IDW,surface+SMU_grad,4,clay_shale,1.5,3.5
22117,LA,Washington Parish,2.431,0.0955,21.26,SMU_IDW,surface+SMU_grad,8,alluvial_glacial,0.5,2.2
22119,LA,Webster Parish,2.598,0.102,22.23,SMU_IDW,surface+SMU_grad,11,alluvial_glacial,0.5,2.2
22121,LA,West Baton Rouge Parish,2.095,0.0823,21.73,SMU_IDW,surface+SMU_grad,4,clay_shale,1.5,3.5
22123,LA,West Carroll Parish,2.436,0.0957,22.25,SMU_IDW,surface+SMU_grad,17,alluvial_glacial,0.5,2.2
22125,LA,West Feliciana Parish,2.084,0.0818,21.9,SMU_IDW,surface+SMU_grad,9,alluvial_glacial,0.5,2.2
22127,LA,Winn Parish,2.451,0.0963,22.28,SMU_IDW,surface+SMU_grad,8,clay_shale,1.5,3.5
23001,ME,Androscoggin County,3.08,0.121,13.27,SMU_IDW,surface+SMU_grad,30,alluvial_glacial,0.5,2.2
23003,ME,Aroostook County,1.5,0.0648,11.4,SGMC_CH1995,surface+default_grad,0,alluvial_glacial,0.5,2.2
23005,ME,Cumberland County,2.999,0.1178,12.5,SMU_IDW,surface+SMU_grad,34,granite_felsic,2.5,4.5
23007,ME,Franklin County,3.067,0.1204,12.44,SMU_IDW,surface+SMU_grad,19,granite_felsic,2.5,4.5
23009,ME,Hancock County,2.0,0.072,12.44,SGMC_CH1995,surface+SMU_grad,2,clay_shale,1.5,3.5
23011,ME,Kennebec County,3.07,0.1206,12.42,SMU_IDW,surface+SMU_grad,21,metamorphic,1.5,4.5
23013,ME,Knox County,3.332,0.1309,13.15,SMU_IDW,surface+SMU_grad,15,granite_felsic,2.5,4.5
23015,ME,Lincoln County,3.021,0.1186,13.32,SMU_IDW,surface+SMU_grad,20,alluvial_glacial,0.5,2.2
23017,ME,Oxford County,3.048,0.1197,12.97,SMU_IDW,surface+SMU_grad,29,sandstone,1.5,5.5
23019,ME,Penobscot County,2.5,0.108,12.05,SGMC_CH1995,surface+SMU_grad,1,sandstone,1.5,5.5
23021,ME,Piscataquis County,3.0,0.1234,11.58,SGMC_CH1995,surface+SMU_grad,1,granite_felsic,2.5,4.5
23023,ME,Sagadahoc County,3.023,0.1187,13.44,SMU_IDW,surface+SMU_grad,31,metamorphic,1.5,4.5
23025,ME,Somerset County,3.399,0.1335,11.98,SMU_IDW,surface+SMU_grad,5,alluvial_glacial,0.5,2.2
23027,ME,Waldo County,3.609,0.1417,12.2,SMU_IDW,surface+SMU_grad,10,granite_felsic,2.5,4.5
23029,ME,Washington County,2.5,0.0982,12.14,SGMC_CH1995,surface+SMU_grad,1,undifferentiated,1.5,4.0
23031,ME,York County,2.7,0.106,12.37,SMU_IDW,surface+SMU_grad,40,granite_felsic,2.5,4.5
24001,MD,Allegany County,3.306,0.1298,16.47,SMU_IDW,surface+SMU_grad,23,clay_shale,1.5,3.5
24003,MD,Anne Arundel County,2.241,0.088,17.21,SMU_IDW,surface+SMU_grad,46,alluvial_glacial,0.5,2.2
24005,MD,Baltimore County,2.772,0.1089,16.6,SMU_IDW,surface+SMU_grad,37,undifferentiated,1.5,4.0
24009,MD,Calvert County,1.697,0.0666,18.15,SMU_IDW,surface+SMU_grad,61,alluvial_glacial,0.5,2.2
24011,MD,Caroline County,1.364,0.0536,18.52,SMU_IDW,surface+SMU_grad,45,undifferentiated,1.5,4.0
24013,MD,Carroll County,2.938,0.1154,16.64,SMU_IDW,surface+SMU_grad,30,metamorphic,1.5,4.5
24015,MD,Cecil County,1.905,0.0748,17.67,SMU_IDW,surface+SMU_grad,37,undifferentiated,1.5,4.0
24017,MD,Charles County,2.186,0.0859,17.25,SMU_IDW,surface+SMU_grad,60,alluvial_glacial,0.5,2.2
24019,MD,Dorchester County,1.282,0.0503,19.01,SMU_IDW,surface+SMU_grad,59,undifferentiated,1.5,4.0
24021,MD,Frederick County,3.027,0.1189,16.7,SMU_IDW,surface+SMU_grad,21,limestone_carbonate,2.5,4.0
24023,MD,Garrett County,3.369,0.1323,16.36,SMU_IDW,surface+SMU_grad,20,undifferentiated,1.5,4.0
24025,MD,Harford County,2.226,0.0874,18.19,SMU_IDW,surface+SMU_grad,37,granite_felsic,2.5,4.5
24027,MD,Howard County,2.892,0.1136,16.33,SMU_IDW,surface+SMU_grad,39,undifferentiated,1.5,4.0
24029,MD,Kent County,1.836,0.0721,17.8,SMU_IDW,surface+SMU_grad,38,alluvial_glacial,0.5,2.2
24031,MD,Montgomery County,2.812,0.1104,16.32,SMU_IDW,surface+SMU_grad,37,metamorphic,1.5,4.5
24033,MD,Prince George's County,2.649,0.104,16.53,SMU_IDW,surface+SMU_grad,46,alluvial_glacial,0.5,2.2
24035,MD,Queen Anne's County,1.657,0.0651,18.07,SMU_IDW,surface+SMU_grad,46,alluvial_glacial,0.5,2.2
24037,MD,St. Mary's County,1.603,0.063,18.29,SMU_IDW,surface+SMU_grad,64,alluvial_glacial,0.5,2.2
24039,MD,Somerset County,1.261,0.0495,19.46,SMU_IDW,surface+SMU_grad,66,undifferentiated,1.5,4.0
24041,MD,Talbot County,1.538,0.0604,18.33,SMU_IDW,surface+SMU_grad,52,undifferentiated,1.5,4.0
24043,MD,Washington County,3.586,0.1408,16.75,SMU_IDW,surface+SMU_grad,11,limestone_carbonate,2.5,4.0
24045,MD,Wicomico County,1.37,0.0538,18.66,SMU_IDW,surface+SMU_grad,57,undifferentiated,1.5,4.0
24047,MD,Worcester County,1.345,0.0528,18.23,SMU_IDW,surface+SMU_grad,56,undifferentiated,1.5,4.0
24510,MD,Baltimore city,2.85,0.1119,16.44,SMU_IDW,surface+SMU_grad,39,undifferentiated,1.5,4.0
25001,MA,Barnstable County,3.203,0.1258,13.89,SMU_IDW,surface+SMU_grad,13,granite_felsic,2.5,4.5
25003,MA,Berkshire County,3.184,0.125,14.26,SMU_IDW,surface+SMU_grad,28,metamorphic,1.5,4.5
25005,MA,Bristol County,4.139,0.1625,14.66,SMU_IDW,surface+SMU_grad,21,granite_felsic,2.5,4.5
25007,MA,Dukes County,3.928,0.1543,13.89,SMU_IDW,surface+SMU_grad,13,undifferentiated,1.5,4.0
25009,MA,Essex County,3.261,0.1281,14.32,SMU_IDW,surface+SMU_grad,39,granite_felsic,2.5,4.5
25011,MA,Franklin County,2.92,0.1147,14.64,SMU_IDW,surface+SMU_grad,39,alluvial_glacial,0.5,2.2
25013,MA,Hampden County,3.211,0.1261,14.87,SMU_IDW,surface+SMU_grad,30,clay_shale,1.5,3.5
25015,MA,Hampshire County,3.105,0.1219,14.78,SMU_IDW,surface+SMU_grad,33,metamorphic,1.5,4.5
25017,MA,Middlesex County,3.49,0.1371,14.15,SMU_IDW,surface+SMU_grad,39,metamorphic,1.5,4.5
25019,MA,Nantucket County,3.649,0.1433,13.97,SMU_IDW,surface+SMU_grad,6,undifferentiated,1.5,4.0
25021,MA,Norfolk County,3.613,0.1419,14.48,SMU_IDW,surface+SMU_grad,34,sandstone,1.5,5.5
25023,MA,Plymouth County,3.698,0.1452,13.92,SMU_IDW,surface+SMU_grad,25,granite_felsic,2.5,4.5
25025,MA,Suffolk County,3.674,0.1443,14.19,SMU_IDW,surface+SMU_grad,37,clay_shale,1.5,3.5
25027,MA,Worcester County,3.266,0.1283,14.7,SMU_IDW,surface+SMU_grad,38,metamorphic,1.5,4.5
26001,MI,Alcona County,2.0,0.072,12.22,SGMC_CH1995,surface+SMU_grad,1,clay_shale,1.5,3.5
26003,MI,Alger County,1.5,0.0648,12.85,SGMC_CH1995,surface+SMU_grad,2,alluvial_glacial,0.5,2.2
26005,MI,Allegan County,3.763,0.1478,12.34,SMU_IDW,surface+SMU_grad,6,clay_shale,1.5,3.5
26007,MI,Alpena County,2.0,0.072,13.53,SGMC_CH1995,surface+default_grad,1,clay_shale,1.5,3.5
26009,MI,Antrim County,2.0,0.072,13.53,SGMC_CH1995,surface+default_grad,1,clay_shale,1.5,3.5
26011,MI,Arenac County,2.0,0.072,12.22,SGMC_CH1995,surface+SMU_grad,2,clay_shale,1.5,3.5
26013,MI,Baraga County,2.311,0.0908,12.83,SMU_IDW,surface+SMU_grad,4,metamorphic,1.5,4.5
26015,MI,Barry County,3.894,0.1529,12.28,SMU_IDW,surface+SMU_grad,4,alluvial_glacial,0.5,2.2
26017,MI,Bay County,4.103,0.1611,12.22,SMU_IDW,surface+SMU_grad,3,alluvial_glacial,0.5,2.2
26019,MI,Benzie County,2.5,0.0982,13.22,SGMC_CH1995,surface+default_grad,1,limestone_carbonate,2.5,4.0
26021,MI,Berrien County,3.843,0.1509,12.54,SMU_IDW,surface+SMU_grad,10,clay_shale,1.5,3.5
26023,MI,Branch County,4.007,0.1574,12.35,SMU_IDW,surface+SMU_grad,7,clay_shale,1.5,3.5
26025,MI,Calhoun County,3.979,0.1563,12.34,SMU_IDW,surface+SMU_grad,7,alluvial_glacial,0.5,2.2
26027,MI,Cass County,3.753,0.1474,12.45,SMU_IDW,surface+SMU_grad,8,clay_shale,1.5,3.5
26029,MI,Charlevoix County,2.5,0.0982,12.5,SGMC_CH1995,surface+SMU_grad,1,limestone_carbonate,2.5,4.0
26031,MI,Cheboygan County,2.5,0.0982,13.53,SGMC_CH1995,surface+default_grad,1,limestone_carbonate,2.5,4.0
26033,MI,Chippewa County,2.5,0.0982,13.53,SGMC_CH1995,surface+default_grad,0,limestone_carbonate,2.5,4.0
26035,MI,Clare County,2.0,0.072,12.18,SGMC_CH1995,surface+SMU_grad,2,clay_shale,1.5,3.5
26037,MI,Clinton County,4.129,0.1622,12.3,SMU_IDW,surface+SMU_grad,3,alluvial_glacial,0.5,2.2
26039,MI,Crawford County,1.5,0.0648,12.19,SGMC_CH1995,surface+SMU_grad,1,alluvial_glacial,0.5,2.2
26041,MI,Delta County,2.0,0.072,12.72,SGMC_CH1995,surface+SMU_grad,1,clay_shale,1.5,3.5
26043,MI,Dickinson County,2.366,0.0929,12.81,SMU_IDW,surface+SMU_grad,4,metamorphic,1.5,4.5
26045,MI,Eaton County,4.117,0.1617,12.31,SMU_IDW,surface+SMU_grad,4,alluvial_glacial,0.5,2.2
26047,MI,Emmet County,2.5,0.0982,13.53,SGMC_CH1995,surface+default_grad,1,limestone_carbonate,2.5,4.0
26049,MI,Genesee County,4.397,0.1727,12.27,SMU_IDW,surface+SMU_grad,3,alluvial_glacial,0.5,2.2
26051,MI,Gladwin County,4.017,0.1578,12.19,SMU_IDW,surface+SMU_grad,3,alluvial_glacial,0.5,2.2
26053,MI,Gogebic County,2.577,0.1012,12.73,SMU_IDW,surface+SMU_grad,4,alluvial_glacial,0.5,2.2
26055,MI,Grand Traverse County,2.0,0.072,13.53,SGMC_CH1995,surface+default_grad,1,clay_shale,1.5,3.5
26057,MI,Gratiot County,4.067,0.1597,12.21,SMU_IDW,surface+SMU_grad,3,alluvial_glacial,0.5,2.2
26059,MI,Hillsdale County,4.136,0.1624,12.32,SMU_IDW,surface+SMU_grad,7,alluvial_glacial,0.5,2.2
26061,MI,Houghton County,2.238,0.0879,12.85,SMU_IDW,surface+SMU_grad,4,alluvial_glacial,0.5,2.2
26063,MI,Huron County,2.0,0.072,12.25,SGMC_CH1995,surface+SMU_grad,2,clay_shale,1.5,3.5
26065,MI,Ingham County,4.352,0.1709,12.32,SMU_IDW,surface+SMU_grad,4,alluvial_glacial,0.5,2.2
26067,MI,Ionia County,3.938,0.1547,12.28,SMU_IDW,surface+SMU_grad,3,alluvial_glacial,0.5,2.2
26069,MI,Iosco County,2.0,0.072,12.22,SGMC_CH1995,surface+SMU_grad,1,clay_shale,1.5,3.5
26071,MI,Iron County,2.429,0.0954,12.79,SMU_IDW,surface+SMU_grad,4,sandstone,1.5,5.5
26073,MI,Isabella County,4.004,0.1572,12.19,SMU_IDW,surface+SMU_grad,3,clay_shale,1.5,3.5
26075,MI,Jackson County,4.413,0.1733,12.32,SMU_IDW,surface+SMU_grad,3,limestone_carbonate,2.5,4.0
26077,MI,Kalamazoo County,3.848,0.1511,12.33,SMU_IDW,surface+SMU_grad,7,clay_shale,1.5,3.5
26079,MI,Kalkaska County,1.5,0.0648,12.19,SGMC_CH1995,surface+SMU_grad,1,alluvial_glacial,0.5,2.2
26081,MI,Kent County,3.837,0.1507,12.25,SMU_IDW,surface+SMU_grad,3,alluvial_glacial,0.5,2.2
26083,MI,Keweenaw County,2.123,0.0834,10.18,SMU_IDW,surface+SMU_grad,4,basalt_mafic,1.0,3.0
26085,MI,Lake County,2.0,0.072,12.45,SGMC_CH1995,surface+SMU_grad,2,clay_shale,1.5,3.5
26087,MI,Lapeer County,2.0,0.072,12.27,SGMC_CH1995,surface+SMU_grad,2,clay_shale,1.5,3.5
26089,MI,Leelanau County,2.5,0.0982,12.31,SGMC_CH1995,surface+SMU_grad,1,limestone_carbonate,2.5,4.0
26091,MI,Lenawee County,4.496,0.1766,12.31,SMU_IDW,surface+SMU_grad,3,clay_shale,1.5,3.5
26093,MI,Livingston County,4.511,0.1772,12.32,SMU_IDW,surface+SMU_grad,4,alluvial_glacial,0.5,2.2
26095,MI,Luce County,2.5,0.0982,12.73,SGMC_CH1995,surface+SMU_grad,0,limestone_carbonate,2.5,4.0
26097,MI,Mackinac County,2.5,0.0982,12.64,SGMC_CH1995,surface+SMU_grad,0,limestone_carbonate,2.5,4.0
26099,MI,Macomb County,1.5,0.0648,12.34,SGMC_CH1995,surface+SMU_grad,1,alluvial_glacial,0.5,2.2
26101,MI,Manistee County,2.0,0.072,13.56,SGMC_CH1995,surface+default_grad,2,clay_shale,1.5,3.5
26103,MI,Marquette County,2.265,0.089,12.86,SMU_IDW,surface+SMU_grad,4,alluvial_glacial,0.5,2.2
26105,MI,Mason County,2.0,0.072,12.2,SGMC_CH1995,surface+SMU_grad,2,clay_shale,1.5,3.5
26107,MI,Mecosta County,3.984,0.1565,12.19,SMU_IDW,surface+SMU_grad,3,clay_shale,1.5,3.5
26109,MI,Menominee County,2.5,0.0982,12.72,SGMC_CH1995,surface+SMU_grad,0,limestone_carbonate,2.5,4.0
26111,MI,Midland County,4.049,0.159,12.2,SMU_IDW,surface+SMU_grad,3,alluvial_glacial,0.5,2.2
26113,MI,Missaukee County,1.5,0.0648,12.18,SGMC_CH1995,surface+SMU_grad,2,alluvial_glacial,0.5,2.2
26115,MI,Monroe County,1.5,0.0648,12.36,SGMC_CH1995,surface+SMU_grad,2,alluvial_glacial,0.5,2.2
26117,MI,Montcalm County,3.967,0.1558,12.26,SMU_IDW,surface+SMU_grad,3,clay_shale,1.5,3.5
26119,MI,Montmorency County,2.0,0.072,12.21,SGMC_CH1995,surface+SMU_grad,1,clay_shale,1.5,3.5
26121,MI,Muskegon County,1.5,0.0648,12.32,SGMC_CH1995,surface+SMU_grad,2,alluvial_glacial,0.5,2.2
26123,MI,Newaygo County,2.0,0.072,12.21,SGMC_CH1995,surface+SMU_grad,2,clay_shale,1.5,3.5
26125,MI,Oakland County,2.0,0.072,12.31,SGMC_CH1995,surface+SMU_grad,2,clay_shale,1.5,3.5
26127,MI,Oceana County,2.0,0.072,12.27,SGMC_CH1995,surface+SMU_grad,2,clay_shale,1.5,3.5
26129,MI,Ogemaw County,2.0,0.072,12.2,SGMC_CH1995,surface+SMU_grad,1,clay_shale,1.5,3.5
26131,MI,Ontonagon County,2.577,0.1012,12.73,SMU_IDW,surface+SMU_grad,4,clay_shale,1.5,3.5
26133,MI,Osceola County,1.5,0.0648,12.18,SGMC_CH1995,surface+SMU_grad,2,alluvial_glacial,0.5,2.2
26135,MI,Oscoda County,1.5,0.0648,12.2,SGMC_CH1995,surface+SMU_grad,1,alluvial_glacial,0.5,2.2
26137,MI,Otsego County,2.0,0.072,13.53,SGMC_CH1995,surface+default_grad,1,clay_shale,1.5,3.5
26139,MI,Ottawa County,1.5,0.0648,12.28,SGMC_CH1995,surface+SMU_grad,2,alluvial_glacial,0.5,2.2
26141,MI,Presque Isle County,2.5,0.0982,13.53,SGMC_CH1995,surface+default_grad,1,limestone_carbonate,2.5,4.0
26143,MI,Roscommon County,2.5,0.0982,12.19,SGMC_CH1995,surface+SMU_grad,1,limestone_carbonate,2.5,4.0
26145,MI,Saginaw County,4.192,0.1646,12.23,SMU_IDW,surface+SMU_grad,3,alluvial_glacial,0.5,2.2
26147,MI,St. Clair County,2.0,0.072,12.26,SGMC_CH1995,surface+SMU_grad,1,clay_shale,1.5,3.5
26149,MI,St. Joseph County,3.876,0.1522,12.4,SMU_IDW,surface+SMU_grad,7,clay_shale,1.5,3.5
26151,MI,Sanilac County,2.0,0.072,12.27,SGMC_CH1995,surface+SMU_grad,1,clay_shale,1.5,3.5
26153,MI,Schoolcraft County,2.5,0.0982,12.7,SGMC_CH1995,surface+SMU_grad,0,limestone_carbonate,2.5,4.0
26155,MI,Shiawassee County,4.313,0.1694,12.31,SMU_IDW,surface+SMU_grad,3,alluvial_glacial,0.5,2.2
26157,MI,Tuscola County,1.5,0.0648,12.26,SGMC_CH1995,surface+SMU_grad,2,alluvial_glacial,0.5,2.2
26159,MI,Van Buren County,3.748,0.1472,12.39,SMU_IDW,surface+SMU_grad,6,clay_shale,1.5,3.5
26161,MI,Washtenaw County,4.541,0.1783,12.32,SMU_IDW,surface+SMU_grad,3,clay_shale,1.5,3.5
26163,MI,Wayne County,2.5,0.0982,12.32,SGMC_CH1995,surface+SMU_grad,2,limestone_carbonate,2.5,4.0
26165,MI,Wexford County,2.0,0.072,12.15,SGMC_CH1995,surface+SMU_grad,2,clay_shale,1.5,3.5
27001,MN,Aitkin County,1.408,0.0553,12.7,SMU_IDW,surface+SMU_grad,3,basalt_mafic,1.0,3.0
27003,MN,Anoka County,1.5,0.0648,13.21,SGMC_CH1995,surface+SMU_grad,0,alluvial_glacial,0.5,2.2
27005,MN,Becker County,3.0,0.1234,14.35,SGMC_CH1995,surface+SMU_grad,2,granite_felsic,2.5,4.5
27007,MN,Beltrami County,3.0,0.1234,13.9,SGMC_CH1995,surface+SMU_grad,1,granite_felsic,2.5,4.5
27009,MN,Benton County,3.0,0.1234,13.13,SGMC_CH1995,surface+SMU_grad,1,granite_felsic,2.5,4.5
27011,MN,Big Stone County,1.5,0.0648,13.82,SGMC_CH1995,surface+SMU_grad,2,alluvial_glacial,0.5,2.2
27013,MN,Blue Earth County,3.172,0.1246,11.13,SMU_IDW,surface+SMU_grad,5,alluvial_glacial,0.5,2.2
27015,MN,Brown County,3.042,0.1195,11.55,SMU_IDW,surface+SMU_grad,5,metamorphic,1.5,4.5
27017,MN,Carlton County,2.5,0.108,12.02,SGMC_CH1995,surface+SMU_grad,2,sandstone,1.5,5.5
27019,MN,Carver County,1.5,0.0648,11.82,SGMC_CH1995,surface+SMU_grad,0,alluvial_glacial,0.5,2.2
27021,MN,Cass County,3.0,0.1234,13.94,SGMC_CH1995,surface+SMU_grad,1,granite_felsic,2.5,4.5
27023,MN,Chippewa County,2.9,0.1139,12.94,SGMC_CH1995,surface+SMU_grad,2,metamorphic,1.5,4.5
27025,MN,Chisago County,1.5,0.0648,12.19,SGMC_CH1995,surface+SMU_grad,0,alluvial_glacial,0.5,2.2
27027,MN,Clay County,0.975,0.0383,14.18,SMU_IDW,surface+SMU_grad,3,granite_felsic,2.5,4.5
27029,MN,Clearwater County,3.0,0.1234,14.22,SGMC_CH1995,surface+SMU_grad,1,granite_felsic,2.5,4.5
27031,MN,Cook County,2.166,0.0851,11.53,SMU_IDW,surface+SMU_grad,6,granite_felsic,2.5,4.5
27033,MN,Cottonwood County,2.725,0.107,11.41,SMU_IDW,surface+SMU_grad,6,clay_shale,1.5,3.5
27035,MN,Crow Wing County,2.0,0.072,13.58,SGMC_CH1995,surface+SMU_grad,1,clay_shale,1.5,3.5
27037,MN,Dakota County,1.5,0.0648,10.78,SGMC_CH1995,surface+SMU_grad,0,alluvial_glacial,0.5,2.2
27039,MN,Dodge County,3.505,0.1377,10.91,SMU_IDW,surface+SMU_grad,4,limestone_carbonate,2.5,4.0
27041,MN,Douglas County,1.069,0.042,14.05,SMU_IDW,surface+SMU_grad,3,alluvial_glacial,0.5,2.2
27043,MN,Faribault County,3.242,0.1273,11.05,SMU_IDW,surface+SMU_grad,5,limestone_carbonate,2.5,4.0
27045,MN,Fillmore County,3.505,0.1377,11.15,SMU_IDW,surface+SMU_grad,4,alluvial_glacial,0.5,2.2
27047,MN,Freeborn County,3.323,0.1305,10.93,SMU_IDW,surface+SMU_grad,5,clay_shale,1.5,3.5
27049,MN,Goodhue County,1.5,0.0648,10.78,SGMC_CH1995,surface+SMU_grad,0,alluvial_glacial,0.5,2.2
27051,MN,Grant County,1.133,0.0445,13.99,SMU_IDW,surface+SMU_grad,3,granite_felsic,2.5,4.5
27053,MN,Hennepin County,1.5,0.0648,11.93,SGMC_CH1995,surface+SMU_grad,0,alluvial_glacial,0.5,2.2
27055,MN,Houston County,1.5,0.0648,11.28,SGMC_CH1995,surface+SMU_grad,1,alluvial_glacial,0.5,2.2
27057,MN,Hubbard County,2.0,0.072,14.36,SGMC_CH1995,surface+SMU_grad,1,clay_shale,1.5,3.5
27059,MN,Isanti County,1.5,0.0648,13.17,SGMC_CH1995,surface+SMU_grad,0,alluvial_glacial,0.5,2.2
27061,MN,Itasca County,1.448,0.0569,12.73,SMU_IDW,surface+SMU_grad,3,granite_felsic,2.5,4.5
27063,MN,Jackson County,2.695,0.1058,11.08,SMU_IDW,surface+SMU_grad,5,alluvial_glacial,0.5,2.2
27065,MN,Kanabec County,1.5,0.0648,12.75,SGMC_CH1995,surface+SMU_grad,1,alluvial_glacial,0.5,2.2
27067,MN,Kandiyohi County,1.7,0.0588,12.68,SGMC_CH1995,surface+SMU_grad,2,basalt_mafic,1.0,3.0
27069,MN,Kittson County,2.5,0.0982,14.43,SGMC_CH1995,surface+SMU_grad,0,limestone_carbonate,2.5,4.0
27071,MN,Koochiching County,1.529,0.06,10.34,SMU_IDW,surface+SMU_grad,3,metamorphic,1.5,4.5
27073,MN,Lac qui Parle County,1.5,0.0648,13.74,SGMC_CH1995,surface+SMU_grad,2,alluvial_glacial,0.5,2.2
27075,MN,Lake County,1.936,0.076,11.6,SMU_IDW,surface+SMU_grad,4,basalt_mafic,1.0,3.0
27077,MN,Lake of the Woods County,3.0,0.1234,13.01,SGMC_CH1995,surface+SMU_grad,1,granite_felsic,2.5,4.5
27079,MN,Le Sueur County,3.207,0.1259,11.25,SMU_IDW,surface+SMU_grad,5,alluvial_glacial,0.5,2.2
27081,MN,Lincoln County,1.419,0.0557,13.67,SMU_IDW,surface+SMU_grad,3,alluvial_glacial,0.5,2.2
27083,MN,Lyon County,1.518,0.0596,12.44,SMU_IDW,surface+SMU_grad,3,alluvial_glacial,0.5,2.2
27085,MN,McLeod County,3.0,0.1234,11.95,SGMC_CH1995,surface+SMU_grad,1,granite_felsic,2.5,4.5
27087,MN,Mahnomen County,3.0,0.1234,14.36,SGMC_CH1995,surface+SMU_grad,2,granite_felsic,2.5,4.5
27089,MN,Marshall County,3.0,0.1234,12.23,SGMC_CH1995,surface+default_grad,1,granite_felsic,2.5,4.5
27091,MN,Martin County,2.999,0.1178,11.11,SMU_IDW,surface+SMU_grad,5,alluvial_glacial,0.5,2.2
27093,MN,Meeker County,1.5,0.0648,12.39,SGMC_CH1995,surface+SMU_grad,2,alluvial_glacial,0.5,2.2
27095,MN,Mille Lacs County,1.7,0.0588,13.28,SGMC_CH1995,surface+SMU_grad,1,basalt_mafic,1.0,3.0
27097,MN,Morrison County,2.9,0.1139,13.59,SGMC_CH1995,surface+SMU_grad,1,metamorphic,1.5,4.5
27099,MN,Mower County,3.505,0.1377,11.05,SMU_IDW,surface+SMU_grad,4,clay_shale,1.5,3.5
27101,MN,Murray County,2.0,0.072,12.19,SGMC_CH1995,surface+SMU_grad,2,clay_shale,1.5,3.5
27103,MN,Nicollet County,3.138,0.1232,11.35,SMU_IDW,surface+SMU_grad,5,alluvial_glacial,0.5,2.2
27105,MN,Nobles County,2.603,0.1022,11.78,SMU_IDW,surface+SMU_grad,6,alluvial_glacial,0.5,2.2
27107,MN,Norman County,1.7,0.0588,14.25,SGMC_CH1995,surface+SMU_grad,2,basalt_mafic,1.0,3.0
27109,MN,Olmsted County,2.5,0.0982,11.08,SGMC_CH1995,surface+SMU_grad,0,limestone_carbonate,2.5,4.0
27111,MN,Otter Tail County,0.979,0.0384,14.18,SMU_IDW,surface+SMU_grad,3,granite_felsic,2.5,4.5
27113,MN,Pennington County,1.7,0.0588,12.23,SGMC_CH1995,surface+default_grad,1,basalt_mafic,1.0,3.0
27115,MN,Pine County,1.7,0.0588,12.13,SGMC_CH1995,surface+SMU_grad,0,basalt_mafic,1.0,3.0
27117,MN,Pipestone County,1.662,0.0653,13.5,SMU_IDW,surface+SMU_grad,3,clay_shale,1.5,3.5
27119,MN,Polk County,3.0,0.1234,14.26,SGMC_CH1995,surface+SMU_grad,1,granite_felsic,2.5,4.5
27121,MN,Pope County,1.111,0.0436,13.73,SMU_IDW,surface+SMU_grad,3,metamorphic,1.5,4.5
27123,MN,Ramsey County,1.5,0.0648,11.33,SGMC_CH1995,surface+SMU_grad,0,alluvial_glacial,0.5,2.2
27125,MN,Red Lake County,2.9,0.1139,14.29,SGMC_CH1995,surface+SMU_grad,1,metamorphic,1.5,4.5
27127,MN,Redwood County,1.657,0.0651,11.97,SMU_IDW,surface+SMU_grad,3,granite_felsic,2.5,4.5
27129,MN,Renville County,1.54,0.0605,12.14,SMU_IDW,surface+SMU_grad,3,metamorphic,1.5,4.5
27131,MN,Rice County,1.5,0.0648,10.78,SGMC_CH1995,surface+SMU_grad,2,alluvial_glacial,0.5,2.2
27133,MN,Rock County,1.804,0.0708,13.26,SMU_IDW,surface+SMU_grad,3,alluvial_glacial,0.5,2.2
27135,MN,Roseau County,2.9,0.1139,12.23,SGMC_CH1995,surface+default_grad,1,metamorphic,1.5,4.5
27137,MN,St. Louis County,3.0,0.1234,10.1,SGMC_CH1995,surface+SMU_grad,2,granite_felsic,2.5,4.5
27139,MN,Scott County,1.5,0.0648,11.39,SGMC_CH1995,surface+SMU_grad,0,alluvial_glacial,0.5,2.2
27141,MN,Sherburne County,1.5,0.0648,13.4,SGMC_CH1995,surface+SMU_grad,0,alluvial_glacial,0.5,2.2
27143,MN,Sibley County,2.9,0.1139,11.68,SGMC_CH1995,surface+SMU_grad,1,metamorphic,1.5,4.5
27145,MN,Stearns County,1.053,0.0414,13.59,SMU_IDW,surface+SMU_grad,3,metamorphic,1.5,4.5
27147,MN,Steele County,3.285,0.129,10.9,SMU_IDW,surface+SMU_grad,5,limestone_carbonate,2.5,4.0
27149,MN,Stevens County,1.154,0.0453,13.82,SMU_IDW,surface+SMU_grad,3,metamorphic,1.5,4.5
27151,MN,Swift County,2.9,0.1139,13.66,SGMC_CH1995,surface+SMU_grad,2,metamorphic,1.5,4.5
27153,MN,Todd County,0.991,0.0389,14.15,SMU_IDW,surface+SMU_grad,3,sandstone,1.5,5.5
27155,MN,Traverse County,1.182,0.0464,13.97,SMU_IDW,surface+SMU_grad,3,granite_felsic,2.5,4.5
27157,MN,Wabasha County,1.5,0.0648,10.94,SGMC_CH1995,surface+SMU_grad,0,alluvial_glacial,0.5,2.2
27159,MN,Wadena County,2.5,0.108,14.1,SGMC_CH1995,surface+SMU_grad,2,sandstone,1.5,5.5
27161,MN,Waseca County,3.251,0.1277,10.89,SMU_IDW,surface+SMU_grad,5,alluvial_glacial,0.5,2.2
27163,MN,Washington County,1.5,0.0648,11.34,SGMC_CH1995,surface+SMU_grad,0,alluvial_glacial,0.5,2.2
27165,MN,Watonwan County,3.023,0.1187,11.28,SMU_IDW,surface+SMU_grad,5,alluvial_glacial,0.5,2.2
27167,MN,Wilkin County,1.106,0.0434,14.04,SMU_IDW,surface+SMU_grad,3,alluvial_glacial,0.5,2.2
27169,MN,Winona County,1.5,0.0648,11.11,SGMC_CH1995,surface+SMU_grad,0,alluvial_glacial,0.5,2.2
27171,MN,Wright County,1.5,0.0648,12.22,SGMC_CH1995,surface+SMU_grad,0,alluvial_glacial,0.5,2.2
27173,MN,Yellow Medicine County,1.366,0.0536,12.92,SMU_IDW,surface+SMU_grad,3,granite_felsic,2.5,4.5
28001,MS,Adams County,2.206,0.0866,21.03,SMU_IDW,surface+SMU_grad,15,alluvial_glacial,0.5,2.2
28003,MS,Alcorn County,2.026,0.0796,19.71,SMU_IDW,surface+SMU_grad,17,limestone_carbonate,2.5,4.0
28005,MS,Amite County,2.059,0.0809,20.88,SMU_IDW,surface+SMU_grad,10,alluvial_glacial,0.5,2.2
28007,MS,Attala County,2.11,0.0829,20.74,SMU_IDW,surface+SMU_grad,11,alluvial_glacial,0.5,2.2
28009,MS,Benton County,2.448,0.0961,20.05,SMU_IDW,surface+SMU_grad,16,clay_shale,1.5,3.5
28011,MS,Bolivar County,2.322,0.0912,20.63,SMU_IDW,surface+SMU_grad,22,undifferentiated,1.5,4.0
28013,MS,Calhoun County,2.382,0.0935,20.29,SMU_IDW,surface+SMU_grad,22,alluvial_glacial,0.5,2.2
28015,MS,Carroll County,2.252,0.0884,20.66,SMU_IDW,surface+SMU_grad,17,alluvial_glacial,0.5,2.2
28017,MS,Chickasaw County,2.484,0.0976,20.18,SMU_IDW,surface+SMU_grad,16,alluvial_glacial,0.5,2.2
28019,MS,Choctaw County,2.226,0.0874,20.43,SMU_IDW,surface+SMU_grad,16,alluvial_glacial,0.5,2.2
28021,MS,Claiborne County,1.999,0.0785,21.23,SMU_IDW,surface+SMU_grad,16,alluvial_glacial,0.5,2.2
28023,MS,Clarke County,1.768,0.0694,20.59,SMU_IDW,surface+SMU_grad,13,alluvial_glacial,0.5,2.2
28025,MS,Clay County,2.502,0.0983,20.15,SMU_IDW,surface+SMU_grad,15,limestone_carbonate,2.5,4.0
28027,MS,Coahoma County,2.919,0.1146,20.64,SMU_IDW,surface+SMU_grad,19,undifferentiated,1.5,4.0
28029,MS,Copiah County,1.806,0.0709,21.33,SMU_IDW,surface+SMU_grad,15,alluvial_glacial,0.5,2.2
28031,MS,Covington County,1.832,0.0719,20.98,SMU_IDW,surface+SMU_grad,12,alluvial_glacial,0.5,2.2
28033,MS,DeSoto County,2.495,0.098,19.93,SMU_IDW,surface+SMU_grad,18,alluvial_glacial,0.5,2.2
28035,MS,Forrest County,1.857,0.0729,20.77,SMU_IDW,surface+SMU_grad,12,alluvial_glacial,0.5,2.2
28037,MS,Franklin County,2.076,0.0815,21.03,SMU_IDW,surface+SMU_grad,14,alluvial_glacial,0.5,2.2
28039,MS,George County,1.606,0.0631,20.85,SMU_IDW,surface+SMU_grad,9,alluvial_glacial,0.5,2.2
28041,MS,Greene County,1.592,0.0625,20.83,SMU_IDW,surface+SMU_grad,13,alluvial_glacial,0.5,2.2
28043,MS,Grenada County,2.358,0.0926,20.47,SMU_IDW,surface+SMU_grad,21,clay_shale,1.5,3.5
28045,MS,Hancock County,2.267,0.089,20.6,SMU_IDW,surface+SMU_grad,4,undifferentiated,1.5,4.0
28047,MS,Harrison County,1.897,0.0745,20.82,SMU_IDW,surface+SMU_grad,8,undifferentiated,1.5,4.0
28049,MS,Hinds County,1.627,0.0639,21.61,SMU_IDW,surface+SMU_grad,14,alluvial_glacial,0.5,2.2
28051,MS,Holmes County,2.265,0.089,20.88,SMU_IDW,surface+SMU_grad,14,alluvial_glacial,0.5,2.2
28053,MS,Humphreys County,2.351,0.0923,20.9,SMU_IDW,surface+SMU_grad,16,undifferentiated,1.5,4.0
28055,MS,Issaquena County,2.25,0.0884,21.05,SMU_IDW,surface+SMU_grad,16,undifferentiated,1.5,4.0
28057,MS,Itawamba County,2.322,0.0912,20.02,SMU_IDW,surface+SMU_grad,12,alluvial_glacial,0.5,2.2
28059,MS,Jackson County,1.656,0.065,20.98,SMU_IDW,surface+SMU_grad,6,undifferentiated,1.5,4.0
28061,MS,Jasper County,1.824,0.0716,20.79,SMU_IDW,surface+SMU_grad,12,clay_shale,1.5,3.5
28063,MS,Jefferson County,2.096,0.0823,21.13,SMU_IDW,surface+SMU_grad,16,alluvial_glacial,0.5,2.2
28065,MS,Jefferson Davis County,1.871,0.0735,21.02,SMU_IDW,surface+SMU_grad,11,alluvial_glacial,0.5,2.2
28067,MS,Jones County,1.787,0.0702,20.87,SMU_IDW,surface+SMU_grad,12,alluvial_glacial,0.5,2.2
28069,MS,Kemper County,2.181,0.0857,20.24,SMU_IDW,surface+SMU_grad,12,alluvial_glacial,0.5,2.2
28071,MS,Lafayette County,2.462,0.0967,20.18,SMU_IDW,surface+SMU_grad,18,clay_shale,1.5,3.5
28073,MS,Lamar County,2.023,0.0794,20.69,SMU_IDW,surface+SMU_grad,10,alluvial_glacial,0.5,2.2
28075,MS,Lauderdale County,2.189,0.086,19.91,SMU_IDW,surface+SMU_grad,12,alluvial_glacial,0.5,2.2
28077,MS,Lawrence County,1.863,0.0732,21.04,SMU_IDW,surface+SMU_grad,11,alluvial_glacial,0.5,2.2
28079,MS,Leake County,1.948,0.0765,20.88,SMU_IDW,surface+SMU_grad,12,alluvial_glacial,0.5,2.2
28081,MS,Lee County,2.343,0.092,20.04,SMU_IDW,surface+SMU_grad,16,alluvial_glacial,0.5,2.2
28083,MS,Leflore County,2.33,0.0915,20.66,SMU_IDW,surface+SMU_grad,21,undifferentiated,1.5,4.0
28085,MS,Lincoln County,1.907,0.0749,21.07,SMU_IDW,surface+SMU_grad,10,alluvial_glacial,0.5,2.2
28087,MS,Lowndes County,2.737,0.1075,19.95,SMU_IDW,surface+SMU_grad,9,alluvial_glacial,0.5,2.2
28089,MS,Madison County,1.877,0.0737,21.26,SMU_IDW,surface+SMU_grad,13,clay_shale,1.5,3.5
28091,MS,Marion County,2.114,0.083,20.64,SMU_IDW,surface+SMU_grad,11,alluvial_glacial,0.5,2.2
28093,MS,Marshall County,2.509,0.0985,20.05,SMU_IDW,surface+SMU_grad,15,clay_shale,1.5,3.5
28095,MS,Monroe County,2.583,0.1014,20.09,SMU_IDW,surface+SMU_grad,11,alluvial_glacial,0.5,2.2
28097,MS,Montgomery County,2.286,0.0898,20.55,SMU_IDW,surface+SMU_grad,19,alluvial_glacial,0.5,2.2
28099,MS,Neshoba County,2.047,0.0804,20.52,SMU_IDW,surface+SMU_grad,12,alluvial_glacial,0.5,2.2
28101,MS,Newton County,1.945,0.0764,20.63,SMU_IDW,surface+SMU_grad,13,alluvial_glacial,0.5,2.2
28103,MS,Noxubee County,2.927,0.115,19.75,SMU_IDW,surface+SMU_grad,13,limestone_carbonate,2.5,4.0
28105,MS,Oktibbeha County,2.487,0.0977,20.13,SMU_IDW,surface+SMU_grad,14,clay_shale,1.5,3.5
28107,MS,Panola County,2.457,0.0965,20.22,SMU_IDW,surface+SMU_grad,20,alluvial_glacial,0.5,2.2
28109,MS,Pearl River County,2.298,0.0902,20.3,SMU_IDW,surface+SMU_grad,10,alluvial_glacial,0.5,2.2
28111,MS,Perry County,1.697,0.0666,20.82,SMU_IDW,surface+SMU_grad,13,alluvial_glacial,0.5,2.2
28113,MS,Pike County,2.095,0.0823,20.74,SMU_IDW,surface+SMU_grad,8,alluvial_glacial,0.5,2.2
28115,MS,Pontotoc County,2.428,0.0954,20.13,SMU_IDW,surface+SMU_grad,17,limestone_carbonate,2.5,4.0
28117,MS,Prentiss County,2.14,0.084,19.83,SMU_IDW,surface+SMU_grad,17,alluvial_glacial,0.5,2.2
28119,MS,Quitman County,2.609,0.1025,20.41,SMU_IDW,surface+SMU_grad,20,undifferentiated,1.5,4.0
28121,MS,Rankin County,1.977,0.0776,20.94,SMU_IDW,surface+SMU_grad,10,limestone_carbonate,2.5,4.0
28123,MS,Scott County,1.842,0.0723,21.03,SMU_IDW,surface+SMU_grad,13,clay_shale,1.5,3.5
28125,MS,Sharkey County,2.281,0.0896,20.99,SMU_IDW,surface+SMU_grad,16,undifferentiated,1.5,4.0
28127,MS,Simpson County,1.786,0.0701,21.22,SMU_IDW,surface+SMU_grad,11,alluvial_glacial,0.5,2.2
28129,MS,Smith County,1.812,0.0712,21.06,SMU_IDW,surface+SMU_grad,12,alluvial_glacial,0.5,2.2
28131,MS,Stone County,1.881,0.0739,20.75,SMU_IDW,surface+SMU_grad,13,alluvial_glacial,0.5,2.2
28133,MS,Sunflower County,2.293,0.0901,20.69,SMU_IDW,surface+SMU_grad,22,undifferentiated,1.5,4.0
28135,MS,Tallahatchie County,2.475,0.0972,20.47,SMU_IDW,surface+SMU_grad,23,undifferentiated,1.5,4.0
28137,MS,Tate County,2.443,0.0959,20.07,SMU_IDW,surface+SMU_grad,18,alluvial_glacial,0.5,2.2
28139,MS,Tippah County,2.234,0.0877,19.9,SMU_IDW,surface+SMU_grad,16,limestone_carbonate,2.5,4.0
28141,MS,Tishomingo County,2.361,0.0927,20.08,SMU_IDW,surface+SMU_grad,14,alluvial_glacial,0.5,2.2
28143,MS,Tunica County,2.231,0.0876,20.08,SMU_IDW,surface+SMU_grad,19,undifferentiated,1.5,4.0
28145,MS,Union County,2.347,0.0922,20.03,SMU_IDW,surface+SMU_grad,16,clay_shale,1.5,3.5
28147,MS,Walthall County,2.16,0.0848,20.59,SMU_IDW,surface+SMU_grad,11,alluvial_glacial,0.5,2.2
28149,MS,Warren County,1.974,0.0775,21.28,SMU_IDW,surface+SMU_grad,14,alluvial_glacial,0.5,2.2
28151,MS,Washington County,2.093,0.0822,20.78,SMU_IDW,surface+SMU_grad,21,undifferentiated,1.5,4.0
28153,MS,Wayne County,1.601,0.0629,20.83,SMU_IDW,surface+SMU_grad,14,alluvial_glacial,0.5,2.2
28155,MS,Webster County,2.336,0.0917,20.37,SMU_IDW,surface+SMU_grad,22,alluvial_glacial,0.5,2.2
28157,MS,Wilkinson County,2.077,0.0816,20.87,SMU_IDW,surface+SMU_grad,10,alluvial_glacial,0.5,2.2
28159,MS,Winston County,2.301,0.0904,20.33,SMU_IDW,surface+SMU_grad,15,alluvial_glacial,0.5,2.2
28161,MS,Yalobusha County,2.402,0.0943,20.34,SMU_IDW,surface+SMU_grad,21,clay_shale,1.5,3.5
28163,MS,Yazoo County,2.574,0.1011,20.96,SMU_IDW,surface+SMU_grad,15,clay_shale,1.5,3.5
29001,MO,Adair County,3.368,0.1323,16.58,SMU_IDW,surface+SMU_grad,5,clay_shale,1.5,3.5
29003,MO,Andrew County,2.393,0.094,16.95,SMU_IDW,surface+SMU_grad,22,clay_shale,1.5,3.5
29005,MO,Atchison County,2.578,0.1012,17.01,SMU_IDW,surface+SMU_grad,19,alluvial_glacial,0.5,2.2
29007,MO,Audrain County,3.0,0.1178,16.61,SMU_IDW,surface+SMU_grad,3,clay_shale,1.5,3.5
29009,MO,Barry County,2.388,0.0938,16.58,SMU_IDW,surface+SMU_grad,18,limestone_carbonate,2.5,4.0
29011,MO,Barton County,2.615,0.1027,16.72,SMU_IDW,surface+SMU_grad,22,alluvial_glacial,0.5,2.2
29013,MO,Bates County,2.272,0.0892,17.47,SMU_IDW,surface+SMU_grad,17,clay_shale,1.5,3.5
29015,MO,Benton County,2.455,0.0964,16.79,SMU_IDW,surface+SMU_grad,8,limestone_carbonate,2.5,4.0
29017,MO,Bollinger County,2.663,0.1046,16.03,SMU_IDW,surface+SMU_grad,10,alluvial_glacial,0.5,2.2
29019,MO,Boone County,2.928,0.115,16.67,SMU_IDW,surface+SMU_grad,4,limestone_carbonate,2.5,4.0
29021,MO,Buchanan County,2.31,0.0907,16.98,SMU_IDW,surface+SMU_grad,19,clay_shale,1.5,3.5
29023,MO,Butler County,2.725,0.107,16.32,SMU_IDW,surface+SMU_grad,17,alluvial_glacial,0.5,2.2
29025,MO,Caldwell County,2.639,0.1036,16.86,SMU_IDW,surface+SMU_grad,8,clay_shale,1.5,3.5
29027,MO,Callaway County,2.988,0.1173,16.59,SMU_IDW,surface+SMU_grad,5,alluvial_glacial,0.5,2.2
29029,MO,Camden County,2.58,0.1013,16.64,SMU_IDW,surface+SMU_grad,12,limestone_carbonate,2.5,4.0
29031,MO,Cape Girardeau County,2.722,0.1069,16.14,SMU_IDW,surface+SMU_grad,7,clay_shale,1.5,3.5
29033,MO,Carroll County,2.572,0.101,16.83,SMU_IDW,surface+SMU_grad,6,clay_shale,1.5,3.5
29035,MO,Carter County,2.731,0.1073,16.2,SMU_IDW,surface+SMU_grad,12,alluvial_glacial,0.5,2.2
29037,MO,Cass County,2.289,0.0899,17.43,SMU_IDW,surface+SMU_grad,17,alluvial_glacial,0.5,2.2
29039,MO,Cedar County,2.509,0.0985,16.88,SMU_IDW,surface+SMU_grad,15,limestone_carbonate,2.5,4.0
29041,MO,Chariton County,1.5,0.0648,16.82,SGMC_CH1995,surface+SMU_grad,1,alluvial_glacial,0.5,2.2
29043,MO,Christian County,2.545,0.0999,16.47,SMU_IDW,surface+SMU_grad,17,limestone_carbonate,2.5,4.0
29045,MO,Clark County,3.388,0.1331,16.49,SMU_IDW,surface+SMU_grad,3,limestone_carbonate,2.5,4.0
29047,MO,Clay County,2.541,0.0998,16.8,SMU_IDW,surface+SMU_grad,17,clay_shale,1.5,3.5
29049,MO,Clinton County,2.388,0.0938,16.9,SMU_IDW,surface+SMU_grad,18,clay_shale,1.5,3.5
29051,MO,Cole County,2.82,0.1107,16.63,SMU_IDW,surface+SMU_grad,7,limestone_carbonate,2.5,4.0
29053,MO,Cooper County,2.618,0.1028,16.73,SMU_IDW,surface+SMU_grad,7,limestone_carbonate,2.5,4.0
29055,MO,Crawford County,3.181,0.1249,16.36,SMU_IDW,surface+SMU_grad,7,limestone_carbonate,2.5,4.0
29057,MO,Dade County,2.533,0.0995,16.71,SMU_IDW,surface+SMU_grad,19,limestone_carbonate,2.5,4.0
29059,MO,Dallas County,2.675,0.1051,16.65,SMU_IDW,surface+SMU_grad,19,alluvial_glacial,0.5,2.2
29061,MO,Daviess County,2.695,0.1058,16.81,SMU_IDW,surface+SMU_grad,12,clay_shale,1.5,3.5
29063,MO,DeKalb County,2.457,0.0965,16.93,SMU_IDW,surface+SMU_grad,19,clay_shale,1.5,3.5
29065,MO,Dent County,2.944,0.1156,16.43,SMU_IDW,surface+SMU_grad,7,limestone_carbonate,2.5,4.0
29067,MO,Douglas County,2.664,0.1046,16.32,SMU_IDW,surface+SMU_grad,14,alluvial_glacial,0.5,2.2
29069,MO,Dunklin County,2.69,0.1056,16.57,SMU_IDW,surface+SMU_grad,17,alluvial_glacial,0.5,2.2
29071,MO,Franklin County,3.228,0.1268,16.28,SMU_IDW,surface+SMU_grad,7,alluvial_glacial,0.5,2.2
29073,MO,Gasconade County,3.085,0.1212,16.44,SMU_IDW,surface+SMU_grad,7,alluvial_glacial,0.5,2.2
29075,MO,Gentry County,2.576,0.1012,16.8,SMU_IDW,surface+SMU_grad,17,clay_shale,1.5,3.5
29077,MO,Greene County,2.523,0.0991,16.57,SMU_IDW,surface+SMU_grad,20,limestone_carbonate,2.5,4.0
29079,MO,Grundy County,3.157,0.124,16.75,SMU_IDW,surface+SMU_grad,6,clay_shale,1.5,3.5
29081,MO,Harrison County,2.924,0.1148,16.7,SMU_IDW,surface+SMU_grad,9,clay_shale,1.5,3.5
29083,MO,Henry County,2.49,0.0978,17.08,SMU_IDW,surface+SMU_grad,13,alluvial_glacial,0.5,2.2
29085,MO,Hickory County,2.64,0.1037,16.77,SMU_IDW,surface+SMU_grad,15,limestone_carbonate,2.5,4.0
29087,MO,Holt County,2.432,0.0955,17.03,SMU_IDW,surface+SMU_grad,23,alluvial_glacial,0.5,2.2
29089,MO,Howard County,2.868,0.1126,16.71,SMU_IDW,surface+SMU_grad,3,alluvial_glacial,0.5,2.2
29091,MO,Howell County,2.691,0.1057,15.6,SMU_IDW,surface+SMU_grad,11,limestone_carbonate,2.5,4.0
29093,MO,Iron County,3.116,0.1224,16.24,SMU_IDW,surface+SMU_grad,7,granite_felsic,2.5,4.5
29095,MO,Jackson County,2.726,0.1071,16.63,SMU_IDW,surface+SMU_grad,15,alluvial_glacial,0.5,2.2
29097,MO,Jasper County,2.323,0.0912,16.2,SMU_IDW,surface+SMU_grad,20,limestone_carbonate,2.5,4.0
29099,MO,Jefferson County,3.026,0.1188,16.23,SMU_IDW,surface+SMU_grad,6,limestone_carbonate,2.5,4.0
29101,MO,Johnson County,2.579,0.1013,16.93,SMU_IDW,surface+SMU_grad,9,alluvial_glacial,0.5,2.2
29103,MO,Knox County,3.402,0.1336,16.46,SMU_IDW,surface+SMU_grad,3,limestone_carbonate,2.5,4.0
29105,MO,Laclede County,2.735,0.1074,16.54,SMU_IDW,surface+SMU_grad,10,limestone_carbonate,2.5,4.0
29107,MO,Lafayette County,2.733,0.1073,16.69,SMU_IDW,surface+SMU_grad,6,clay_shale,1.5,3.5
29109,MO,Lawrence County,2.506,0.0984,16.6,SMU_IDW,surface+SMU_grad,22,limestone_carbonate,2.5,4.0
29111,MO,Lewis County,3.391,0.1332,16.46,SMU_IDW,surface+SMU_grad,3,limestone_carbonate,2.5,4.0
29113,MO,Lincoln County,3.031,0.119,16.33,SMU_IDW,surface+SMU_grad,5,limestone_carbonate,2.5,4.0
29115,MO,Linn County,3.175,0.1247,16.83,SMU_IDW,surface+SMU_grad,3,alluvial_glacial,0.5,2.2
29117,MO,Livingston County,2.509,0.0985,16.89,SMU_IDW,surface+SMU_grad,6,alluvial_glacial,0.5,2.2
29119,MO,McDonald County,2.52,0.099,16.75,SMU_IDW,surface+SMU_grad,18,limestone_carbonate,2.5,4.0
29121,MO,Macon County,3.261,0.1281,16.74,SMU_IDW,surface+SMU_grad,4,alluvial_glacial,0.5,2.2
29123,MO,Madison County,2.461,0.0967,15.78,SMU_IDW,surface+SMU_grad,8,limestone_carbonate,2.5,4.0
29125,MO,Maries County,2.563,0.1007,16.85,SMU_IDW,surface+SMU_grad,7,alluvial_glacial,0.5,2.2
29127,MO,Marion County,3.417,0.1342,16.42,SMU_IDW,surface+SMU_grad,4,clay_shale,1.5,3.5
29129,MO,Mercer County,3.105,0.1219,16.64,SMU_IDW,surface+SMU_grad,7,clay_shale,1.5,3.5
29131,MO,Miller County,2.736,0.1075,16.65,SMU_IDW,surface+SMU_grad,7,limestone_carbonate,2.5,4.0
29133,MO,Mississippi County,2.731,0.1073,16.38,SMU_IDW,surface+SMU_grad,12,alluvial_glacial,0.5,2.2
29135,MO,Moniteau County,2.862,0.1124,16.68,SMU_IDW,surface+SMU_grad,4,limestone_carbonate,2.5,4.0
29137,MO,Monroe County,2.981,0.1171,16.66,SMU_IDW,surface+SMU_grad,4,limestone_carbonate,2.5,4.0
29139,MO,Montgomery County,3.021,0.1186,16.39,SMU_IDW,surface+SMU_grad,5,alluvial_glacial,0.5,2.2
29141,MO,Morgan County,2.558,0.1005,16.68,SMU_IDW,surface+SMU_grad,8,limestone_carbonate,2.5,4.0
29143,MO,New Madrid County,2.694,0.1058,16.42,SMU_IDW,surface+SMU_grad,15,alluvial_glacial,0.5,2.2
29145,MO,Newton County,2.521,0.099,16.5,SMU_IDW,surface+SMU_grad,21,limestone_carbonate,2.5,4.0
29147,MO,Nodaway County,2.573,0.101,16.91,SMU_IDW,surface+SMU_grad,16,clay_shale,1.5,3.5
29149,MO,Oregon County,2.678,0.1052,16.1,SMU_IDW,surface+SMU_grad,14,limestone_carbonate,2.5,4.0
29151,MO,Osage County,2.856,0.1122,16.6,SMU_IDW,surface+SMU_grad,7,alluvial_glacial,0.5,2.2
29153,MO,Ozark County,2.759,0.1084,16.26,SMU_IDW,surface+SMU_grad,14,limestone_carbonate,2.5,4.0
29155,MO,Pemiscot County,2.676,0.1051,16.57,SMU_IDW,surface+SMU_grad,16,alluvial_glacial,0.5,2.2
29157,MO,Perry County,2.705,0.1062,16.07,SMU_IDW,surface+SMU_grad,7,limestone_carbonate,2.5,4.0
29159,MO,Pettis County,2.499,0.0981,16.81,SMU_IDW,surface+SMU_grad,8,limestone_carbonate,2.5,4.0
29161,MO,Phelps County,2.271,0.0892,17.19,SMU_IDW,surface+SMU_grad,7,alluvial_glacial,0.5,2.2
29163,MO,Pike County,3.062,0.1203,16.35,SMU_IDW,surface+SMU_grad,3,limestone_carbonate,2.5,4.0
29165,MO,Platte County,2.326,0.0913,17.0,SMU_IDW,surface+SMU_grad,18,clay_shale,1.5,3.5
29167,MO,Polk County,2.612,0.1026,16.69,SMU_IDW,surface+SMU_grad,20,limestone_carbonate,2.5,4.0
29169,MO,Pulaski County,2.575,0.1011,16.73,SMU_IDW,surface+SMU_grad,8,limestone_carbonate,2.5,4.0
29171,MO,Putnam County,3.258,0.128,16.6,SMU_IDW,surface+SMU_grad,7,clay_shale,1.5,3.5
29173,MO,Ralls County,3.038,0.1193,16.41,SMU_IDW,surface+SMU_grad,3,limestone_carbonate,2.5,4.0
29175,MO,Randolph County,2.888,0.1134,16.72,SMU_IDW,surface+SMU_grad,3,clay_shale,1.5,3.5
29177,MO,Ray County,2.761,0.1084,16.65,SMU_IDW,surface+SMU_grad,6,clay_shale,1.5,3.5
29179,MO,Reynolds County,3.005,0.118,16.25,SMU_IDW,surface+SMU_grad,8,limestone_carbonate,2.5,4.0
29181,MO,Ripley County,2.737,0.1075,16.28,SMU_IDW,surface+SMU_grad,19,limestone_carbonate,2.5,4.0
29183,MO,St. Charles County,3.059,0.1201,16.28,SMU_IDW,surface+SMU_grad,5,limestone_carbonate,2.5,4.0
29185,MO,St. Clair County,2.526,0.0992,16.96,SMU_IDW,surface+SMU_grad,14,clay_shale,1.5,3.5
29186,MO,Ste. Genevieve County,2.745,0.1078,16.05,SMU_IDW,surface+SMU_grad,7,limestone_carbonate,2.5,4.0
29187,MO,St. Francois County,2.838,0.1115,16.09,SMU_IDW,surface+SMU_grad,7,clay_shale,1.5,3.5
29189,MO,St. Louis County,3.0,0.1178,16.25,SMU_IDW,surface+SMU_grad,6,alluvial_glacial,0.5,2.2
29195,MO,Saline County,2.486,0.0976,16.81,SMU_IDW,surface+SMU_grad,7,limestone_carbonate,2.5,4.0
29197,MO,Schuyler County,3.338,0.1311,16.39,SMU_IDW,surface+SMU_grad,6,alluvial_glacial,0.5,2.2
29199,MO,Scotland County,3.407,0.1338,16.41,SMU_IDW,surface+SMU_grad,3,clay_shale,1.5,3.5
29201,MO,Scott County,2.791,0.1096,16.28,SMU_IDW,surface+SMU_grad,9,alluvial_glacial,0.5,2.2
29203,MO,Shannon County,2.565,0.1007,16.14,SMU_IDW,surface+SMU_grad,10,limestone_carbonate,2.5,4.0
29205,MO,Shelby County,3.335,0.131,16.66,SMU_IDW,surface+SMU_grad,5,alluvial_glacial,0.5,2.2
29207,MO,Stoddard County,2.751,0.108,16.3,SMU_IDW,surface+SMU_grad,15,alluvial_glacial,0.5,2.2
29209,MO,Stone County,2.402,0.0943,16.41,SMU_IDW,surface+SMU_grad,15,clay_shale,1.5,3.5
29211,MO,Sullivan County,3.22,0.1265,16.68,SMU_IDW,surface+SMU_grad,7,alluvial_glacial,0.5,2.2
29213,MO,Taney County,2.551,0.1002,16.33,SMU_IDW,surface+SMU_grad,14,limestone_carbonate,2.5,4.0
29215,MO,Texas County,2.741,0.1076,16.32,SMU_IDW,surface+SMU_grad,11,limestone_carbonate,2.5,4.0
29217,MO,Vernon County,2.552,0.1002,17.06,SMU_IDW,surface+SMU_grad,15,alluvial_glacial,0.5,2.2
29219,MO,Warren County,3.056,0.12,16.35,SMU_IDW,surface+SMU_grad,6,limestone_carbonate,2.5,4.0
29221,MO,Washington County,3.121,0.1226,16.28,SMU_IDW,surface+SMU_grad,7,limestone_carbonate,2.5,4.0
29223,MO,Wayne County,2.824,0.1109,16.16,SMU_IDW,surface+SMU_grad,10,alluvial_glacial,0.5,2.2
29225,MO,Webster County,2.604,0.1023,16.51,SMU_IDW,surface+SMU_grad,17,limestone_carbonate,2.5,4.0
29227,MO,Worth County,2.702,0.1061,16.78,SMU_IDW,surface+SMU_grad,14,clay_shale,1.5,3.5
29229,MO,Wright County,2.654,0.1042,16.37,SMU_IDW,surface+SMU_grad,14,limestone_carbonate,2.5,4.0
29510,MO,St. Louis city,3.003,0.1179,17.53,SMU_IDW,surface+SMU_grad,5,limestone_carbonate,2.5,4.0
30001,MT,Beaverhead County,2.9,0.1139,13.25,SMU_IDW,surface+SMU_grad,84,alluvial_glacial,0.5,2.2
30003,MT,Big Horn County,2.221,0.0872,12.4,SMU_IDW,surface+SMU_grad,13,clay_shale,1.5,3.5
30005,MT,Blaine County,1.5,0.0648,10.08,SGMC_CH1995,surface+SMU_grad,0,alluvial_glacial,0.5,2.2
30007,MT,Broadwater County,2.234,0.0877,12.38,SMU_IDW,surface+SMU_grad,46,alluvial_glacial,0.5,2.2
30009,MT,Carbon County,2.623,0.103,13.53,SMU_IDW,surface+SMU_grad,15,alluvial_glacial,0.5,2.2
30011,MT,Carter County,2.178,0.0855,12.88,SMU_IDW,surface+SMU_grad,15,clay_shale,1.5,3.5
30013,MT,Cascade County,2.718,0.1067,10.94,SMU_IDW,surface+SMU_grad,29,alluvial_glacial,0.5,2.2
30015,MT,Chouteau County,2.675,0.1051,10.48,SMU_IDW,surface+SMU_grad,15,clay_shale,1.5,3.5
30017,MT,Custer County,1.439,0.0565,12.91,SMU_IDW,surface+SMU_grad,8,alluvial_glacial,0.5,2.2
30019,MT,Daniels County,1.5,0.0648,11.32,SGMC_CH1995,surface+SMU_grad,1,alluvial_glacial,0.5,2.2
30021,MT,Dawson County,1.404,0.0551,13.4,SMU_IDW,surface+SMU_grad,9,alluvial_glacial,0.5,2.2
30023,MT,Deer Lodge County,2.153,0.0846,12.64,SMU_IDW,surface+SMU_grad,39,clay_shale,1.5,3.5
30025,MT,Fallon County,1.432,0.0562,13.32,SMU_IDW,surface+SMU_grad,12,clay_shale,1.5,3.5
30027,MT,Fergus County,2.494,0.0979,11.94,SMU_IDW,surface+SMU_grad,6,granite_felsic,2.5,4.5
30029,MT,Flathead County,4.109,0.1614,9.83,SMU_IDW,surface+SMU_grad,10,clay_shale,1.5,3.5
30031,MT,Gallatin County,1.928,0.0757,14.07,SMU_IDW,surface+SMU_grad,83,alluvial_glacial,0.5,2.2
30033,MT,Garfield County,1.5,0.0648,12.71,SGMC_CH1995,surface+SMU_grad,2,alluvial_glacial,0.5,2.2
30035,MT,Glacier County,1.5,0.0648,9.5,SGMC_CH1995,surface+SMU_grad,2,alluvial_glacial,0.5,2.2
30037,MT,Golden Valley County,2.436,0.0957,11.74,SMU_IDW,surface+SMU_grad,13,alluvial_glacial,0.5,2.2
30039,MT,Granite County,4.037,0.1585,11.07,SMU_IDW,surface+SMU_grad,38,clay_shale,1.5,3.5
30041,MT,Hill County,2.805,0.1102,11.95,SMU_IDW,surface+SMU_grad,4,alluvial_glacial,0.5,2.2
30043,MT,Jefferson County,2.429,0.0954,12.39,SMU_IDW,surface+SMU_grad,48,basalt_mafic,1.0,3.0
30045,MT,Judith Basin County,2.665,0.1047,11.37,SMU_IDW,surface+SMU_grad,26,alluvial_glacial,0.5,2.2
30047,MT,Lake County,3.385,0.1329,10.51,SMU_IDW,surface+SMU_grad,22,alluvial_glacial,0.5,2.2
30049,MT,Lewis and Clark County,3.806,0.1495,10.78,SMU_IDW,surface+SMU_grad,33,clay_shale,1.5,3.5
30051,MT,Liberty County,3.215,0.1263,11.9,SMU_IDW,surface+SMU_grad,6,clay_shale,1.5,3.5
30053,MT,Lincoln County,3.967,0.1558,9.65,SMU_IDW,surface+SMU_grad,20,clay_shale,1.5,3.5
30055,MT,McCone County,1.38,0.0542,13.4,SMU_IDW,surface+SMU_grad,5,alluvial_glacial,0.5,2.2
30057,MT,Madison County,1.537,0.0604,14.38,SMU_IDW,surface+SMU_grad,88,basalt_mafic,1.0,3.0
30059,MT,Meagher County,2.525,0.0992,11.9,SMU_IDW,surface+SMU_grad,45,limestone_carbonate,2.5,4.0
30061,MT,Mineral County,3.858,0.1515,11.04,SMU_IDW,surface+SMU_grad,18,clay_shale,1.5,3.5
30063,MT,Missoula County,2.934,0.1152,11.22,SMU_IDW,surface+SMU_grad,32,clay_shale,1.5,3.5
30065,MT,Musselshell County,2.003,0.0787,11.94,SMU_IDW,surface+SMU_grad,11,alluvial_glacial,0.5,2.2
30067,MT,Park County,2.469,0.097,13.39,SMU_IDW,surface+SMU_grad,79,sandstone,1.5,5.5
30069,MT,Petroleum County,2.078,0.0816,11.94,SMU_IDW,surface+SMU_grad,6,clay_shale,1.5,3.5
30071,MT,Phillips County,1.5,0.0648,10.34,SGMC_CH1995,surface+SMU_grad,0,alluvial_glacial,0.5,2.2
30073,MT,Pondera County,2.847,0.1118,10.07,SMU_IDW,surface+SMU_grad,16,alluvial_glacial,0.5,2.2
30075,MT,Powder River County,2.69,0.1056,13.37,SMU_IDW,surface+SMU_grad,9,alluvial_glacial,0.5,2.2
30077,MT,Powell County,2.769,0.1087,11.3,SMU_IDW,surface+SMU_grad,42,undifferentiated,1.5,4.0
30079,MT,Prairie County,1.435,0.0564,13.27,SMU_IDW,surface+SMU_grad,10,alluvial_glacial,0.5,2.2
30081,MT,Ravalli County,2.673,0.105,12.34,SMU_IDW,surface+SMU_grad,38,basalt_mafic,1.0,3.0
30083,MT,Richland County,1.378,0.0541,13.44,SMU_IDW,surface+SMU_grad,9,alluvial_glacial,0.5,2.2
30085,MT,Roosevelt County,1.373,0.0539,11.62,SMU_IDW,surface+SMU_grad,5,alluvial_glacial,0.5,2.2
30087,MT,Rosebud County,1.5,0.0648,12.51,SGMC_CH1995,surface+SMU_grad,2,alluvial_glacial,0.5,2.2
30089,MT,Sanders County,4.098,0.1609,10.33,SMU_IDW,surface+SMU_grad,17,clay_shale,1.5,3.5
30091,MT,Sheridan County,1.328,0.0522,13.64,SMU_IDW,surface+SMU_grad,6,alluvial_glacial,0.5,2.2
30093,MT,Silver Bow County,2.198,0.0863,13.33,SMU_IDW,surface+SMU_grad,52,undifferentiated,1.5,4.0
30095,MT,Stillwater County,2.855,0.1121,12.73,SMU_IDW,surface+SMU_grad,26,alluvial_glacial,0.5,2.2
30097,MT,Sweet Grass County,2.786,0.1094,12.64,SMU_IDW,surface+SMU_grad,41,alluvial_glacial,0.5,2.2
30099,MT,Teton County,2.823,0.1109,10.39,SMU_IDW,surface+SMU_grad,27,alluvial_glacial,0.5,2.2
30101,MT,Toole County,2.0,0.072,11.92,SGMC_CH1995,surface+SMU_grad,2,clay_shale,1.5,3.5
30103,MT,Treasure County,1.5,0.0648,12.25,SGMC_CH1995,surface+SMU_grad,2,alluvial_glacial,0.5,2.2
30105,MT,Valley County,2.0,0.072,13.02,SGMC_CH1995,surface+SMU_grad,0,clay_shale,1.5,3.5
30107,MT,Wheatland County,2.513,0.0987,11.76,SMU_IDW,surface+SMU_grad,33,clay_shale,1.5,3.5
30109,MT,Wibaux County,1.428,0.0561,13.31,SMU_IDW,surface+SMU_grad,12,alluvial_glacial,0.5,2.2
30111,MT,Yellowstone County,2.011,0.079,11.85,SMU_IDW,surface+SMU_grad,13,alluvial_glacial,0.5,2.2
31001,NE,Adams County,1.999,0.0785,16.64,SMU_IDW,surface+SMU_grad,17,clay_shale,1.5,3.5
31003,NE,Antelope County,1.474,0.0579,18.5,SMU_IDW,surface+SMU_grad,8,alluvial_glacial,0.5,2.2
31005,NE,Arthur County,1.198,0.047,18.01,SMU_IDW,surface+SMU_grad,27,alluvial_glacial,0.5,2.2
31007,NE,Banner County,1.154,0.0453,17.17,SMU_IDW,surface+SMU_grad,36,clay_shale,1.5,3.5
31009,NE,Blaine County,1.346,0.0529,18.7,SMU_IDW,surface+SMU_grad,17,alluvial_glacial,0.5,2.2
31011,NE,Boone County,1.812,0.0712,17.93,SMU_IDW,surface+SMU_grad,8,alluvial_glacial,0.5,2.2
31013,NE,Box Butte County,1.378,0.0541,17.79,SMU_IDW,surface+SMU_grad,27,alluvial_glacial,0.5,2.2
31015,NE,Boyd County,1.192,0.0468,20.97,SMU_IDW,surface+SMU_grad,14,alluvial_glacial,0.5,2.2
31017,NE,Brown County,1.228,0.0482,20.01,SMU_IDW,surface+SMU_grad,21,alluvial_glacial,0.5,2.2
31019,NE,Buffalo County,1.652,0.0649,17.07,SMU_IDW,surface+SMU_grad,13,alluvial_glacial,0.5,2.2
31021,NE,Burt County,3.921,0.154,14.02,SMU_IDW,surface+SMU_grad,11,alluvial_glacial,0.5,2.2
31023,NE,Butler County,2.537,0.0996,15.61,SMU_IDW,surface+SMU_grad,12,clay_shale,1.5,3.5
31025,NE,Cass County,2.432,0.0955,15.06,SMU_IDW,surface+SMU_grad,15,clay_shale,1.5,3.5
31027,NE,Cedar County,1.596,0.0627,18.06,SMU_IDW,surface+SMU_grad,8,clay_shale,1.5,3.5
31029,NE,Chase County,1.348,0.0529,17.67,SMU_IDW,surface+SMU_grad,39,alluvial_glacial,0.5,2.2
31031,NE,Cherry County,1.308,0.0514,18.81,SMU_IDW,surface+SMU_grad,29,alluvial_glacial,0.5,2.2
31033,NE,Cheyenne County,1.129,0.0443,17.81,SMU_IDW,surface+SMU_grad,25,alluvial_glacial,0.5,2.2
31035,NE,Clay County,2.341,0.0919,16.13,SMU_IDW,surface+SMU_grad,17,clay_shale,1.5,3.5
31037,NE,Colfax County,2.641,0.1037,15.61,SMU_IDW,surface+SMU_grad,9,clay_shale,1.5,3.5
31039,NE,Cuming County,2.881,0.1131,15.63,SMU_IDW,surface+SMU_grad,8,clay_shale,1.5,3.5
31041,NE,Custer County,1.543,0.0606,17.82,SMU_IDW,surface+SMU_grad,14,alluvial_glacial,0.5,2.2
31043,NE,Dakota County,2.083,0.0818,16.76,SMU_IDW,surface+SMU_grad,7,clay_shale,1.5,3.5
31045,NE,Dawes County,1.676,0.0658,18.77,SMU_IDW,surface+SMU_grad,35,clay_shale,1.5,3.5
31047,NE,Dawson County,1.751,0.0688,16.93,SMU_IDW,surface+SMU_grad,25,alluvial_glacial,0.5,2.2
31049,NE,Deuel County,1.248,0.049,18.2,SMU_IDW,surface+SMU_grad,33,alluvial_glacial,0.5,2.2
31051,NE,Dixon County,1.624,0.0638,17.87,SMU_IDW,surface+SMU_grad,6,clay_shale,1.5,3.5
31053,NE,Dodge County,2.652,0.1042,14.98,SMU_IDW,surface+SMU_grad,9,alluvial_glacial,0.5,2.2
31055,NE,Douglas County,2.676,0.1051,14.94,SMU_IDW,surface+SMU_grad,14,alluvial_glacial,0.5,2.2
31057,NE,Dundy County,1.265,0.0497,17.77,SMU_IDW,surface+SMU_grad,42,alluvial_glacial,0.5,2.2
31059,NE,Fillmore County,2.438,0.0957,15.74,SMU_IDW,surface+SMU_grad,15,clay_shale,1.5,3.5
31061,NE,Franklin County,1.747,0.0686,16.61,SMU_IDW,surface+SMU_grad,15,clay_shale,1.5,3.5
31063,NE,Frontier County,1.677,0.0659,16.85,SMU_IDW,surface+SMU_grad,28,alluvial_glacial,0.5,2.2
31065,NE,Furnas County,1.304,0.0512,17.06,SMU_IDW,surface+SMU_grad,23,alluvial_glacial,0.5,2.2
31067,NE,Gage County,2.329,0.0915,15.54,SMU_IDW,surface+SMU_grad,20,clay_shale,1.5,3.5
31069,NE,Garden County,1.246,0.0489,17.92,SMU_IDW,surface+SMU_grad,26,alluvial_glacial,0.5,2.2
31071,NE,Garfield County,1.29,0.0507,18.74,SMU_IDW,surface+SMU_grad,10,alluvial_glacial,0.5,2.2
31073,NE,Gosper County,1.559,0.0612,16.97,SMU_IDW,surface+SMU_grad,24,alluvial_glacial,0.5,2.2
31075,NE,Grant County,1.223,0.048,17.76,SMU_IDW,surface+SMU_grad,28,alluvial_glacial,0.5,2.2
31077,NE,Greeley County,1.762,0.0692,18.08,SMU_IDW,surface+SMU_grad,10,alluvial_glacial,0.5,2.2
31079,NE,Hall County,1.909,0.075,16.91,SMU_IDW,surface+SMU_grad,11,alluvial_glacial,0.5,2.2
31081,NE,Hamilton County,2.297,0.0902,16.36,SMU_IDW,surface+SMU_grad,14,clay_shale,1.5,3.5
31083,NE,Harlan County,1.577,0.0619,16.82,SMU_IDW,surface+SMU_grad,23,clay_shale,1.5,3.5
31085,NE,Hayes County,1.407,0.0553,17.48,SMU_IDW,surface+SMU_grad,31,alluvial_glacial,0.5,2.2
31087,NE,Hitchcock County,1.174,0.0461,17.72,SMU_IDW,surface+SMU_grad,34,clay_shale,1.5,3.5
31089,NE,Holt County,1.198,0.047,18.14,SMU_IDW,surface+SMU_grad,14,alluvial_glacial,0.5,2.2
31091,NE,Hooker County,1.26,0.0495,18.04,SMU_IDW,surface+SMU_grad,26,alluvial_glacial,0.5,2.2
31093,NE,Howard County,1.943,0.0763,17.19,SMU_IDW,surface+SMU_grad,9,alluvial_glacial,0.5,2.2
31095,NE,Jefferson County,2.316,0.091,15.54,SMU_IDW,surface+SMU_grad,20,alluvial_glacial,0.5,2.2
31097,NE,Johnson County,2.891,0.1135,15.61,SMU_IDW,surface+SMU_grad,17,clay_shale,1.5,3.5
31099,NE,Kearney County,1.643,0.0645,16.84,SMU_IDW,surface+SMU_grad,12,clay_shale,1.5,3.5
31101,NE,Keith County,1.306,0.0513,17.89,SMU_IDW,surface+SMU_grad,35,alluvial_glacial,0.5,2.2
31103,NE,Keya Paha County,1.161,0.0456,22.73,SMU_IDW,surface+SMU_grad,17,alluvial_glacial,0.5,2.2
31105,NE,Kimball County,1.11,0.0436,16.94,SMU_IDW,surface+SMU_grad,31,alluvial_glacial,0.5,2.2
31107,NE,Knox County,1.409,0.0553,19.05,SMU_IDW,surface+SMU_grad,12,clay_shale,1.5,3.5
31109,NE,Lancaster County,2.45,0.0962,15.45,SMU_IDW,surface+SMU_grad,12,alluvial_glacial,0.5,2.2
31111,NE,Lincoln County,1.957,0.0769,16.42,SMU_IDW,surface+SMU_grad,31,alluvial_glacial,0.5,2.2
31113,NE,Logan County,1.484,0.0583,17.81,SMU_IDW,surface+SMU_grad,21,alluvial_glacial,0.5,2.2
31115,NE,Loup County,1.331,0.0523,18.84,SMU_IDW,surface+SMU_grad,12,alluvial_glacial,0.5,2.2
31117,NE,McPherson County,1.243,0.0488,17.86,SMU_IDW,surface+SMU_grad,28,alluvial_glacial,0.5,2.2
31119,NE,Madison County,1.913,0.0751,17.63,SMU_IDW,surface+SMU_grad,8,alluvial_glacial,0.5,2.2
31121,NE,Merrick County,2.362,0.0928,16.8,SMU_IDW,surface+SMU_grad,10,clay_shale,1.5,3.5
31123,NE,Morrill County,1.202,0.0472,17.96,SMU_IDW,surface+SMU_grad,24,alluvial_glacial,0.5,2.2
31125,NE,Nance County,2.182,0.0857,17.0,SMU_IDW,surface+SMU_grad,9,alluvial_glacial,0.5,2.2
31127,NE,Nemaha County,2.761,0.1084,15.25,SMU_IDW,surface+SMU_grad,18,clay_shale,1.5,3.5
31129,NE,Nuckolls County,2.245,0.0882,16.03,SMU_IDW,surface+SMU_grad,22,clay_shale,1.5,3.5
31131,NE,Otoe County,2.534,0.0995,15.27,SMU_IDW,surface+SMU_grad,17,alluvial_glacial,0.5,2.2
31133,NE,Pawnee County,2.808,0.1103,15.34,SMU_IDW,surface+SMU_grad,20,clay_shale,1.5,3.5
31135,NE,Perkins County,1.344,0.0528,17.77,SMU_IDW,surface+SMU_grad,31,alluvial_glacial,0.5,2.2
31137,NE,Phelps County,1.622,0.0637,16.97,SMU_IDW,surface+SMU_grad,20,alluvial_glacial,0.5,2.2
31139,NE,Pierce County,1.571,0.0617,18.11,SMU_IDW,surface+SMU_grad,8,alluvial_glacial,0.5,2.2
31141,NE,Platte County,2.349,0.0923,16.54,SMU_IDW,surface+SMU_grad,10,clay_shale,1.5,3.5
31143,NE,Polk County,2.437,0.0957,16.12,SMU_IDW,surface+SMU_grad,12,clay_shale,1.5,3.5
31145,NE,Red Willow County,1.345,0.0528,17.1,SMU_IDW,surface+SMU_grad,30,alluvial_glacial,0.5,2.2
31147,NE,Richardson County,2.66,0.1045,15.14,SMU_IDW,surface+SMU_grad,21,clay_shale,1.5,3.5
31149,NE,Rock County,1.208,0.0474,20.25,SMU_IDW,surface+SMU_grad,18,alluvial_glacial,0.5,2.2
31151,NE,Saline County,2.41,0.0946,15.53,SMU_IDW,surface+SMU_grad,17,clay_shale,1.5,3.5
31153,NE,Sarpy County,2.528,0.0993,14.99,SMU_IDW,surface+SMU_grad,14,alluvial_glacial,0.5,2.2
31155,NE,Saunders County,2.581,0.1014,15.12,SMU_IDW,surface+SMU_grad,11,alluvial_glacial,0.5,2.2
31157,NE,Scotts Bluff County,1.166,0.0458,17.41,SMU_IDW,surface+SMU_grad,38,clay_shale,1.5,3.5
31159,NE,Seward County,2.48,0.0974,15.56,SMU_IDW,surface+SMU_grad,12,alluvial_glacial,0.5,2.2
31161,NE,Sheridan County,1.604,0.063,17.29,SMU_IDW,surface+SMU_grad,28,alluvial_glacial,0.5,2.2
31163,NE,Sherman County,1.544,0.0606,17.65,SMU_IDW,surface+SMU_grad,9,alluvial_glacial,0.5,2.2
31165,NE,Sioux County,1.599,0.0628,17.55,SMU_IDW,surface+SMU_grad,39,alluvial_glacial,0.5,2.2
31167,NE,Stanton County,2.05,0.0805,17.05,SMU_IDW,surface+SMU_grad,7,clay_shale,1.5,3.5
31169,NE,Thayer County,2.277,0.0894,15.65,SMU_IDW,surface+SMU_grad,18,clay_shale,1.5,3.5
31171,NE,Thomas County,1.357,0.0533,18.3,SMU_IDW,surface+SMU_grad,21,alluvial_glacial,0.5,2.2
31173,NE,Thurston County,2.605,0.1023,16.03,SMU_IDW,surface+SMU_grad,7,alluvial_glacial,0.5,2.2
31175,NE,Valley County,1.392,0.0547,18.15,SMU_IDW,surface+SMU_grad,10,alluvial_glacial,0.5,2.2
31177,NE,Washington County,2.987,0.1173,14.77,SMU_IDW,surface+SMU_grad,11,alluvial_glacial,0.5,2.2
31179,NE,Wayne County,1.241,0.0487,18.86,SMU_IDW,surface+SMU_grad,8,clay_shale,1.5,3.5
31181,NE,Webster County,2.003,0.0787,16.32,SMU_IDW,surface+SMU_grad,19,clay_shale,1.5,3.5
31183,NE,Wheeler County,1.44,0.0566,18.59,SMU_IDW,surface+SMU_grad,10,alluvial_glacial,0.5,2.2
31185,NE,York County,2.43,0.0954,16.01,SMU_IDW,surface+SMU_grad,12,clay_shale,1.5,3.5
32001,NV,Churchill County,1.902,0.0747,19.71,SMU_IDW,surface+SMU_grad,629,granite_felsic,2.5,4.5
32003,NV,Clark County,2.465,0.0968,21.26,SMU_IDW,surface+SMU_grad,150,undifferentiated,1.5,4.0
32005,NV,Douglas County,2.759,0.1084,18.78,SMU_IDW,surface+SMU_grad,449,limestone_carbonate,2.5,4.0
32007,NV,Elko County,1.996,0.0784,19.36,SMU_IDW,surface+SMU_grad,173,basalt_mafic,1.0,3.0
32009,NV,Esmeralda County,1.481,0.0582,20.23,SMU_IDW,surface+SMU_grad,253,undifferentiated,1.5,4.0
32011,NV,Eureka County,2.005,0.0787,18.38,SMU_IDW,surface+SMU_grad,372,undifferentiated,1.5,4.0
32013,NV,Humboldt County,1.654,0.065,19.11,SMU_IDW,surface+SMU_grad,500,undifferentiated,1.5,4.0
32015,NV,Lander County,1.849,0.0726,19.36,SMU_IDW,surface+SMU_grad,549,alluvial_glacial,0.5,2.2
32017,NV,Lincoln County,2.3,0.0903,20.1,SMU_IDW,surface+SMU_grad,131,undifferentiated,1.5,4.0
32019,NV,Lyon County,2.297,0.0902,17.9,SMU_IDW,surface+SMU_grad,535,undifferentiated,1.5,4.0
32021,NV,Mineral County,1.822,0.0716,21.05,SMU_IDW,surface+SMU_grad,488,granite_felsic,2.5,4.5
32023,NV,Nye County,1.885,0.074,20.01,SMU_IDW,surface+SMU_grad,140,granite_felsic,2.5,4.5
32027,NV,Pershing County,1.678,0.0659,18.47,SMU_IDW,surface+SMU_grad,603,basalt_mafic,1.0,3.0
32029,NV,Storey County,1.807,0.071,19.05,SMU_IDW,surface+SMU_grad,498,basalt_mafic,1.0,3.0
32031,NV,Washoe County,1.337,0.0525,20.45,SMU_IDW,surface+SMU_grad,557,basalt_mafic,1.0,3.0
32033,NV,White Pine County,1.991,0.0782,18.37,SMU_IDW,surface+SMU_grad,200,alluvial_glacial,0.5,2.2
32510,NV,Carson City,2.392,0.0939,18.64,SMU_IDW,surface+SMU_grad,457,undifferentiated,1.5,4.0
33001,NH,Belknap County,2.683,0.1054,13.94,SMU_IDW,surface+SMU_grad,40,alluvial_glacial,0.5,2.2
33003,NH,Carroll County,3.048,0.1197,13.53,SMU_IDW,surface+SMU_grad,38,sandstone,1.5,5.5
33005,NH,Cheshire County,3.265,0.1282,13.37,SMU_IDW,surface+SMU_grad,41,undifferentiated,1.5,4.0
33007,NH,Coos County,3.11,0.1221,12.62,SMU_IDW,surface+SMU_grad,32,undifferentiated,1.5,4.0
33009,NH,Grafton County,3.109,0.1221,13.34,SMU_IDW,surface+SMU_grad,41,granite_felsic,2.5,4.5
33011,NH,Hillsborough County,3.166,0.1243,14.28,SMU_IDW,surface+SMU_grad,40,granite_felsic,2.5,4.5
33013,NH,Merrimack County,2.939,0.1154,13.95,SMU_IDW,surface+SMU_grad,42,granite_felsic,2.5,4.5
33015,NH,Rockingham County,3.021,0.1186,13.36,SMU_IDW,surface+SMU_grad,39,sandstone,1.5,5.5
33017,NH,Strafford County,2.825,0.1109,13.49,SMU_IDW,surface+SMU_grad,40,granite_felsic,2.5,4.5
33019,NH,Sullivan County,2.908,0.1142,13.42,SMU_IDW,surface+SMU_grad,42,granite_felsic,2.5,4.5
34001,NJ,Atlantic County,1.591,0.0625,17.15,SMU_IDW,surface+SMU_grad,36,alluvial_glacial,0.5,2.2
34003,NJ,Bergen County,2.912,0.1144,15.11,SMU_IDW,surface+SMU_grad,8,alluvial_glacial,0.5,2.2
34005,NJ,Burlington County,1.858,0.073,16.8,SMU_IDW,surface+SMU_grad,26,alluvial_glacial,0.5,2.2
34007,NJ,Camden County,1.923,0.0755,16.88,SMU_IDW,surface+SMU_grad,31,alluvial_glacial,0.5,2.2
34009,NJ,Cape May County,1.549,0.0608,16.78,SMU_IDW,surface+SMU_grad,37,alluvial_glacial,0.5,2.2
34011,NJ,Cumberland County,1.531,0.0601,17.37,SMU_IDW,surface+SMU_grad,38,alluvial_glacial,0.5,2.2
34013,NJ,Essex County,2.907,0.1142,15.22,SMU_IDW,surface+SMU_grad,8,alluvial_glacial,0.5,2.2
34015,NJ,Gloucester County,1.887,0.0741,16.99,SMU_IDW,surface+SMU_grad,40,alluvial_glacial,0.5,2.2
34017,NJ,Hudson County,2.87,0.1127,15.36,SMU_IDW,surface+SMU_grad,8,clay_shale,1.5,3.5
34019,NJ,Hunterdon County,3.131,0.123,15.28,SMU_IDW,surface+SMU_grad,12,alluvial_glacial,0.5,2.2
34021,NJ,Mercer County,2.616,0.1027,16.07,SMU_IDW,surface+SMU_grad,13,sandstone,1.5,5.5
34023,NJ,Middlesex County,2.689,0.1056,15.91,SMU_IDW,surface+SMU_grad,11,alluvial_glacial,0.5,2.2
34025,NJ,Monmouth County,2.328,0.0914,16.34,SMU_IDW,surface+SMU_grad,11,alluvial_glacial,0.5,2.2
34027,NJ,Morris County,2.935,0.1153,15.05,SMU_IDW,surface+SMU_grad,8,basalt_mafic,1.0,3.0
34029,NJ,Ocean County,1.413,0.0555,16.98,SMU_IDW,surface+SMU_grad,15,alluvial_glacial,0.5,2.2
34031,NJ,Passaic County,2.93,0.1151,15.0,SMU_IDW,surface+SMU_grad,8,metamorphic,1.5,4.5
34033,NJ,Salem County,1.762,0.0692,17.19,SMU_IDW,surface+SMU_grad,41,alluvial_glacial,0.5,2.2
34035,NJ,Somerset County,2.891,0.1135,15.53,SMU_IDW,surface+SMU_grad,10,clay_shale,1.5,3.5
34037,NJ,Sussex County,2.934,0.1152,14.95,SMU_IDW,surface+SMU_grad,8,clay_shale,1.5,3.5
34039,NJ,Union County,2.847,0.1118,15.46,SMU_IDW,surface+SMU_grad,10,alluvial_glacial,0.5,2.2
34041,NJ,Warren County,3.007,0.1181,15.16,SMU_IDW,surface+SMU_grad,9,granite_felsic,2.5,4.5
35001,NM,Bernalillo County,2.356,0.0925,23.16,SMU_IDW,surface+SMU_grad,330,alluvial_glacial,0.5,2.2
35003,NM,Catron County,2.025,0.0795,24.38,SMU_IDW,surface+SMU_grad,334,granite_felsic,2.5,4.5
35005,NM,Chaves County,3.71,0.1457,23.84,SMU_IDW,surface+SMU_grad,31,alluvial_glacial,0.5,2.2
35006,NM,Cibola County,3.042,0.1195,23.31,SMU_IDW,surface+SMU_grad,338,basalt_mafic,1.0,3.0
35007,NM,Colfax County,2.309,0.0907,21.65,SMU_IDW,surface+SMU_grad,151,clay_shale,1.5,3.5
35009,NM,Curry County,2.706,0.1063,22.92,SMU_IDW,surface+SMU_grad,5,alluvial_glacial,0.5,2.2
35011,NM,De Baca County,2.722,0.1069,21.64,SMU_IDW,surface+SMU_grad,37,alluvial_glacial,0.5,2.2
35013,NM,Doña Ana County,2.069,0.0813,26.78,SMU_IDW,surface+SMU_grad,287,alluvial_glacial,0.5,2.2
35015,NM,Eddy County,5.053,0.1984,22.4,SMU_IDW,surface+SMU_grad,33,alluvial_glacial,0.5,2.2
35017,NM,Grant County,2.323,0.0912,24.46,SMU_IDW,surface+SMU_grad,399,granite_felsic,2.5,4.5
35019,NM,Guadalupe County,2.33,0.0915,21.8,SMU_IDW,surface+SMU_grad,122,alluvial_glacial,0.5,2.2
35021,NM,Harding County,2.396,0.0941,21.54,SMU_IDW,surface+SMU_grad,56,alluvial_glacial,0.5,2.2
35023,NM,Hidalgo County,2.058,0.0808,20.54,SMU_IDW,surface+SMU_grad,312,alluvial_glacial,0.5,2.2
35025,NM,Lea County,5.218,0.2049,19.4,SMU_IDW,surface+SMU_grad,13,alluvial_glacial,0.5,2.2
35027,NM,Lincoln County,2.301,0.0904,24.3,SMU_IDW,surface+SMU_grad,188,limestone_carbonate,2.5,4.0
35028,NM,Los Alamos County,1.902,0.0747,28.78,SMU_IDW,surface+SMU_grad,279,granite_felsic,2.5,4.5
35029,NM,Luna County,2.128,0.0836,20.77,SMU_IDW,surface+SMU_grad,284,alluvial_glacial,0.5,2.2
35031,NM,McKinley County,2.378,0.0934,21.72,SMU_IDW,surface+SMU_grad,292,clay_shale,1.5,3.5
35033,NM,Mora County,2.191,0.086,23.26,SMU_IDW,surface+SMU_grad,172,alluvial_glacial,0.5,2.2
35035,NM,Otero County,2.341,0.0919,25.0,SMU_IDW,surface+SMU_grad,206,alluvial_glacial,0.5,2.2
35037,NM,Quay County,2.501,0.0982,22.96,SMU_IDW,surface+SMU_grad,20,clay_shale,1.5,3.5
35039,NM,Rio Arriba County,2.12,0.0833,23.09,SMU_IDW,surface+SMU_grad,303,alluvial_glacial,0.5,2.2
35041,NM,Roosevelt County,4.253,0.167,19.75,SMU_IDW,surface+SMU_grad,11,alluvial_glacial,0.5,2.2
35043,NM,Sandoval County,2.219,0.0871,30.44,SMU_IDW,surface+SMU_grad,360,alluvial_glacial,0.5,2.2
35045,NM,San Juan County,2.306,0.0906,21.59,SMU_IDW,surface+SMU_grad,215,alluvial_glacial,0.5,2.2
35047,NM,San Miguel County,2.302,0.0904,23.68,SMU_IDW,surface+SMU_grad,157,alluvial_glacial,0.5,2.2
35049,NM,Santa Fe County,2.159,0.0848,22.87,SMU_IDW,surface+SMU_grad,315,alluvial_glacial,0.5,2.2
35051,NM,Sierra County,2.494,0.0979,24.77,SMU_IDW,surface+SMU_grad,326,alluvial_glacial,0.5,2.2
35053,NM,Socorro County,1.694,0.0665,24.01,SMU_IDW,surface+SMU_grad,307,alluvial_glacial,0.5,2.2
35055,NM,Taos County,2.954,0.116,21.45,SMU_IDW,surface+SMU_grad,240,alluvial_glacial,0.5,2.2
35057,NM,Torrance County,2.202,0.0865,23.85,SMU_IDW,surface+SMU_grad,253,granite_felsic,2.5,4.5
35059,NM,Union County,3.031,0.119,20.25,SMU_IDW,surface+SMU_grad,57,alluvial_glacial,0.5,2.2
35061,NM,Valencia County,2.272,0.0892,23.43,SMU_IDW,surface+SMU_grad,329,alluvial_glacial,0.5,2.2
36001,NY,Albany County,3.094,0.1215,13.72,SMU_IDW,surface+SMU_grad,22,clay_shale,1.5,3.5
36003,NY,Allegany County,1.61,0.0632,15.52,SMU_IDW,surface+SMU_grad,3,alluvial_glacial,0.5,2.2
36005,NY,Bronx County,2.869,0.1127,13.5,SMU_IDW,surface+SMU_grad,8,metamorphic,1.5,4.5
36007,NY,Broome County,2.515,0.0988,14.09,SMU_IDW,surface+SMU_grad,10,clay_shale,1.5,3.5
36009,NY,Cattaraugus County,1.631,0.0641,15.42,SMU_IDW,surface+SMU_grad,4,clay_shale,1.5,3.5
36011,NY,Cayuga County,1.893,0.0743,14.77,SMU_IDW,surface+SMU_grad,3,clay_shale,1.5,3.5
36013,NY,Chautauqua County,1.622,0.0637,15.24,SMU_IDW,surface+SMU_grad,3,alluvial_glacial,0.5,2.2
36015,NY,Chemung County,1.935,0.076,15.2,SMU_IDW,surface+SMU_grad,3,clay_shale,1.5,3.5
36017,NY,Chenango County,2.709,0.1064,13.97,SMU_IDW,surface+SMU_grad,8,clay_shale,1.5,3.5
36019,NY,Clinton County,2.911,0.1143,13.63,SMU_IDW,surface+SMU_grad,14,metamorphic,1.5,4.5
36021,NY,Columbia County,3.138,0.1232,13.75,SMU_IDW,surface+SMU_grad,21,clay_shale,1.5,3.5
36023,NY,Cortland County,1.899,0.0746,14.45,SMU_IDW,surface+SMU_grad,3,clay_shale,1.5,3.5
36025,NY,Delaware County,3.03,0.119,13.7,SMU_IDW,surface+SMU_grad,8,alluvial_glacial,0.5,2.2
36027,NY,Dutchess County,3.055,0.12,13.61,SMU_IDW,surface+SMU_grad,12,clay_shale,1.5,3.5
36029,NY,Erie County,1.67,0.0656,15.49,SMU_IDW,surface+SMU_grad,3,clay_shale,1.5,3.5
36031,NY,Essex County,2.213,0.0869,13.71,SMU_IDW,surface+SMU_grad,23,metamorphic,1.5,4.5
36033,NY,Franklin County,2.472,0.0971,13.68,SMU_IDW,surface+SMU_grad,10,metamorphic,1.5,4.5
36035,NY,Fulton County,3.185,0.1251,13.69,SMU_IDW,surface+SMU_grad,14,metamorphic,1.5,4.5
36037,NY,Genesee County,1.721,0.0676,15.51,SMU_IDW,surface+SMU_grad,3,limestone_carbonate,2.5,4.0
36039,NY,Greene County,3.115,0.1223,13.69,SMU_IDW,surface+SMU_grad,13,clay_shale,1.5,3.5
36041,NY,Hamilton County,2.809,0.1103,13.72,SMU_IDW,surface+SMU_grad,11,metamorphic,1.5,4.5
36043,NY,Herkimer County,2.707,0.1063,13.77,SMU_IDW,surface+SMU_grad,8,metamorphic,1.5,4.5
36045,NY,Jefferson County,2.307,0.0906,14.06,SMU_IDW,surface+SMU_grad,3,limestone_carbonate,2.5,4.0
36047,NY,Kings County,2.779,0.1091,13.81,SMU_IDW,surface+SMU_grad,9,clay_shale,1.5,3.5
36049,NY,Lewis County,2.537,0.0996,13.87,SMU_IDW,surface+SMU_grad,6,metamorphic,1.5,4.5
36051,NY,Livingston County,1.75,0.0687,15.44,SMU_IDW,surface+SMU_grad,3,clay_shale,1.5,3.5
36053,NY,Madison County,2.622,0.103,14.03,SMU_IDW,surface+SMU_grad,3,clay_shale,1.5,3.5
36055,NY,Monroe County,1.78,0.0699,15.54,SMU_IDW,surface+SMU_grad,3,clay_shale,1.5,3.5
36057,NY,Montgomery County,3.175,0.1247,13.7,SMU_IDW,surface+SMU_grad,12,alluvial_glacial,0.5,2.2
36059,NY,Nassau County,2.795,0.1098,13.69,SMU_IDW,surface+SMU_grad,8,alluvial_glacial,0.5,2.2
36061,NY,New York County,2.867,0.1126,13.51,SMU_IDW,surface+SMU_grad,8,metamorphic,1.5,4.5
36063,NY,Niagara County,1.706,0.067,15.48,SMU_IDW,surface+SMU_grad,3,clay_shale,1.5,3.5
36065,NY,Oneida County,2.665,0.1047,13.87,SMU_IDW,surface+SMU_grad,6,clay_shale,1.5,3.5
36067,NY,Onondaga County,1.878,0.0738,14.4,SMU_IDW,surface+SMU_grad,3,clay_shale,1.5,3.5
36069,NY,Ontario County,1.864,0.0732,15.26,SMU_IDW,surface+SMU_grad,3,clay_shale,1.5,3.5
36071,NY,Orange County,2.928,0.115,13.31,SMU_IDW,surface+SMU_grad,8,clay_shale,1.5,3.5
36073,NY,Orleans County,1.738,0.0683,15.55,SMU_IDW,surface+SMU_grad,3,clay_shale,1.5,3.5
36075,NY,Oswego County,2.0,0.072,14.2,SGMC_CH1995,surface+SMU_grad,2,clay_shale,1.5,3.5
36077,NY,Otsego County,2.943,0.1156,13.78,SMU_IDW,surface+SMU_grad,10,alluvial_glacial,0.5,2.2
36079,NY,Putnam County,2.899,0.1139,13.51,SMU_IDW,surface+SMU_grad,8,metamorphic,1.5,4.5
36081,NY,Queens County,2.797,0.1098,13.83,SMU_IDW,surface+SMU_grad,8,alluvial_glacial,0.5,2.2
36083,NY,Rensselaer County,3.145,0.1235,13.75,SMU_IDW,surface+SMU_grad,30,sandstone,1.5,5.5
36085,NY,Richmond County,2.742,0.1077,13.97,SMU_IDW,surface+SMU_grad,10,clay_shale,1.5,3.5
36087,NY,Rockland County,2.917,0.1146,13.37,SMU_IDW,surface+SMU_grad,8,alluvial_glacial,0.5,2.2
36089,NY,St. Lawrence County,2.374,0.0932,13.72,SMU_IDW,surface+SMU_grad,5,undifferentiated,1.5,4.0
36091,NY,Saratoga County,3.698,0.1452,13.44,SMU_IDW,surface+SMU_grad,24,limestone_carbonate,2.5,4.0
36093,NY,Schenectady County,3.206,0.1259,13.68,SMU_IDW,surface+SMU_grad,23,alluvial_glacial,0.5,2.2
36095,NY,Schoharie County,3.043,0.1195,13.7,SMU_IDW,surface+SMU_grad,15,alluvial_glacial,0.5,2.2
36097,NY,Schuyler County,2.009,0.0789,15.48,SMU_IDW,surface+SMU_grad,3,clay_shale,1.5,3.5
36099,NY,Seneca County,1.94,0.0762,15.14,SMU_IDW,surface+SMU_grad,3,clay_shale,1.5,3.5
36101,NY,Steuben County,1.784,0.0701,15.33,SMU_IDW,surface+SMU_grad,3,alluvial_glacial,0.5,2.2
36103,NY,Suffolk County,3.258,0.128,13.6,SMU_IDW,surface+SMU_grad,10,alluvial_glacial,0.5,2.2
36105,NY,Sullivan County,2.971,0.1167,13.47,SMU_IDW,surface+SMU_grad,9,alluvial_glacial,0.5,2.2
36107,NY,Tioga County,2.164,0.085,14.71,SMU_IDW,surface+SMU_grad,8,clay_shale,1.5,3.5
36109,NY,Tompkins County,1.957,0.0769,15.13,SMU_IDW,surface+SMU_grad,3,clay_shale,1.5,3.5
36111,NY,Ulster County,3.023,0.1187,13.57,SMU_IDW,surface+SMU_grad,11,alluvial_glacial,0.5,2.2
36113,NY,Warren County,3.355,0.1318,13.52,SMU_IDW,surface+SMU_grad,29,metamorphic,1.5,4.5
36115,NY,Washington County,3.961,0.1556,13.23,SMU_IDW,surface+SMU_grad,35,sandstone,1.5,5.5
36117,NY,Wayne County,1.845,0.0725,15.17,SMU_IDW,surface+SMU_grad,3,clay_shale,1.5,3.5
36119,NY,Westchester County,2.892,0.1136,13.48,SMU_IDW,surface+SMU_grad,9,metamorphic,1.5,4.5
36121,NY,Wyoming County,1.684,0.0661,15.52,SMU_IDW,surface+SMU_grad,3,alluvial_glacial,0.5,2.2
36123,NY,Yates County,1.95,0.0766,15.3,SMU_IDW,surface+SMU_grad,3,clay_shale,1.5,3.5
37001,NC,Alamance County,3.512,0.1379,17.92,SMU_IDW,surface+SMU_grad,29,basalt_mafic,1.0,3.0
37003,NC,Alexander County,3.757,0.1475,18.08,SMU_IDW,surface+SMU_grad,15,metamorphic,1.5,4.5
37005,NC,Alleghany County,4.261,0.1673,17.94,SMU_IDW,surface+SMU_grad,17,metamorphic,1.5,4.5
37007,NC,Anson County,3.137,0.1232,18.12,SMU_IDW,surface+SMU_grad,25,alluvial_glacial,0.5,2.2
37009,NC,Ashe County,4.097,0.1609,18.06,SMU_IDW,surface+SMU_grad,12,metamorphic,1.5,4.5
37011,NC,Avery County,3.148,0.1236,18.15,SMU_IDW,surface+SMU_grad,22,alluvial_glacial,0.5,2.2
37013,NC,Beaufort County,2.121,0.0833,19.29,SMU_IDW,surface+SMU_grad,51,alluvial_glacial,0.5,2.2
37015,NC,Bertie County,2.168,0.0851,19.27,SMU_IDW,surface+SMU_grad,60,clay_shale,1.5,3.5
37017,NC,Bladen County,2.803,0.1101,18.62,SMU_IDW,surface+SMU_grad,25,alluvial_glacial,0.5,2.2
37019,NC,Brunswick County,2.331,0.0915,19.02,SMU_IDW,surface+SMU_grad,19,alluvial_glacial,0.5,2.2
37021,NC,Buncombe County,2.493,0.0979,18.21,SMU_IDW,surface+SMU_grad,22,metamorphic,1.5,4.5
37023,NC,Burke County,2.87,0.1127,18.15,SMU_IDW,surface+SMU_grad,26,metamorphic,1.5,4.5
37025,NC,Cabarrus County,3.186,0.1251,18.11,SMU_IDW,surface+SMU_grad,22,basalt_mafic,1.0,3.0
37027,NC,Caldwell County,3.532,0.1387,18.11,SMU_IDW,surface+SMU_grad,16,metamorphic,1.5,4.5
37029,NC,Camden County,1.56,0.0613,19.48,SMU_IDW,surface+SMU_grad,51,alluvial_glacial,0.5,2.2
37031,NC,Carteret County,2.039,0.0801,19.3,SMU_IDW,surface+SMU_grad,30,alluvial_glacial,0.5,2.2
37033,NC,Caswell County,3.646,0.1432,17.77,SMU_IDW,surface+SMU_grad,30,granite_felsic,2.5,4.5
37035,NC,Catawba County,3.505,0.1377,18.1,SMU_IDW,surface+SMU_grad,16,metamorphic,1.5,4.5
37037,NC,Chatham County,3.275,0.1286,18.08,SMU_IDW,surface+SMU_grad,26,granite_felsic,2.5,4.5
37039,NC,Cherokee County,2.626,0.1031,18.05,SMU_IDW,surface+SMU_grad,17,alluvial_glacial,0.5,2.2
37041,NC,Chowan County,1.938,0.0761,19.46,SMU_IDW,surface+SMU_grad,55,alluvial_glacial,0.5,2.2
37043,NC,Clay County,2.558,0.1005,18.35,SMU_IDW,surface+SMU_grad,19,metamorphic,1.5,4.5
37045,NC,Cleveland County,2.71,0.1064,18.16,SMU_IDW,surface+SMU_grad,18,metamorphic,1.5,4.5
37047,NC,Columbus County,2.658,0.1044,18.73,SMU_IDW,surface+SMU_grad,23,alluvial_glacial,0.5,2.2
37049,NC,Craven County,2.251,0.0884,19.08,SMU_IDW,surface+SMU_grad,39,clay_shale,1.5,3.5
37051,NC,Cumberland County,2.974,0.1168,18.43,SMU_IDW,surface+SMU_grad,32,alluvial_glacial,0.5,2.2
37053,NC,Currituck County,1.541,0.0605,19.89,SMU_IDW,surface+SMU_grad,49,alluvial_glacial,0.5,2.2
37055,NC,Dare County,1.817,0.0714,20.26,SMU_IDW,surface+SMU_grad,40,alluvial_glacial,0.5,2.2
37057,NC,Davidson County,3.527,0.1385,18.05,SMU_IDW,surface+SMU_grad,29,basalt_mafic,1.0,3.0
37059,NC,Davie County,3.758,0.1476,18.03,SMU_IDW,surface+SMU_grad,24,granite_felsic,2.5,4.5
37061,NC,Duplin County,2.623,0.103,18.74,SMU_IDW,surface+SMU_grad,34,alluvial_glacial,0.5,2.2
37063,NC,Durham County,3.35,0.1316,17.97,SMU_IDW,surface+SMU_grad,27,alluvial_glacial,0.5,2.2
37065,NC,Edgecombe County,2.862,0.1124,18.55,SMU_IDW,surface+SMU_grad,58,clay_shale,1.5,3.5
37067,NC,Forsyth County,3.846,0.151,17.95,SMU_IDW,surface+SMU_grad,25,metamorphic,1.5,4.5
37069,NC,Franklin County,3.091,0.1214,18.22,SMU_IDW,surface+SMU_grad,41,granite_felsic,2.5,4.5
37071,NC,Gaston County,2.893,0.1136,18.13,SMU_IDW,surface+SMU_grad,17,granite_felsic,2.5,4.5
37073,NC,Gates County,2.186,0.0859,19.28,SMU_IDW,surface+SMU_grad,59,clay_shale,1.5,3.5
37075,NC,Graham County,2.582,0.1014,18.19,SMU_IDW,surface+SMU_grad,15,sandstone,1.5,5.5
37077,NC,Granville County,3.421,0.1344,17.82,SMU_IDW,surface+SMU_grad,33,granite_felsic,2.5,4.5
37079,NC,Greene County,2.792,0.1096,18.59,SMU_IDW,surface+SMU_grad,53,alluvial_glacial,0.5,2.2
37081,NC,Guilford County,3.573,0.1403,17.95,SMU_IDW,surface+SMU_grad,29,granite_felsic,2.5,4.5
37083,NC,Halifax County,2.764,0.1085,18.63,SMU_IDW,surface+SMU_grad,62,clay_shale,1.5,3.5
37085,NC,Harnett County,3.078,0.1209,18.26,SMU_IDW,surface+SMU_grad,34,alluvial_glacial,0.5,2.2
37087,NC,Haywood County,2.62,0.1029,20.53,SMU_IDW,surface+SMU_grad,20,metamorphic,1.5,4.5
37089,NC,Henderson County,2.513,0.0987,18.27,SMU_IDW,surface+SMU_grad,21,metamorphic,1.5,4.5
37091,NC,Hertford County,2.285,0.0897,19.15,SMU_IDW,surface+SMU_grad,63,clay_shale,1.5,3.5
37093,NC,Hoke County,2.989,0.1174,18.34,SMU_IDW,surface+SMU_grad,34,alluvial_glacial,0.5,2.2
37095,NC,Hyde County,1.673,0.0657,19.9,SMU_IDW,surface+SMU_grad,39,alluvial_glacial,0.5,2.2
37097,NC,Iredell County,3.751,0.1473,18.07,SMU_IDW,surface+SMU_grad,21,metamorphic,1.5,4.5
37099,NC,Jackson County,2.561,0.1006,18.35,SMU_IDW,surface+SMU_grad,17,metamorphic,1.5,4.5
37101,NC,Johnston County,3.164,0.1243,18.11,SMU_IDW,surface+SMU_grad,35,metamorphic,1.5,4.5
37103,NC,Jones County,2.302,0.0904,18.99,SMU_IDW,surface+SMU_grad,39,limestone_carbonate,2.5,4.0
37105,NC,Lee County,3.157,0.124,18.18,SMU_IDW,surface+SMU_grad,30,alluvial_glacial,0.5,2.2
37107,NC,Lenoir County,2.639,0.1036,18.74,SMU_IDW,surface+SMU_grad,45,alluvial_glacial,0.5,2.2
37109,NC,Lincoln County,2.953,0.116,18.11,SMU_IDW,surface+SMU_grad,13,granite_felsic,2.5,4.5
37111,NC,McDowell County,2.165,0.085,18.14,SMU_IDW,surface+SMU_grad,23,metamorphic,1.5,4.5
37113,NC,Macon County,2.538,0.0997,18.4,SMU_IDW,surface+SMU_grad,18,metamorphic,1.5,4.5
37115,NC,Madison County,2.697,0.1059,18.2,SMU_IDW,surface+SMU_grad,20,metamorphic,1.5,4.5
37117,NC,Martin County,2.333,0.0916,19.1,SMU_IDW,surface+SMU_grad,59,clay_shale,1.5,3.5
37119,NC,Mecklenburg County,3.082,0.121,18.12,SMU_IDW,surface+SMU_grad,12,basalt_mafic,1.0,3.0
37121,NC,Mitchell County,2.875,0.1129,18.16,SMU_IDW,surface+SMU_grad,22,metamorphic,1.5,4.5
37123,NC,Montgomery County,3.22,0.1265,18.14,SMU_IDW,surface+SMU_grad,27,granite_felsic,2.5,4.5
37125,NC,Moore County,3.152,0.1238,18.18,SMU_IDW,surface+SMU_grad,27,alluvial_glacial,0.5,2.2
37127,NC,Nash County,3.036,0.1192,18.31,SMU_IDW,surface+SMU_grad,57,alluvial_glacial,0.5,2.2
37129,NC,New Hanover County,1.682,0.0661,19.02,SMU_IDW,surface+SMU_grad,20,limestone_carbonate,2.5,4.0
37131,NC,Northampton County,2.521,0.099,18.91,SMU_IDW,surface+SMU_grad,63,clay_shale,1.5,3.5
37133,NC,Onslow County,2.174,0.0854,19.07,SMU_IDW,surface+SMU_grad,30,limestone_carbonate,2.5,4.0
37135,NC,Orange County,3.454,0.1356,17.89,SMU_IDW,surface+SMU_grad,28,granite_felsic,2.5,4.5
37137,NC,Pamlico County,2.064,0.0811,19.34,SMU_IDW,surface+SMU_grad,44,alluvial_glacial,0.5,2.2
37139,NC,Pasquotank County,1.589,0.0624,19.12,SMU_IDW,surface+SMU_grad,50,alluvial_glacial,0.5,2.2
37141,NC,Pender County,2.234,0.0877,18.9,SMU_IDW,surface+SMU_grad,23,alluvial_glacial,0.5,2.2
37143,NC,Perquimans County,1.733,0.0681,19.42,SMU_IDW,surface+SMU_grad,54,alluvial_glacial,0.5,2.2
37145,NC,Person County,3.81,0.1496,17.51,SMU_IDW,surface+SMU_grad,33,granite_felsic,2.5,4.5
37147,NC,Pitt County,2.556,0.1004,18.81,SMU_IDW,surface+SMU_grad,62,clay_shale,1.5,3.5
37149,NC,Polk County,2.508,0.0985,18.24,SMU_IDW,surface+SMU_grad,19,metamorphic,1.5,4.5
37151,NC,Randolph County,3.321,0.1304,18.04,SMU_IDW,surface+SMU_grad,26,granite_felsic,2.5,4.5
37153,NC,Richmond County,3.108,0.1221,18.22,SMU_IDW,surface+SMU_grad,26,alluvial_glacial,0.5,2.2
37155,NC,Robeson County,2.98,0.117,18.54,SMU_IDW,surface+SMU_grad,33,alluvial_glacial,0.5,2.2
37157,NC,Rockingham County,3.749,0.1472,17.9,SMU_IDW,surface+SMU_grad,27,metamorphic,1.5,4.5
37159,NC,Rowan County,3.497,0.1373,18.08,SMU_IDW,surface+SMU_grad,27,basalt_mafic,1.0,3.0
37161,NC,Rutherford County,2.444,0.096,18.18,SMU_IDW,surface+SMU_grad,19,metamorphic,1.5,4.5
37163,NC,Sampson County,2.873,0.1128,18.54,SMU_IDW,surface+SMU_grad,32,alluvial_glacial,0.5,2.2
37165,NC,Scotland County,2.978,0.117,18.36,SMU_IDW,surface+SMU_grad,33,alluvial_glacial,0.5,2.2
37167,NC,Stanly County,3.198,0.1256,18.14,SMU_IDW,surface+SMU_grad,26,clay_shale,1.5,3.5
37169,NC,Stokes County,3.98,0.1563,17.92,SMU_IDW,surface+SMU_grad,30,sandstone,1.5,5.5
37171,NC,Surry County,4.264,0.1675,17.97,SMU_IDW,surface+SMU_grad,21,metamorphic,1.5,4.5
37173,NC,Swain County,2.57,0.1009,20.44,SMU_IDW,surface+SMU_grad,15,sandstone,1.5,5.5
37175,NC,Transylvania County,2.584,0.1015,18.37,SMU_IDW,surface+SMU_grad,19,metamorphic,1.5,4.5
37177,NC,Tyrrell County,1.749,0.0687,19.91,SMU_IDW,surface+SMU_grad,48,alluvial_glacial,0.5,2.2
37179,NC,Union County,3.088,0.1213,18.03,SMU_IDW,surface+SMU_grad,12,clay_shale,1.5,3.5
37181,NC,Vance County,3.223,0.1266,18.14,SMU_IDW,surface+SMU_grad,36,granite_felsic,2.5,4.5
37183,NC,Wake County,3.094,0.1215,18.13,SMU_IDW,surface+SMU_grad,32,metamorphic,1.5,4.5
37185,NC,Warren County,2.905,0.1141,18.37,SMU_IDW,surface+SMU_grad,48,metamorphic,1.5,4.5
37187,NC,Washington County,1.938,0.0761,19.56,SMU_IDW,surface+SMU_grad,52,alluvial_glacial,0.5,2.2
37189,NC,Watauga County,3.769,0.148,18.11,SMU_IDW,surface+SMU_grad,13,metamorphic,1.5,4.5
37191,NC,Wayne County,2.958,0.1162,18.42,SMU_IDW,surface+SMU_grad,41,alluvial_glacial,0.5,2.2
37193,NC,Wilkes County,4.048,0.159,18.04,SMU_IDW,surface+SMU_grad,17,metamorphic,1.5,4.5
37195,NC,Wilson County,3.016,0.1184,18.3,SMU_IDW,surface+SMU_grad,53,clay_shale,1.5,3.5
37197,NC,Yadkin County,4.026,0.1581,18.01,SMU_IDW,surface+SMU_grad,20,sandstone,1.5,5.5
37199,NC,Yancey County,2.477,0.0973,18.18,SMU_IDW,surface+SMU_grad,19,metamorphic,1.5,4.5
38001,ND,Adams County,1.425,0.056,13.47,SMU_IDW,surface+SMU_grad,13,alluvial_glacial,0.5,2.2
38003,ND,Barnes County,2.0,0.072,13.26,SGMC_CH1995,surface+SMU_grad,1,clay_shale,1.5,3.5
38005,ND,Benson County,1.189,0.0467,13.34,SMU_IDW,surface+SMU_grad,5,clay_shale,1.5,3.5
38007,ND,Billings County,1.409,0.0553,13.1,SMU_IDW,surface+SMU_grad,12,alluvial_glacial,0.5,2.2
38009,ND,Bottineau County,1.181,0.0464,13.55,SMU_IDW,surface+SMU_grad,6,alluvial_glacial,0.5,2.2
38011,ND,Bowman County,1.504,0.0591,13.54,SMU_IDW,surface+SMU_grad,18,alluvial_glacial,0.5,2.2
38013,ND,Burke County,1.143,0.0449,14.46,SMU_IDW,surface+SMU_grad,9,alluvial_glacial,0.5,2.2
38015,ND,Burleigh County,1.668,0.0655,13.3,SMU_IDW,surface+SMU_grad,4,alluvial_glacial,0.5,2.2
38017,ND,Cass County,1.057,0.0415,13.4,SMU_IDW,surface+SMU_grad,3,alluvial_glacial,0.5,2.2
38019,ND,Cavalier County,2.0,0.072,13.51,SGMC_CH1995,surface+SMU_grad,2,clay_shale,1.5,3.5
38021,ND,Dickey County,2.0,0.072,14.96,SGMC_CH1995,surface+SMU_grad,2,clay_shale,1.5,3.5
38023,ND,Divide County,1.238,0.0486,13.57,SMU_IDW,surface+SMU_grad,11,alluvial_glacial,0.5,2.2
38025,ND,Dunn County,1.458,0.0573,13.05,SMU_IDW,surface+SMU_grad,16,alluvial_glacial,0.5,2.2
38027,ND,Eddy County,1.188,0.0467,13.32,SMU_IDW,surface+SMU_grad,4,clay_shale,1.5,3.5
38029,ND,Emmons County,2.0,0.072,14.33,SGMC_CH1995,surface+SMU_grad,2,clay_shale,1.5,3.5
38031,ND,Foster County,2.0,0.072,13.19,SGMC_CH1995,surface+SMU_grad,0,clay_shale,1.5,3.5
38033,ND,Golden Valley County,1.38,0.0542,13.13,SMU_IDW,surface+SMU_grad,12,clay_shale,1.5,3.5
38035,ND,Grand Forks County,2.0,0.072,13.49,SGMC_CH1995,surface+SMU_grad,1,clay_shale,1.5,3.5
38037,ND,Grant County,2.072,0.0814,12.38,SMU_IDW,surface+SMU_grad,11,clay_shale,1.5,3.5
38039,ND,Griggs County,2.0,0.072,13.36,SGMC_CH1995,surface+SMU_grad,0,clay_shale,1.5,3.5
38041,ND,Hettinger County,1.724,0.0677,12.82,SMU_IDW,surface+SMU_grad,13,alluvial_glacial,0.5,2.2
38043,ND,Kidder County,2.0,0.072,13.36,SGMC_CH1995,surface+SMU_grad,1,clay_shale,1.5,3.5
38045,ND,LaMoure County,2.0,0.072,13.08,SGMC_CH1995,surface+SMU_grad,2,clay_shale,1.5,3.5
38047,ND,Logan County,1.5,0.0648,14.11,SGMC_CH1995,surface+SMU_grad,1,alluvial_glacial,0.5,2.2
38049,ND,McHenry County,1.193,0.0469,13.25,SMU_IDW,surface+SMU_grad,6,alluvial_glacial,0.5,2.2
38051,ND,McIntosh County,2.0,0.072,15.17,SGMC_CH1995,surface+SMU_grad,1,clay_shale,1.5,3.5
38053,ND,McKenzie County,1.386,0.0544,13.1,SMU_IDW,surface+SMU_grad,14,alluvial_glacial,0.5,2.2
38055,ND,McLean County,1.331,0.0523,13.14,SMU_IDW,surface+SMU_grad,12,alluvial_glacial,0.5,2.2
38057,ND,Mercer County,1.478,0.058,13.09,SMU_IDW,surface+SMU_grad,18,alluvial_glacial,0.5,2.2
38059,ND,Morton County,1.829,0.0718,12.86,SMU_IDW,surface+SMU_grad,12,clay_shale,1.5,3.5
38061,ND,Mountrail County,1.274,0.05,13.31,SMU_IDW,surface+SMU_grad,13,alluvial_glacial,0.5,2.2
38063,ND,Nelson County,2.0,0.072,13.4,SGMC_CH1995,surface+SMU_grad,0,clay_shale,1.5,3.5
38065,ND,Oliver County,1.578,0.062,13.05,SMU_IDW,surface+SMU_grad,14,alluvial_glacial,0.5,2.2
38067,ND,Pembina County,2.0,0.072,13.45,SGMC_CH1995,surface+SMU_grad,0,clay_shale,1.5,3.5
38069,ND,Pierce County,1.187,0.0466,13.34,SMU_IDW,surface+SMU_grad,6,alluvial_glacial,0.5,2.2
38071,ND,Ramsey County,1.186,0.0466,13.5,SMU_IDW,surface+SMU_grad,4,clay_shale,1.5,3.5
38073,ND,Ransom County,2.0,0.072,13.31,SGMC_CH1995,surface+SMU_grad,2,clay_shale,1.5,3.5
38075,ND,Renville County,1.191,0.0468,13.3,SMU_IDW,surface+SMU_grad,6,alluvial_glacial,0.5,2.2
38077,ND,Richland County,1.154,0.0453,13.32,SMU_IDW,surface+SMU_grad,3,undifferentiated,1.5,4.0
38079,ND,Rolette County,1.181,0.0464,13.52,SMU_IDW,surface+SMU_grad,6,alluvial_glacial,0.5,2.2
38081,ND,Sargent County,2.0,0.072,13.33,SGMC_CH1995,surface+SMU_grad,2,clay_shale,1.5,3.5
38083,ND,Sheridan County,1.319,0.0518,13.21,SMU_IDW,surface+SMU_grad,6,alluvial_glacial,0.5,2.2
38085,ND,Sioux County,1.72,0.0675,13.66,SMU_IDW,surface+SMU_grad,7,alluvial_glacial,0.5,2.2
38087,ND,Slope County,1.455,0.0571,13.15,SMU_IDW,surface+SMU_grad,12,clay_shale,1.5,3.5
38089,ND,Stark County,1.547,0.0608,13.0,SMU_IDW,surface+SMU_grad,13,alluvial_glacial,0.5,2.2
38091,ND,Steele County,2.0,0.072,13.38,SGMC_CH1995,surface+SMU_grad,1,clay_shale,1.5,3.5
38093,ND,Stutsman County,2.0,0.072,13.12,SGMC_CH1995,surface+SMU_grad,0,clay_shale,1.5,3.5
38095,ND,Towner County,1.186,0.0466,13.51,SMU_IDW,surface+SMU_grad,5,clay_shale,1.5,3.5
38097,ND,Traill County,1.5,0.0648,13.48,SGMC_CH1995,surface+SMU_grad,2,alluvial_glacial,0.5,2.2
38099,ND,Walsh County,2.0,0.072,13.44,SGMC_CH1995,surface+SMU_grad,0,clay_shale,1.5,3.5
38101,ND,Ward County,1.209,0.0475,12.92,SMU_IDW,surface+SMU_grad,10,clay_shale,1.5,3.5
38103,ND,Wells County,1.192,0.0468,13.2,SMU_IDW,surface+SMU_grad,5,alluvial_glacial,0.5,2.2
38105,ND,Williams County,1.297,0.0509,13.33,SMU_IDW,surface+SMU_grad,9,clay_shale,1.5,3.5
39001,OH,Adams County,2.0,0.072,15.62,SGMC_CH1995,surface+SMU_grad,0,clay_shale,1.5,3.5
39003,OH,Allen County,4.338,0.1704,14.59,SMU_IDW,surface+SMU_grad,6,limestone_carbonate,2.5,4.0
39005,OH,Ashland County,1.5,0.0648,15.68,SGMC_CH1995,surface+SMU_grad,1,alluvial_glacial,0.5,2.2
39007,OH,Ashtabula County,2.0,0.072,16.2,SGMC_CH1995,surface+SMU_grad,1,clay_shale,1.5,3.5
39009,OH,Athens County,2.196,0.0862,15.62,SMU_IDW,surface+SMU_grad,4,clay_shale,1.5,3.5
39011,OH,Auglaize County,4.279,0.168,14.61,SMU_IDW,surface+SMU_grad,5,limestone_carbonate,2.5,4.0
39013,OH,Belmont County,2.453,0.0963,15.81,SMU_IDW,surface+SMU_grad,5,clay_shale,1.5,3.5
39015,OH,Brown County,2.0,0.072,15.38,SGMC_CH1995,surface+SMU_grad,0,clay_shale,1.5,3.5
39017,OH,Butler County,2.0,0.072,14.88,SGMC_CH1995,surface+SMU_grad,1,clay_shale,1.5,3.5
39019,OH,Carroll County,2.296,0.0902,15.89,SMU_IDW,surface+SMU_grad,5,clay_shale,1.5,3.5
39021,OH,Champaign County,2.5,0.0982,14.89,SGMC_CH1995,surface+SMU_grad,1,limestone_carbonate,2.5,4.0
39023,OH,Clark County,2.5,0.0982,14.94,SGMC_CH1995,surface+SMU_grad,1,limestone_carbonate,2.5,4.0
39025,OH,Clermont County,2.0,0.072,15.25,SGMC_CH1995,surface+SMU_grad,0,clay_shale,1.5,3.5
39027,OH,Clinton County,2.0,0.072,15.23,SGMC_CH1995,surface+SMU_grad,1,clay_shale,1.5,3.5
39029,OH,Columbiana County,2.111,0.0829,16.05,SMU_IDW,surface+SMU_grad,5,clay_shale,1.5,3.5
39031,OH,Coshocton County,2.294,0.0901,15.67,SMU_IDW,surface+SMU_grad,5,clay_shale,1.5,3.5
39033,OH,Crawford County,2.0,0.072,15.3,SGMC_CH1995,surface+SMU_grad,2,clay_shale,1.5,3.5
39035,OH,Cuyahoga County,2.0,0.072,15.75,SGMC_CH1995,surface+SMU_grad,2,clay_shale,1.5,3.5
39037,OH,Darke County,4.068,0.1598,14.76,SMU_IDW,surface+SMU_grad,5,clay_shale,1.5,3.5
39039,OH,Defiance County,4.378,0.1719,14.56,SMU_IDW,surface+SMU_grad,7,clay_shale,1.5,3.5
39041,OH,Delaware County,2.0,0.072,15.47,SGMC_CH1995,surface+SMU_grad,1,clay_shale,1.5,3.5
39043,OH,Erie County,2.0,0.072,15.07,SGMC_CH1995,surface+SMU_grad,2,clay_shale,1.5,3.5
39045,OH,Fairfield County,1.5,0.0648,15.57,SGMC_CH1995,surface+SMU_grad,1,alluvial_glacial,0.5,2.2
39047,OH,Fayette County,2.5,0.0982,15.43,SGMC_CH1995,surface+SMU_grad,1,limestone_carbonate,2.5,4.0
39049,OH,Franklin County,2.5,0.0982,15.64,SGMC_CH1995,surface+SMU_grad,1,limestone_carbonate,2.5,4.0
39051,OH,Fulton County,4.525,0.1777,14.68,SMU_IDW,surface+SMU_grad,3,clay_shale,1.5,3.5
39053,OH,Gallia County,3.051,0.1198,15.44,SMU_IDW,surface+SMU_grad,7,clay_shale,1.5,3.5
39055,OH,Geauga County,1.5,0.0648,16.18,SGMC_CH1995,surface+SMU_grad,1,alluvial_glacial,0.5,2.2
39057,OH,Greene County,2.5,0.0982,15.0,SGMC_CH1995,surface+SMU_grad,1,limestone_carbonate,2.5,4.0
39059,OH,Guernsey County,2.31,0.0907,15.81,SMU_IDW,surface+SMU_grad,5,clay_shale,1.5,3.5
39061,OH,Hamilton County,2.0,0.072,14.89,SGMC_CH1995,surface+SMU_grad,1,clay_shale,1.5,3.5
39063,OH,Hancock County,2.5,0.0982,14.75,SGMC_CH1995,surface+SMU_grad,2,limestone_carbonate,2.5,4.0
39065,OH,Hardin County,2.5,0.0982,14.86,SGMC_CH1995,surface+SMU_grad,2,limestone_carbonate,2.5,4.0
39067,OH,Harrison County,2.406,0.0945,15.81,SMU_IDW,surface+SMU_grad,5,clay_shale,1.5,3.5
39069,OH,Henry County,2.0,0.072,14.64,SGMC_CH1995,surface+SMU_grad,2,clay_shale,1.5,3.5
39071,OH,Highland County,2.5,0.0982,15.54,SGMC_CH1995,surface+SMU_grad,0,limestone_carbonate,2.5,4.0
39073,OH,Hocking County,1.5,0.0648,15.54,SGMC_CH1995,surface+SMU_grad,2,alluvial_glacial,0.5,2.2
39075,OH,Holmes County,2.679,0.1052,15.87,SMU_IDW,surface+SMU_grad,3,alluvial_glacial,0.5,2.2
39077,OH,Huron County,1.5,0.0648,15.43,SGMC_CH1995,surface+SMU_grad,2,alluvial_glacial,0.5,2.2
39079,OH,Jackson County,2.0,0.072,15.43,SGMC_CH1995,surface+SMU_grad,2,clay_shale,1.5,3.5
39081,OH,Jefferson County,2.43,0.0954,15.88,SMU_IDW,surface+SMU_grad,5,clay_shale,1.5,3.5
39083,OH,Knox County,1.5,0.0648,15.75,SGMC_CH1995,surface+SMU_grad,1,alluvial_glacial,0.5,2.2
39085,OH,Lake County,2.0,0.072,16.15,SGMC_CH1995,surface+SMU_grad,1,clay_shale,1.5,3.5
39087,OH,Lawrence County,3.462,0.136,15.38,SMU_IDW,surface+SMU_grad,6,clay_shale,1.5,3.5
39089,OH,Licking County,1.5,0.0648,15.82,SGMC_CH1995,surface+SMU_grad,1,alluvial_glacial,0.5,2.2
39091,OH,Logan County,2.5,0.0982,14.82,SGMC_CH1995,surface+SMU_grad,1,limestone_carbonate,2.5,4.0
39093,OH,Lorain County,2.0,0.072,15.52,SGMC_CH1995,surface+SMU_grad,2,clay_shale,1.5,3.5
39095,OH,Lucas County,2.5,0.0982,14.79,SGMC_CH1995,surface+SMU_grad,2,limestone_carbonate,2.5,4.0
39097,OH,Madison County,2.5,0.0982,15.29,SGMC_CH1995,surface+SMU_grad,1,limestone_carbonate,2.5,4.0
39099,OH,Mahoning County,2.034,0.0799,16.25,SMU_IDW,surface+SMU_grad,4,clay_shale,1.5,3.5
39101,OH,Marion County,2.5,0.0982,15.26,SGMC_CH1995,surface+SMU_grad,1,limestone_carbonate,2.5,4.0
39103,OH,Medina County,1.5,0.0648,15.76,SGMC_CH1995,surface+SMU_grad,1,alluvial_glacial,0.5,2.2
39105,OH,Meigs County,2.422,0.0951,15.55,SMU_IDW,surface+SMU_grad,5,clay_shale,1.5,3.5
39107,OH,Mercer County,4.335,0.1702,14.59,SMU_IDW,surface+SMU_grad,5,limestone_carbonate,2.5,4.0
39109,OH,Miami County,2.0,0.072,14.76,SGMC_CH1995,surface+SMU_grad,1,clay_shale,1.5,3.5
39111,OH,Monroe County,2.606,0.1023,15.9,SMU_IDW,surface+SMU_grad,16,clay_shale,1.5,3.5
39113,OH,Montgomery County,2.5,0.0982,14.82,SGMC_CH1995,surface+SMU_grad,1,limestone_carbonate,2.5,4.0
39115,OH,Morgan County,2.236,0.0878,15.68,SMU_IDW,surface+SMU_grad,4,clay_shale,1.5,3.5
39117,OH,Morrow County,2.0,0.072,15.54,SGMC_CH1995,surface+SMU_grad,1,clay_shale,1.5,3.5
39119,OH,Muskingum County,2.262,0.0888,15.68,SMU_IDW,surface+SMU_grad,5,clay_shale,1.5,3.5
39121,OH,Noble County,2.218,0.0871,15.8,SMU_IDW,surface+SMU_grad,5,clay_shale,1.5,3.5
39123,OH,Ottawa County,2.5,0.0982,14.87,SGMC_CH1995,surface+SMU_grad,2,limestone_carbonate,2.5,4.0
39125,OH,Paulding County,4.549,0.1787,14.44,SMU_IDW,surface+SMU_grad,6,limestone_carbonate,2.5,4.0
39127,OH,Perry County,2.297,0.0902,15.59,SMU_IDW,surface+SMU_grad,4,clay_shale,1.5,3.5
39129,OH,Pickaway County,2.5,0.0982,15.68,SGMC_CH1995,surface+SMU_grad,0,limestone_carbonate,2.5,4.0
39131,OH,Pike County,1.5,0.0648,15.46,SGMC_CH1995,surface+SMU_grad,1,alluvial_glacial,0.5,2.2
39133,OH,Portage County,2.0,0.072,16.19,SGMC_CH1995,surface+SMU_grad,2,clay_shale,1.5,3.5
39135,OH,Preble County,2.0,0.072,14.86,SGMC_CH1995,surface+SMU_grad,1,clay_shale,1.5,3.5
39137,OH,Putnam County,4.374,0.1718,14.57,SMU_IDW,surface+SMU_grad,6,limestone_carbonate,2.5,4.0
39139,OH,Richland County,1.5,0.0648,15.58,SGMC_CH1995,surface+SMU_grad,1,alluvial_glacial,0.5,2.2
39141,OH,Ross County,1.5,0.0648,15.62,SGMC_CH1995,surface+SMU_grad,1,alluvial_glacial,0.5,2.2
39143,OH,Sandusky County,2.5,0.0982,14.86,SGMC_CH1995,surface+SMU_grad,2,limestone_carbonate,2.5,4.0
39145,OH,Scioto County,3.436,0.1349,15.39,SMU_IDW,surface+SMU_grad,6,clay_shale,1.5,3.5
39147,OH,Seneca County,2.5,0.0982,14.98,SGMC_CH1995,surface+SMU_grad,2,limestone_carbonate,2.5,4.0
39149,OH,Shelby County,2.5,0.0982,14.68,SGMC_CH1995,surface+SMU_grad,1,limestone_carbonate,2.5,4.0
39151,OH,Stark County,2.346,0.0921,15.98,SMU_IDW,surface+SMU_grad,4,clay_shale,1.5,3.5
39153,OH,Summit County,2.0,0.072,15.89,SGMC_CH1995,surface+SMU_grad,1,clay_shale,1.5,3.5
39155,OH,Trumbull County,1.5,0.0648,16.26,SGMC_CH1995,surface+SMU_grad,2,alluvial_glacial,0.5,2.2
39157,OH,Tuscarawas County,2.322,0.0912,15.75,SMU_IDW,surface+SMU_grad,5,clay_shale,1.5,3.5
39159,OH,Union County,2.5,0.0982,15.25,SGMC_CH1995,surface+SMU_grad,1,limestone_carbonate,2.5,4.0
39161,OH,Van Wert County,4.56,0.1791,14.42,SMU_IDW,surface+SMU_grad,6,limestone_carbonate,2.5,4.0
39163,OH,Vinton County,2.0,0.072,15.5,SGMC_CH1995,surface+SMU_grad,2,clay_shale,1.5,3.5
39165,OH,Warren County,2.0,0.072,15.05,SGMC_CH1995,surface+SMU_grad,1,clay_shale,1.5,3.5
39167,OH,Washington County,2.656,0.1043,15.79,SMU_IDW,surface+SMU_grad,14,clay_shale,1.5,3.5
39169,OH,Wayne County,1.5,0.0648,15.83,SGMC_CH1995,surface+SMU_grad,2,alluvial_glacial,0.5,2.2
39171,OH,Williams County,4.242,0.1666,14.66,SMU_IDW,surface+SMU_grad,7,clay_shale,1.5,3.5
39173,OH,Wood County,2.5,0.0982,14.78,SGMC_CH1995,surface+SMU_grad,2,limestone_carbonate,2.5,4.0
39175,OH,Wyandot County,2.5,0.0982,14.95,SGMC_CH1995,surface+SMU_grad,2,limestone_carbonate,2.5,4.0
40001,OK,Adair County,2.258,0.0887,18.93,SMU_IDW,surface+SMU_grad,20,clay_shale,1.5,3.5
40003,OK,Alfalfa County,1.84,0.0723,20.07,SMU_IDW,surface+SMU_grad,44,undifferentiated,1.5,4.0
40005,OK,Atoka County,1.748,0.0686,19.21,SMU_IDW,surface+SMU_grad,23,alluvial_glacial,0.5,2.2
40007,OK,Beaver County,2.472,0.0971,19.24,SMU_IDW,surface+SMU_grad,16,undifferentiated,1.5,4.0
40009,OK,Beckham County,2.613,0.1026,18.69,SMU_IDW,surface+SMU_grad,16,undifferentiated,1.5,4.0
40011,OK,Blaine County,2.376,0.0933,19.12,SMU_IDW,surface+SMU_grad,27,undifferentiated,1.5,4.0
40013,OK,Bryan County,1.697,0.0666,19.4,SMU_IDW,surface+SMU_grad,27,alluvial_glacial,0.5,2.2
40015,OK,Caddo County,2.791,0.1096,18.26,SMU_IDW,surface+SMU_grad,23,limestone_carbonate,2.5,4.0
40017,OK,Canadian County,2.421,0.0951,18.71,SMU_IDW,surface+SMU_grad,27,clay_shale,1.5,3.5
40019,OK,Carter County,2.027,0.0796,18.97,SMU_IDW,surface+SMU_grad,22,alluvial_glacial,0.5,2.2
40021,OK,Cherokee County,2.604,0.1023,19.08,SMU_IDW,surface+SMU_grad,19,limestone_carbonate,2.5,4.0
40023,OK,Choctaw County,1.782,0.07,19.23,SMU_IDW,surface+SMU_grad,22,clay_shale,1.5,3.5
40025,OK,Cimarron County,2.467,0.0969,19.61,SMU_IDW,surface+SMU_grad,20,undifferentiated,1.5,4.0
40027,OK,Cleveland County,2.319,0.0911,18.78,SMU_IDW,surface+SMU_grad,27,undifferentiated,1.5,4.0
40029,OK,Coal County,2.067,0.0812,19.2,SMU_IDW,surface+SMU_grad,26,alluvial_glacial,0.5,2.2
40031,OK,Comanche County,2.751,0.108,18.27,SMU_IDW,surface+SMU_grad,17,sandstone,1.5,5.5
40033,OK,Cotton County,2.531,0.0994,18.56,SMU_IDW,surface+SMU_grad,17,alluvial_glacial,0.5,2.2
40035,OK,Craig County,2.768,0.1087,18.74,SMU_IDW,surface+SMU_grad,38,alluvial_glacial,0.5,2.2
40037,OK,Creek County,2.817,0.1106,19.3,SMU_IDW,surface+SMU_grad,31,alluvial_glacial,0.5,2.2
40039,OK,Custer County,2.503,0.0983,18.84,SMU_IDW,surface+SMU_grad,22,undifferentiated,1.5,4.0
40041,OK,Delaware County,2.661,0.1045,18.82,SMU_IDW,surface+SMU_grad,18,limestone_carbonate,2.5,4.0
40043,OK,Dewey County,2.44,0.0958,19.05,SMU_IDW,surface+SMU_grad,22,undifferentiated,1.5,4.0
40045,OK,Ellis County,2.498,0.0981,18.97,SMU_IDW,surface+SMU_grad,26,undifferentiated,1.5,4.0
40047,OK,Garfield County,1.907,0.0749,20.0,SMU_IDW,surface+SMU_grad,40,undifferentiated,1.5,4.0
40049,OK,Garvin County,2.254,0.0885,18.75,SMU_IDW,surface+SMU_grad,16,alluvial_glacial,0.5,2.2
40051,OK,Grady County,1.919,0.0754,18.67,SMU_IDW,surface+SMU_grad,25,undifferentiated,1.5,4.0
40053,OK,Grant County,1.699,0.0667,20.3,SMU_IDW,surface+SMU_grad,43,undifferentiated,1.5,4.0
40055,OK,Greer County,2.611,0.1025,18.69,SMU_IDW,surface+SMU_grad,16,undifferentiated,1.5,4.0
40057,OK,Harmon County,2.606,0.1023,18.71,SMU_IDW,surface+SMU_grad,16,alluvial_glacial,0.5,2.2
40059,OK,Harper County,2.292,0.09,19.25,SMU_IDW,surface+SMU_grad,22,alluvial_glacial,0.5,2.2
40061,OK,Haskell County,2.453,0.0963,18.89,SMU_IDW,surface+SMU_grad,14,alluvial_glacial,0.5,2.2
40063,OK,Hughes County,2.413,0.0948,19.13,SMU_IDW,surface+SMU_grad,19,alluvial_glacial,0.5,2.2
40065,OK,Jackson County,2.611,0.1025,18.61,SMU_IDW,surface+SMU_grad,16,undifferentiated,1.5,4.0
40067,OK,Jefferson County,2.157,0.0847,18.79,SMU_IDW,surface+SMU_grad,22,alluvial_glacial,0.5,2.2
40069,OK,Johnston County,1.862,0.0731,19.23,SMU_IDW,surface+SMU_grad,22,granite_felsic,2.5,4.5
40071,OK,Kay County,2.715,0.1066,20.15,SMU_IDW,surface+SMU_grad,37,alluvial_glacial,0.5,2.2
40073,OK,Kingfisher County,2.3,0.0903,19.32,SMU_IDW,surface+SMU_grad,31,alluvial_glacial,0.5,2.2
40075,OK,Kiowa County,2.657,0.1043,18.56,SMU_IDW,surface+SMU_grad,16,clay_shale,1.5,3.5
40077,OK,Latimer County,2.145,0.0842,18.95,SMU_IDW,surface+SMU_grad,14,alluvial_glacial,0.5,2.2
40079,OK,Le Flore County,2.121,0.0833,18.85,SMU_IDW,surface+SMU_grad,11,alluvial_glacial,0.5,2.2
40081,OK,Lincoln County,2.581,0.1014,19.18,SMU_IDW,surface+SMU_grad,26,undifferentiated,1.5,4.0
40083,OK,Logan County,2.381,0.0935,19.32,SMU_IDW,surface+SMU_grad,26,undifferentiated,1.5,4.0
40085,OK,Love County,1.863,0.0732,19.12,SMU_IDW,surface+SMU_grad,23,clay_shale,1.5,3.5
40087,OK,McClain County,2.214,0.0869,18.67,SMU_IDW,surface+SMU_grad,20,alluvial_glacial,0.5,2.2
40089,OK,McCurtain County,1.906,0.0749,19.1,SMU_IDW,surface+SMU_grad,17,alluvial_glacial,0.5,2.2
40091,OK,McIntosh County,2.791,0.1096,19.18,SMU_IDW,surface+SMU_grad,11,undifferentiated,1.5,4.0
40093,OK,Major County,2.352,0.0924,19.39,SMU_IDW,surface+SMU_grad,27,undifferentiated,1.5,4.0
40095,OK,Marshall County,1.762,0.0692,19.26,SMU_IDW,surface+SMU_grad,29,clay_shale,1.5,3.5
40097,OK,Mayes County,2.843,0.1117,19.23,SMU_IDW,surface+SMU_grad,21,clay_shale,1.5,3.5
40099,OK,Murray County,2.063,0.081,18.94,SMU_IDW,surface+SMU_grad,21,alluvial_glacial,0.5,2.2
40101,OK,Muskogee County,2.711,0.1065,19.16,SMU_IDW,surface+SMU_grad,18,alluvial_glacial,0.5,2.2
40103,OK,Noble County,2.364,0.0928,19.7,SMU_IDW,surface+SMU_grad,39,alluvial_glacial,0.5,2.2
40105,OK,Nowata County,2.69,0.1056,19.11,SMU_IDW,surface+SMU_grad,36,clay_shale,1.5,3.5
40107,OK,Okfuskee County,2.761,0.1084,19.22,SMU_IDW,surface+SMU_grad,19,alluvial_glacial,0.5,2.2
40109,OK,Oklahoma County,2.397,0.0941,18.96,SMU_IDW,surface+SMU_grad,25,alluvial_glacial,0.5,2.2
40111,OK,Okmulgee County,2.815,0.1106,19.27,SMU_IDW,surface+SMU_grad,23,undifferentiated,1.5,4.0
40113,OK,Osage County,2.641,0.1037,19.49,SMU_IDW,surface+SMU_grad,36,alluvial_glacial,0.5,2.2
40115,OK,Ottawa County,2.873,0.1128,18.5,SMU_IDW,surface+SMU_grad,25,undifferentiated,1.5,4.0
40117,OK,Pawnee County,3.558,0.1397,18.51,SMU_IDW,surface+SMU_grad,44,alluvial_glacial,0.5,2.2
40119,OK,Payne County,2.636,0.1035,19.27,SMU_IDW,surface+SMU_grad,38,undifferentiated,1.5,4.0
40121,OK,Pittsburg County,2.238,0.0879,19.13,SMU_IDW,surface+SMU_grad,18,alluvial_glacial,0.5,2.2
40123,OK,Pontotoc County,2.172,0.0853,19.05,SMU_IDW,surface+SMU_grad,26,alluvial_glacial,0.5,2.2
40125,OK,Pottawatomie County,2.379,0.0934,18.96,SMU_IDW,surface+SMU_grad,27,alluvial_glacial,0.5,2.2
40127,OK,Pushmataha County,1.831,0.0719,19.0,SMU_IDW,surface+SMU_grad,17,alluvial_glacial,0.5,2.2
40129,OK,Roger Mills County,2.594,0.1019,18.72,SMU_IDW,surface+SMU_grad,22,clay_shale,1.5,3.5
40131,OK,Rogers County,2.947,0.1157,19.55,SMU_IDW,surface+SMU_grad,28,alluvial_glacial,0.5,2.2
40133,OK,Seminole County,2.507,0.0985,19.07,SMU_IDW,surface+SMU_grad,22,alluvial_glacial,0.5,2.2
40135,OK,Sequoyah County,2.328,0.0914,18.92,SMU_IDW,surface+SMU_grad,16,alluvial_glacial,0.5,2.2
40137,OK,Stephens County,2.325,0.0913,18.61,SMU_IDW,surface+SMU_grad,18,alluvial_glacial,0.5,2.2
40139,OK,Texas County,2.436,0.0957,19.01,SMU_IDW,surface+SMU_grad,10,undifferentiated,1.5,4.0
40141,OK,Tillman County,2.616,0.1027,18.6,SMU_IDW,surface+SMU_grad,15,alluvial_glacial,0.5,2.2
40143,OK,Tulsa County,2.948,0.1158,19.55,SMU_IDW,surface+SMU_grad,26,alluvial_glacial,0.5,2.2
40145,OK,Wagoner County,2.897,0.1138,19.4,SMU_IDW,surface+SMU_grad,21,undifferentiated,1.5,4.0
40147,OK,Washington County,2.64,0.1037,19.34,SMU_IDW,surface+SMU_grad,39,alluvial_glacial,0.5,2.2
40149,OK,Washita County,2.561,0.1006,18.65,SMU_IDW,surface+SMU_grad,22,alluvial_glacial,0.5,2.2
40151,OK,Woods County,2.273,0.0893,19.52,SMU_IDW,surface+SMU_grad,26,clay_shale,1.5,3.5
40153,OK,Woodward County,2.367,0.093,19.2,SMU_IDW,surface+SMU_grad,22,undifferentiated,1.5,4.0
41001,OR,Baker County,1.585,0.0622,16.79,SMU_IDW,surface+SMU_grad,180,alluvial_glacial,0.5,2.2
41003,OR,Benton County,1.427,0.056,14.24,SMU_IDW,surface+SMU_grad,149,basalt_mafic,1.0,3.0
41005,OR,Clackamas County,1.515,0.0595,15.03,SMU_IDW,surface+SMU_grad,225,sandstone,1.5,5.5
41007,OR,Clatsop County,1.539,0.0604,14.62,SMU_IDW,surface+SMU_grad,145,basalt_mafic,1.0,3.0
41009,OR,Columbia County,1.633,0.0641,14.61,SMU_IDW,surface+SMU_grad,159,basalt_mafic,1.0,3.0
41011,OR,Coos County,1.807,0.071,14.58,SMU_IDW,surface+SMU_grad,62,alluvial_glacial,0.5,2.2
41013,OR,Crook County,1.4,0.055,18.15,SMU_IDW,surface+SMU_grad,235,granite_felsic,2.5,4.5
41015,OR,Curry County,2.281,0.0896,13.96,SMU_IDW,surface+SMU_grad,32,metamorphic,1.5,4.5
41017,OR,Deschutes County,1.727,0.0678,17.32,SMU_IDW,surface+SMU_grad,204,basalt_mafic,1.0,3.0
41019,OR,Douglas County,1.681,0.066,16.05,SMU_IDW,surface+SMU_grad,94,alluvial_glacial,0.5,2.2
41021,OR,Gilliam County,1.572,0.0617,15.73,SMU_IDW,surface+SMU_grad,233,basalt_mafic,1.0,3.0
41023,OR,Grant County,1.87,0.0734,15.95,SMU_IDW,surface+SMU_grad,258,basalt_mafic,1.0,3.0
41025,OR,Harney County,1.074,0.0422,20.56,SMU_IDW,surface+SMU_grad,307,granite_felsic,2.5,4.5
41027,OR,Hood River County,1.677,0.0659,14.37,SMU_IDW,surface+SMU_grad,226,basalt_mafic,1.0,3.0
41029,OR,Jackson County,1.873,0.0736,15.78,SMU_IDW,surface+SMU_grad,76,basalt_mafic,1.0,3.0
41031,OR,Jefferson County,1.434,0.0563,13.67,SMU_IDW,surface+SMU_grad,241,basalt_mafic,1.0,3.0
41033,OR,Josephine County,2.422,0.0951,13.52,SMU_IDW,surface+SMU_grad,52,basalt_mafic,1.0,3.0
41035,OR,Klamath County,1.437,0.0564,17.82,SMU_IDW,surface+SMU_grad,154,basalt_mafic,1.0,3.0
41037,OR,Lake County,1.244,0.0489,19.84,SMU_IDW,surface+SMU_grad,236,basalt_mafic,1.0,3.0
41039,OR,Lane County,1.195,0.0469,14.6,SMU_IDW,surface+SMU_grad,146,granite_felsic,2.5,4.5
41041,OR,Lincoln County,1.528,0.06,13.8,SMU_IDW,surface+SMU_grad,127,alluvial_glacial,0.5,2.2
41043,OR,Linn County,1.501,0.0589,15.1,SMU_IDW,surface+SMU_grad,192,basalt_mafic,1.0,3.0
41045,OR,Malheur County,1.377,0.0541,19.3,SMU_IDW,surface+SMU_grad,319,alluvial_glacial,0.5,2.2
41047,OR,Marion County,1.535,0.0603,14.13,SMU_IDW,surface+SMU_grad,205,basalt_mafic,1.0,3.0
41049,OR,Morrow County,1.629,0.064,14.01,SMU_IDW,surface+SMU_grad,164,basalt_mafic,1.0,3.0
41051,OR,Multnomah County,1.606,0.0631,14.74,SMU_IDW,surface+SMU_grad,212,alluvial_glacial,0.5,2.2
41053,OR,Polk County,1.537,0.0604,14.95,SMU_IDW,surface+SMU_grad,175,basalt_mafic,1.0,3.0
41055,OR,Sherman County,1.63,0.064,15.67,SMU_IDW,surface+SMU_grad,236,basalt_mafic,1.0,3.0
41057,OR,Tillamook County,1.581,0.0621,14.87,SMU_IDW,surface+SMU_grad,157,alluvial_glacial,0.5,2.2
41059,OR,Umatilla County,1.622,0.0637,13.26,SMU_IDW,surface+SMU_grad,111,alluvial_glacial,0.5,2.2
41061,OR,Union County,1.615,0.0634,14.7,SMU_IDW,surface+SMU_grad,160,alluvial_glacial,0.5,2.2
41063,OR,Wallowa County,1.842,0.0723,14.56,SMU_IDW,surface+SMU_grad,110,basalt_mafic,1.0,3.0
41065,OR,Wasco County,1.67,0.0656,14.75,SMU_IDW,surface+SMU_grad,257,basalt_mafic,1.0,3.0
41067,OR,Washington County,1.635,0.0642,14.8,SMU_IDW,surface+SMU_grad,176,alluvial_glacial,0.5,2.2
41069,OR,Wheeler County,1.576,0.0619,16.23,SMU_IDW,surface+SMU_grad,248,basalt_mafic,1.0,3.0
41071,OR,Yamhill County,1.583,0.0622,14.98,SMU_IDW,surface+SMU_grad,179,basalt_mafic,1.0,3.0
42001,PA,Adams County,5.032,0.1976,14.73,SMU_IDW,surface+SMU_grad,12,clay_shale,1.5,3.5
42003,PA,Allegheny County,2.436,0.0957,15.55,SMU_IDW,surface+SMU_grad,5,clay_shale,1.5,3.5
42005,PA,Armstrong County,2.098,0.0824,15.65,SMU_IDW,surface+SMU_grad,6,alluvial_glacial,0.5,2.2
42007,PA,Beaver County,2.012,0.079,15.82,SMU_IDW,surface+SMU_grad,5,clay_shale,1.5,3.5
42009,PA,Bedford County,3.517,0.1381,15.12,SMU_IDW,surface+SMU_grad,11,clay_shale,1.5,3.5
42011,PA,Berks County,2.855,0.1121,14.34,SMU_IDW,surface+SMU_grad,19,limestone_carbonate,2.5,4.0
42013,PA,Blair County,3.565,0.14,15.26,SMU_IDW,surface+SMU_grad,7,alluvial_glacial,0.5,2.2
42015,PA,Bradford County,2.485,0.0976,15.77,SMU_IDW,surface+SMU_grad,11,alluvial_glacial,0.5,2.2
42017,PA,Bucks County,3.061,0.1202,15.01,SMU_IDW,surface+SMU_grad,15,sandstone,1.5,5.5
42019,PA,Butler County,1.816,0.0713,15.97,SMU_IDW,surface+SMU_grad,6,clay_shale,1.5,3.5
42021,PA,Cambria County,3.025,0.1188,15.23,SMU_IDW,surface+SMU_grad,7,clay_shale,1.5,3.5
42023,PA,Cameron County,1.813,0.0712,16.74,SMU_IDW,surface+SMU_grad,5,alluvial_glacial,0.5,2.2
42025,PA,Carbon County,3.093,0.1215,14.92,SMU_IDW,surface+SMU_grad,11,alluvial_glacial,0.5,2.2
42027,PA,Centre County,2.961,0.1163,15.37,SMU_IDW,surface+SMU_grad,7,alluvial_glacial,0.5,2.2
42029,PA,Chester County,2.489,0.0977,15.8,SMU_IDW,surface+SMU_grad,29,metamorphic,1.5,4.5
42031,PA,Clarion County,2.012,0.079,16.01,SMU_IDW,surface+SMU_grad,4,alluvial_glacial,0.5,2.2
42033,PA,Clearfield County,2.644,0.1038,15.7,SMU_IDW,surface+SMU_grad,5,clay_shale,1.5,3.5
42035,PA,Clinton County,2.267,0.089,15.82,SMU_IDW,surface+SMU_grad,5,alluvial_glacial,0.5,2.2
42037,PA,Columbia County,3.092,0.1214,15.07,SMU_IDW,surface+SMU_grad,12,clay_shale,1.5,3.5
42039,PA,Crawford County,1.71,0.0672,16.08,SMU_IDW,surface+SMU_grad,3,clay_shale,1.5,3.5
42041,PA,Cumberland County,6.03,0.2368,13.77,SMU_IDW,surface+SMU_grad,10,limestone_carbonate,2.5,4.0
42043,PA,Dauphin County,4.347,0.1707,15.22,SMU_IDW,surface+SMU_grad,11,alluvial_glacial,0.5,2.2
42045,PA,Delaware County,2.216,0.087,16.09,SMU_IDW,surface+SMU_grad,35,metamorphic,1.5,4.5
42047,PA,Elk County,1.917,0.0753,16.69,SMU_IDW,surface+SMU_grad,5,alluvial_glacial,0.5,2.2
42049,PA,Erie County,1.669,0.0655,16.1,SMU_IDW,surface+SMU_grad,3,clay_shale,1.5,3.5
42051,PA,Fayette County,3.609,0.1417,14.99,SMU_IDW,surface+SMU_grad,16,alluvial_glacial,0.5,2.2
42053,PA,Forest County,1.656,0.065,16.51,SMU_IDW,surface+SMU_grad,3,alluvial_glacial,0.5,2.2
42055,PA,Franklin County,4.648,0.1825,15.29,SMU_IDW,surface+SMU_grad,8,sandstone,1.5,5.5
42057,PA,Fulton County,3.934,0.1545,15.53,SMU_IDW,surface+SMU_grad,9,clay_shale,1.5,3.5
42059,PA,Greene County,3.687,0.1448,16.77,SMU_IDW,surface+SMU_grad,16,alluvial_glacial,0.5,2.2
42061,PA,Huntingdon County,3.966,0.1558,15.14,SMU_IDW,surface+SMU_grad,11,alluvial_glacial,0.5,2.2
42063,PA,Indiana County,2.679,0.1052,15.42,SMU_IDW,surface+SMU_grad,7,clay_shale,1.5,3.5
42065,PA,Jefferson County,2.421,0.0951,15.83,SMU_IDW,surface+SMU_grad,5,alluvial_glacial,0.5,2.2
42067,PA,Juniata County,4.544,0.1785,16.17,SMU_IDW,surface+SMU_grad,10,clay_shale,1.5,3.5
42069,PA,Lackawanna County,2.99,0.1174,14.85,SMU_IDW,surface+SMU_grad,10,alluvial_glacial,0.5,2.2
42071,PA,Lancaster County,2.803,0.1101,15.63,SMU_IDW,surface+SMU_grad,27,limestone_carbonate,2.5,4.0
42073,PA,Lawrence County,1.797,0.0706,16.01,SMU_IDW,surface+SMU_grad,5,alluvial_glacial,0.5,2.2
42075,PA,Lebanon County,3.508,0.1378,15.39,SMU_IDW,surface+SMU_grad,15,clay_shale,1.5,3.5
42077,PA,Lehigh County,3.083,0.1211,14.83,SMU_IDW,surface+SMU_grad,12,clay_shale,1.5,3.5
42079,PA,Luzerne County,3.011,0.1183,14.91,SMU_IDW,surface+SMU_grad,11,alluvial_glacial,0.5,2.2
42081,PA,Lycoming County,2.494,0.0979,15.61,SMU_IDW,surface+SMU_grad,6,alluvial_glacial,0.5,2.2
42083,PA,McKean County,1.609,0.0632,16.58,SMU_IDW,surface+SMU_grad,4,alluvial_glacial,0.5,2.2
42085,PA,Mercer County,1.882,0.0739,15.99,SMU_IDW,surface+SMU_grad,3,alluvial_glacial,0.5,2.2
42087,PA,Mifflin County,4.098,0.1609,16.26,SMU_IDW,surface+SMU_grad,9,clay_shale,1.5,3.5
42089,PA,Monroe County,3.023,0.1187,14.7,SMU_IDW,surface+SMU_grad,10,alluvial_glacial,0.5,2.2
42091,PA,Montgomery County,2.872,0.1128,15.32,SMU_IDW,surface+SMU_grad,15,clay_shale,1.5,3.5
42093,PA,Montour County,3.133,0.123,15.18,SMU_IDW,surface+SMU_grad,12,clay_shale,1.5,3.5
42095,PA,Northampton County,3.206,0.1259,14.66,SMU_IDW,surface+SMU_grad,11,limestone_carbonate,2.5,4.0
42097,PA,Northumberland County,3.369,0.1323,15.3,SMU_IDW,surface+SMU_grad,12,clay_shale,1.5,3.5
42099,PA,Perry County,5.157,0.2025,14.82,SMU_IDW,surface+SMU_grad,10,clay_shale,1.5,3.5
42101,PA,Philadelphia County,2.352,0.0924,15.93,SMU_IDW,surface+SMU_grad,24,alluvial_glacial,0.5,2.2
42103,PA,Pike County,2.931,0.1151,14.58,SMU_IDW,surface+SMU_grad,9,alluvial_glacial,0.5,2.2
42105,PA,Potter County,1.601,0.0629,16.72,SMU_IDW,surface+SMU_grad,4,alluvial_glacial,0.5,2.2
42107,PA,Schuylkill County,3.075,0.1208,15.23,SMU_IDW,surface+SMU_grad,14,alluvial_glacial,0.5,2.2
42109,PA,Snyder County,3.943,0.1549,15.25,SMU_IDW,surface+SMU_grad,7,alluvial_glacial,0.5,2.2
42111,PA,Somerset County,3.244,0.1274,15.09,SMU_IDW,surface+SMU_grad,7,alluvial_glacial,0.5,2.2
42113,PA,Sullivan County,2.759,0.1084,15.7,SMU_IDW,surface+SMU_grad,11,alluvial_glacial,0.5,2.2
42115,PA,Susquehanna County,2.666,0.1047,15.07,SMU_IDW,surface+SMU_grad,10,alluvial_glacial,0.5,2.2
42117,PA,Tioga County,1.858,0.073,16.37,SMU_IDW,surface+SMU_grad,5,alluvial_glacial,0.5,2.2
42119,PA,Union County,3.344,0.1313,15.24,SMU_IDW,surface+SMU_grad,7,clay_shale,1.5,3.5
42121,PA,Venango County,1.942,0.0763,16.03,SMU_IDW,surface+SMU_grad,4,alluvial_glacial,0.5,2.2
42123,PA,Warren County,1.634,0.0642,16.32,SMU_IDW,surface+SMU_grad,3,alluvial_glacial,0.5,2.2
42125,PA,Washington County,2.941,0.1155,16.82,SMU_IDW,surface+SMU_grad,5,alluvial_glacial,0.5,2.2
42127,PA,Wayne County,2.927,0.115,14.77,SMU_IDW,surface+SMU_grad,8,alluvial_glacial,0.5,2.2
42129,PA,Westmoreland County,3.008,0.1181,15.27,SMU_IDW,surface+SMU_grad,6,clay_shale,1.5,3.5
42131,PA,Wyoming County,2.863,0.1124,15.05,SMU_IDW,surface+SMU_grad,11,alluvial_glacial,0.5,2.2
42133,PA,York County,3.752,0.1474,15.37,SMU_IDW,surface+SMU_grad,18,sandstone,1.5,5.5
44001,RI,Bristol County,4.561,0.1791,14.42,SMU_IDW,surface+SMU_grad,21,undifferentiated,1.5,4.0
44003,RI,Kent County,4.172,0.1638,14.73,SMU_IDW,surface+SMU_grad,20,granite_felsic,2.5,4.5
44005,RI,Newport County,4.436,0.1742,14.71,SMU_IDW,surface+SMU_grad,17,undifferentiated,1.5,4.0
44007,RI,Providence County,3.864,0.1517,14.68,SMU_IDW,surface+SMU_grad,27,undifferentiated,1.5,4.0
44009,RI,Washington County,4.11,0.1614,15.07,SMU_IDW,surface+SMU_grad,16,granite_felsic,2.5,4.5
45001,SC,Abbeville County,2.972,0.1167,19.35,SMU_IDW,surface+SMU_grad,24,metamorphic,1.5,4.5
45003,SC,Aiken County,3.123,0.1226,22.23,SMU_IDW,surface+SMU_grad,17,alluvial_glacial,0.5,2.2
45005,SC,Allendale County,2.985,0.1172,19.35,SMU_IDW,surface+SMU_grad,12,alluvial_glacial,0.5,2.2
45007,SC,Anderson County,2.702,0.1061,19.43,SMU_IDW,surface+SMU_grad,24,metamorphic,1.5,4.5
45009,SC,Bamberg County,3.089,0.1213,19.48,SMU_IDW,surface+SMU_grad,12,alluvial_glacial,0.5,2.2
45011,SC,Barnwell County,3.053,0.1199,22.51,SMU_IDW,surface+SMU_grad,13,alluvial_glacial,0.5,2.2
45013,SC,Beaufort County,2.297,0.0902,19.77,SMU_IDW,surface+SMU_grad,5,coal_organic,0.1,0.5
45015,SC,Berkeley County,2.578,0.1012,19.78,SMU_IDW,surface+SMU_grad,13,alluvial_glacial,0.5,2.2
45017,SC,Calhoun County,3.137,0.1232,19.3,SMU_IDW,surface+SMU_grad,13,alluvial_glacial,0.5,2.2
45019,SC,Charleston County,2.194,0.0862,23.59,SMU_IDW,surface+SMU_grad,5,alluvial_glacial,0.5,2.2
45021,SC,Cherokee County,2.81,0.1104,19.23,SMU_IDW,surface+SMU_grad,19,granite_felsic,2.5,4.5
45023,SC,Chester County,3.075,0.1208,19.15,SMU_IDW,surface+SMU_grad,18,basalt_mafic,1.0,3.0
45025,SC,Chesterfield County,3.076,0.1208,19.08,SMU_IDW,surface+SMU_grad,13,alluvial_glacial,0.5,2.2
45027,SC,Clarendon County,2.962,0.1163,19.45,SMU_IDW,surface+SMU_grad,14,alluvial_glacial,0.5,2.2
45029,SC,Colleton County,2.264,0.0889,19.96,SMU_IDW,surface+SMU_grad,9,alluvial_glacial,0.5,2.2
45031,SC,Darlington County,2.927,0.115,19.29,SMU_IDW,surface+SMU_grad,18,alluvial_glacial,0.5,2.2
45033,SC,Dillon County,2.888,0.1134,19.53,SMU_IDW,surface+SMU_grad,27,alluvial_glacial,0.5,2.2
45035,SC,Dorchester County,2.195,0.0862,20.03,SMU_IDW,surface+SMU_grad,10,alluvial_glacial,0.5,2.2
45037,SC,Edgefield County,3.49,0.1371,19.26,SMU_IDW,surface+SMU_grad,21,undifferentiated,1.5,4.0
45039,SC,Fairfield County,3.29,0.1292,19.27,SMU_IDW,surface+SMU_grad,15,granite_felsic,2.5,4.5
45041,SC,Florence County,2.829,0.1111,19.45,SMU_IDW,surface+SMU_grad,18,alluvial_glacial,0.5,2.2
45043,SC,Georgetown County,2.621,0.1029,19.68,SMU_IDW,surface+SMU_grad,17,alluvial_glacial,0.5,2.2
45045,SC,Greenville County,2.695,0.1058,19.38,SMU_IDW,surface+SMU_grad,24,metamorphic,1.5,4.5
45047,SC,Greenwood County,3.347,0.1314,19.29,SMU_IDW,surface+SMU_grad,22,metamorphic,1.5,4.5
45049,SC,Hampton County,2.803,0.1101,19.52,SMU_IDW,surface+SMU_grad,11,alluvial_glacial,0.5,2.2
45051,SC,Horry County,2.582,0.1014,19.68,SMU_IDW,surface+SMU_grad,17,alluvial_glacial,0.5,2.2
45053,SC,Jasper County,2.505,0.0984,19.67,SMU_IDW,surface+SMU_grad,7,coal_organic,0.1,0.5
45055,SC,Kershaw County,3.082,0.121,21.4,SMU_IDW,surface+SMU_grad,13,alluvial_glacial,0.5,2.2
45057,SC,Lancaster County,3.091,0.1214,18.98,SMU_IDW,surface+SMU_grad,13,basalt_mafic,1.0,3.0
45059,SC,Laurens County,2.975,0.1168,19.3,SMU_IDW,surface+SMU_grad,21,metamorphic,1.5,4.5
45061,SC,Lee County,3.052,0.1199,19.25,SMU_IDW,surface+SMU_grad,14,alluvial_glacial,0.5,2.2
45063,SC,Lexington County,3.376,0.1326,18.92,SMU_IDW,surface+SMU_grad,15,alluvial_glacial,0.5,2.2
45065,SC,McCormick County,3.524,0.1384,19.27,SMU_IDW,surface+SMU_grad,23,basalt_mafic,1.0,3.0
45067,SC,Marion County,2.766,0.1086,19.55,SMU_IDW,surface+SMU_grad,20,alluvial_glacial,0.5,2.2
45069,SC,Marlboro County,2.949,0.1158,19.38,SMU_IDW,surface+SMU_grad,24,alluvial_glacial,0.5,2.2
45071,SC,Newberry County,3.126,0.1228,19.23,SMU_IDW,surface+SMU_grad,21,granite_felsic,2.5,4.5
45073,SC,Oconee County,2.831,0.1112,21.33,SMU_IDW,surface+SMU_grad,21,metamorphic,1.5,4.5
45075,SC,Orangeburg County,3.086,0.1212,19.44,SMU_IDW,surface+SMU_grad,9,alluvial_glacial,0.5,2.2
45077,SC,Pickens County,2.634,0.1034,19.45,SMU_IDW,surface+SMU_grad,22,metamorphic,1.5,4.5
45079,SC,Richland County,3.036,0.1192,19.14,SMU_IDW,surface+SMU_grad,13,alluvial_glacial,0.5,2.2
45081,SC,Saluda County,3.258,0.128,19.24,SMU_IDW,surface+SMU_grad,21,metamorphic,1.5,4.5
45083,SC,Spartanburg County,2.775,0.109,19.32,SMU_IDW,surface+SMU_grad,22,metamorphic,1.5,4.5
45085,SC,Sumter County,3.049,0.1197,19.32,SMU_IDW,surface+SMU_grad,14,alluvial_glacial,0.5,2.2
45087,SC,Union County,2.986,0.1173,19.25,SMU_IDW,surface+SMU_grad,21,granite_felsic,2.5,4.5
45089,SC,Williamsburg County,2.738,0.1075,19.58,SMU_IDW,surface+SMU_grad,18,alluvial_glacial,0.5,2.2
45091,SC,York County,2.976,0.1169,19.17,SMU_IDW,surface+SMU_grad,18,granite_felsic,2.5,4.5
46003,SD,Aurora County,1.193,0.0469,18.28,SMU_IDW,surface+SMU_grad,13,clay_shale,1.5,3.5
46005,SD,Beadle County,1.192,0.0468,18.27,SMU_IDW,surface+SMU_grad,12,clay_shale,1.5,3.5
46007,SD,Bennett County,1.445,0.0567,16.32,SMU_IDW,surface+SMU_grad,28,alluvial_glacial,0.5,2.2
46009,SD,Bon Homme County,1.355,0.0532,17.78,SMU_IDW,surface+SMU_grad,15,clay_shale,1.5,3.5
46011,SD,Brookings County,1.349,0.053,16.28,SMU_IDW,surface+SMU_grad,3,clay_shale,1.5,3.5
46013,SD,Brown County,2.0,0.072,17.07,SGMC_CH1995,surface+SMU_grad,2,clay_shale,1.5,3.5
46015,SD,Brule County,1.196,0.047,18.73,SMU_IDW,surface+SMU_grad,16,clay_shale,1.5,3.5
46017,SD,Buffalo County,1.197,0.047,18.88,SMU_IDW,surface+SMU_grad,16,clay_shale,1.5,3.5
46019,SD,Butte County,2.834,0.1113,13.89,SMU_IDW,surface+SMU_grad,18,clay_shale,1.5,3.5
46021,SD,Campbell County,1.599,0.0628,17.15,SMU_IDW,surface+SMU_grad,3,clay_shale,1.5,3.5
46023,SD,Charles Mix County,1.191,0.0468,18.58,SMU_IDW,surface+SMU_grad,14,clay_shale,1.5,3.5
46025,SD,Clark County,1.185,0.0465,16.97,SMU_IDW,surface+SMU_grad,6,clay_shale,1.5,3.5
46027,SD,Clay County,1.816,0.0713,15.95,SMU_IDW,surface+SMU_grad,7,clay_shale,1.5,3.5
46029,SD,Codington County,2.0,0.072,15.62,SGMC_CH1995,surface+SMU_grad,2,clay_shale,1.5,3.5
46031,SD,Corson County,1.497,0.0588,16.1,SMU_IDW,surface+SMU_grad,7,alluvial_glacial,0.5,2.2
46033,SD,Custer County,2.409,0.0946,15.07,SMU_IDW,surface+SMU_grad,23,sandstone,1.5,5.5
46035,SD,Davison County,1.193,0.0469,18.24,SMU_IDW,surface+SMU_grad,14,clay_shale,1.5,3.5
46037,SD,Day County,2.0,0.072,15.75,SGMC_CH1995,surface+SMU_grad,2,clay_shale,1.5,3.5
46039,SD,Deuel County,2.0,0.072,15.84,SGMC_CH1995,surface+SMU_grad,2,clay_shale,1.5,3.5
46041,SD,Dewey County,1.313,0.0516,17.21,SMU_IDW,surface+SMU_grad,15,alluvial_glacial,0.5,2.2
46043,SD,Douglas County,1.191,0.0468,18.38,SMU_IDW,surface+SMU_grad,14,clay_shale,1.5,3.5
46045,SD,Edmunds County,1.194,0.0469,18.08,SMU_IDW,surface+SMU_grad,7,clay_shale,1.5,3.5
46047,SD,Fall River County,1.656,0.065,15.77,SMU_IDW,surface+SMU_grad,27,clay_shale,1.5,3.5
46049,SD,Faulk County,1.196,0.047,18.22,SMU_IDW,surface+SMU_grad,10,clay_shale,1.5,3.5
46051,SD,Grant County,2.0,0.072,15.03,SGMC_CH1995,surface+SMU_grad,2,clay_shale,1.5,3.5
46053,SD,Gregory County,1.188,0.0467,18.95,SMU_IDW,surface+SMU_grad,16,alluvial_glacial,0.5,2.2
46055,SD,Haakon County,1.476,0.058,16.86,SMU_IDW,surface+SMU_grad,23,clay_shale,1.5,3.5
46057,SD,Hamlin County,2.0,0.072,16.55,SGMC_CH1995,surface+SMU_grad,2,clay_shale,1.5,3.5
46059,SD,Hand County,1.195,0.0469,18.62,SMU_IDW,surface+SMU_grad,14,clay_shale,1.5,3.5
46061,SD,Hanson County,1.193,0.0469,18.58,SMU_IDW,surface+SMU_grad,14,clay_shale,1.5,3.5
46063,SD,Harding County,1.684,0.0661,15.25,SMU_IDW,surface+SMU_grad,19,clay_shale,1.5,3.5
46065,SD,Hughes County,1.219,0.0479,18.74,SMU_IDW,surface+SMU_grad,18,clay_shale,1.5,3.5
46067,SD,Hutchinson County,1.193,0.0469,18.83,SMU_IDW,surface+SMU_grad,13,alluvial_glacial,0.5,2.2
46069,SD,Hyde County,1.195,0.0469,18.71,SMU_IDW,surface+SMU_grad,16,clay_shale,1.5,3.5
46071,SD,Jackson County,1.389,0.0545,16.82,SMU_IDW,surface+SMU_grad,29,alluvial_glacial,0.5,2.2
46073,SD,Jerauld County,1.193,0.0469,18.47,SMU_IDW,surface+SMU_grad,15,clay_shale,1.5,3.5
46075,SD,Jones County,1.235,0.0485,18.32,SMU_IDW,surface+SMU_grad,20,clay_shale,1.5,3.5
46077,SD,Kingsbury County,1.191,0.0468,17.48,SMU_IDW,surface+SMU_grad,7,clay_shale,1.5,3.5
46079,SD,Lake County,1.347,0.0529,16.75,SMU_IDW,surface+SMU_grad,6,clay_shale,1.5,3.5
46081,SD,Lawrence County,3.699,0.1453,13.12,SMU_IDW,surface+SMU_grad,19,metamorphic,1.5,4.5
46083,SD,Lincoln County,1.926,0.0756,15.57,SMU_IDW,surface+SMU_grad,7,clay_shale,1.5,3.5
46085,SD,Lyman County,1.202,0.0472,19.81,SMU_IDW,surface+SMU_grad,19,clay_shale,1.5,3.5
46087,SD,McCook County,1.295,0.0509,17.12,SMU_IDW,surface+SMU_grad,9,clay_shale,1.5,3.5
46089,SD,McPherson County,2.0,0.072,17.53,SGMC_CH1995,surface+SMU_grad,2,clay_shale,1.5,3.5
46091,SD,Marshall County,2.0,0.072,15.61,SGMC_CH1995,surface+SMU_grad,2,clay_shale,1.5,3.5
46093,SD,Meade County,2.404,0.0944,14.7,SMU_IDW,surface+SMU_grad,19,alluvial_glacial,0.5,2.2
46095,SD,Mellette County,1.248,0.049,18.33,SMU_IDW,surface+SMU_grad,22,clay_shale,1.5,3.5
46097,SD,Miner County,1.196,0.047,17.78,SMU_IDW,surface+SMU_grad,11,clay_shale,1.5,3.5
46099,SD,Minnehaha County,1.489,0.0585,16.2,SMU_IDW,surface+SMU_grad,5,clay_shale,1.5,3.5
46101,SD,Moody County,1.549,0.0608,16.13,SMU_IDW,surface+SMU_grad,3,clay_shale,1.5,3.5
46102,SD,Oglala Lakota County,1.815,0.0713,16.46,SMU_IDW,surface+SMU_grad,25,alluvial_glacial,0.5,2.2
46103,SD,Pennington County,2.355,0.0925,15.03,SMU_IDW,surface+SMU_grad,20,clay_shale,1.5,3.5
46105,SD,Perkins County,1.689,0.0663,15.7,SMU_IDW,surface+SMU_grad,18,alluvial_glacial,0.5,2.2
46107,SD,Potter County,1.198,0.047,18.2,SMU_IDW,surface+SMU_grad,11,clay_shale,1.5,3.5
46109,SD,Roberts County,2.0,0.072,15.25,SGMC_CH1995,surface+SMU_grad,2,clay_shale,1.5,3.5
46111,SD,Sanborn County,1.193,0.0469,18.23,SMU_IDW,surface+SMU_grad,13,clay_shale,1.5,3.5
46115,SD,Spink County,1.193,0.0469,17.98,SMU_IDW,surface+SMU_grad,9,clay_shale,1.5,3.5
46117,SD,Stanley County,1.216,0.0478,17.77,SMU_IDW,surface+SMU_grad,17,clay_shale,1.5,3.5
46119,SD,Sully County,1.241,0.0487,18.02,SMU_IDW,surface+SMU_grad,15,clay_shale,1.5,3.5
46121,SD,Todd County,1.224,0.0481,18.3,SMU_IDW,surface+SMU_grad,25,alluvial_glacial,0.5,2.2
46123,SD,Tripp County,1.201,0.0472,19.62,SMU_IDW,surface+SMU_grad,19,undifferentiated,1.5,4.0
46125,SD,Turner County,1.715,0.0674,16.63,SMU_IDW,surface+SMU_grad,6,clay_shale,1.5,3.5
46127,SD,Union County,1.988,0.0781,15.35,SMU_IDW,surface+SMU_grad,6,clay_shale,1.5,3.5
46129,SD,Walworth County,1.308,0.0514,17.79,SMU_IDW,surface+SMU_grad,9,clay_shale,1.5,3.5
46135,SD,Yankton County,1.594,0.0626,16.81,SMU_IDW,surface+SMU_grad,10,clay_shale,1.5,3.5
46137,SD,Ziebach County,1.294,0.0508,18.14,SMU_IDW,surface+SMU_grad,19,clay_shale,1.5,3.5
47001,TN,Anderson County,2.674,0.105,17.56,SMU_IDW,surface+SMU_grad,15,clay_shale,1.5,3.5
47003,TN,Bedford County,2.076,0.0815,17.55,SMU_IDW,surface+SMU_grad,4,limestone_carbonate,2.5,4.0
47005,TN,Benton County,2.532,0.0994,17.98,SMU_IDW,surface+SMU_grad,9,undifferentiated,1.5,4.0
47007,TN,Bledsoe County,2.536,0.0996,17.76,SMU_IDW,surface+SMU_grad,10,limestone_carbonate,2.5,4.0
47009,TN,Blount County,2.685,0.1054,20.14,SMU_IDW,surface+SMU_grad,15,clay_shale,1.5,3.5
47011,TN,Bradley County,2.629,0.1032,17.72,SMU_IDW,surface+SMU_grad,16,limestone_carbonate,2.5,4.0
47013,TN,Campbell County,2.772,0.1089,17.69,SMU_IDW,surface+SMU_grad,9,clay_shale,1.5,3.5
47015,TN,Cannon County,2.233,0.0877,17.76,SMU_IDW,surface+SMU_grad,3,limestone_carbonate,2.5,4.0
47017,TN,Carroll County,2.564,0.1007,18.02,SMU_IDW,surface+SMU_grad,11,alluvial_glacial,0.5,2.2
47019,TN,Carter County,3.455,0.1357,17.97,SMU_IDW,surface+SMU_grad,19,sandstone,1.5,5.5
47021,TN,Cheatham County,2.5,0.0982,17.85,SGMC_CH1995,surface+SMU_grad,1,limestone_carbonate,2.5,4.0
47023,TN,Chester County,2.453,0.0963,18.02,SMU_IDW,surface+SMU_grad,12,alluvial_glacial,0.5,2.2
47025,TN,Claiborne County,3.064,0.1203,17.75,SMU_IDW,surface+SMU_grad,16,limestone_carbonate,2.5,4.0
47027,TN,Clay County,2.0,0.072,17.8,SGMC_CH1995,surface+SMU_grad,2,clay_shale,1.5,3.5
47029,TN,Cocke County,2.813,0.1105,20.06,SMU_IDW,surface+SMU_grad,19,alluvial_glacial,0.5,2.2
47031,TN,Coffee County,2.169,0.0852,17.71,SMU_IDW,surface+SMU_grad,4,undifferentiated,1.5,4.0
47033,TN,Crockett County,2.59,0.1017,18.13,SMU_IDW,surface+SMU_grad,14,undifferentiated,1.5,4.0
47035,TN,Cumberland County,2.643,0.1038,17.74,SMU_IDW,surface+SMU_grad,6,alluvial_glacial,0.5,2.2
47037,TN,Davidson County,2.5,0.0982,17.69,SGMC_CH1995,surface+SMU_grad,1,limestone_carbonate,2.5,4.0
47039,TN,Decatur County,2.434,0.0956,17.98,SMU_IDW,surface+SMU_grad,12,limestone_carbonate,2.5,4.0
47041,TN,DeKalb County,2.5,0.0982,17.79,SMU_IDW,surface+SMU_grad,4,undifferentiated,1.5,4.0
47043,TN,Dickson County,2.021,0.0794,17.87,SMU_IDW,surface+SMU_grad,3,limestone_carbonate,2.5,4.0
47045,TN,Dyer County,2.644,0.1038,18.12,SMU_IDW,surface+SMU_grad,15,undifferentiated,1.5,4.0
47047,TN,Fayette County,2.626,0.1031,18.28,SMU_IDW,surface+SMU_grad,15,undifferentiated,1.5,4.0
47049,TN,Fentress County,2.74,0.1076,19.54,SMU_IDW,surface+SMU_grad,4,alluvial_glacial,0.5,2.2
47051,TN,Franklin County,1.998,0.0785,17.61,SMU_IDW,surface+SMU_grad,4,limestone_carbonate,2.5,4.0
47053,TN,Gibson County,2.594,0.1019,18.06,SMU_IDW,surface+SMU_grad,12,undifferentiated,1.5,4.0
47055,TN,Giles County,1.904,0.0748,17.65,SMU_IDW,surface+SMU_grad,3,clay_shale,1.5,3.5
47057,TN,Grainger County,3.116,0.1224,17.56,SMU_IDW,surface+SMU_grad,19,clay_shale,1.5,3.5
47059,TN,Greene County,2.937,0.1153,17.96,SMU_IDW,surface+SMU_grad,20,limestone_carbonate,2.5,4.0
47061,TN,Grundy County,2.309,0.0907,17.74,SMU_IDW,surface+SMU_grad,4,sandstone,1.5,5.5
47063,TN,Hamblen County,3.015,0.1184,17.74,SMU_IDW,surface+SMU_grad,19,limestone_carbonate,2.5,4.0
47065,TN,Hamilton County,2.569,0.1009,17.79,SMU_IDW,surface+SMU_grad,16,limestone_carbonate,2.5,4.0
47067,TN,Hancock County,3.136,0.1232,19.52,SMU_IDW,surface+SMU_grad,17,clay_shale,1.5,3.5
47069,TN,Hardeman County,2.486,0.0976,18.1,SMU_IDW,surface+SMU_grad,15,alluvial_glacial,0.5,2.2
47071,TN,Hardin County,2.33,0.0915,17.97,SMU_IDW,surface+SMU_grad,13,limestone_carbonate,2.5,4.0
47073,TN,Hawkins County,3.117,0.1224,19.65,SMU_IDW,surface+SMU_grad,19,limestone_carbonate,2.5,4.0
47075,TN,Haywood County,2.628,0.1032,18.27,SMU_IDW,surface+SMU_grad,15,undifferentiated,1.5,4.0
47077,TN,Henderson County,2.459,0.0966,18.01,SMU_IDW,surface+SMU_grad,13,alluvial_glacial,0.5,2.2
47079,TN,Henry County,2.57,0.1009,17.98,SMU_IDW,surface+SMU_grad,9,clay_shale,1.5,3.5
47081,TN,Hickman County,2.151,0.0845,17.89,SMU_IDW,surface+SMU_grad,4,undifferentiated,1.5,4.0
47083,TN,Houston County,2.341,0.0919,17.95,SMU_IDW,surface+SMU_grad,3,limestone_carbonate,2.5,4.0
47085,TN,Humphreys County,2.302,0.0904,17.95,SMU_IDW,surface+SMU_grad,5,undifferentiated,1.5,4.0
47087,TN,Jackson County,2.601,0.1021,17.79,SMU_IDW,surface+SMU_grad,4,limestone_carbonate,2.5,4.0
47089,TN,Jefferson County,3.12,0.1225,17.52,SMU_IDW,surface+SMU_grad,20,limestone_carbonate,2.5,4.0
47091,TN,Johnson County,3.876,0.1522,17.97,SMU_IDW,surface+SMU_grad,13,limestone_carbonate,2.5,4.0
47093,TN,Knox County,2.89,0.1135,17.57,SMU_IDW,surface+SMU_grad,15,clay_shale,1.5,3.5
47095,TN,Lake County,2.649,0.104,18.06,SMU_IDW,surface+SMU_grad,15,undifferentiated,1.5,4.0
47097,TN,Lauderdale County,2.666,0.1047,18.18,SMU_IDW,surface+SMU_grad,15,undifferentiated,1.5,4.0
47099,TN,Lawrence County,2.087,0.082,17.8,SMU_IDW,surface+SMU_grad,4,undifferentiated,1.5,4.0
47101,TN,Lewis County,2.136,0.0839,17.85,SMU_IDW,surface+SMU_grad,4,undifferentiated,1.5,4.0
47103,TN,Lincoln County,1.81,0.0711,17.44,SMU_IDW,surface+SMU_grad,3,limestone_carbonate,2.5,4.0
47105,TN,Loudon County,2.602,0.1022,17.58,SMU_IDW,surface+SMU_grad,15,clay_shale,1.5,3.5
47107,TN,McMinn County,2.629,0.1032,17.74,SMU_IDW,surface+SMU_grad,15,limestone_carbonate,2.5,4.0
47109,TN,McNairy County,2.312,0.0908,17.96,SMU_IDW,surface+SMU_grad,13,alluvial_glacial,0.5,2.2
47111,TN,Macon County,2.5,0.0982,17.53,SGMC_CH1995,surface+SMU_grad,1,undifferentiated,1.5,4.0
47113,TN,Madison County,2.535,0.0996,18.08,SMU_IDW,surface+SMU_grad,13,undifferentiated,1.5,4.0
47115,TN,Marion County,2.319,0.0911,17.75,SMU_IDW,surface+SMU_grad,5,alluvial_glacial,0.5,2.2
47117,TN,Marshall County,1.893,0.0743,17.64,SMU_IDW,surface+SMU_grad,3,limestone_carbonate,2.5,4.0
47119,TN,Maury County,1.965,0.0772,17.75,SMU_IDW,surface+SMU_grad,3,limestone_carbonate,2.5,4.0
47121,TN,Meigs County,2.613,0.1026,17.74,SMU_IDW,surface+SMU_grad,15,limestone_carbonate,2.5,4.0
47123,TN,Monroe County,2.63,0.1033,17.8,SMU_IDW,surface+SMU_grad,15,clay_shale,1.5,3.5
47125,TN,Montgomery County,2.5,0.0982,17.87,SGMC_CH1995,surface+SMU_grad,0,limestone_carbonate,2.5,4.0
47127,TN,Moore County,1.972,0.0774,17.63,SMU_IDW,surface+SMU_grad,4,undifferentiated,1.5,4.0
47129,TN,Morgan County,2.631,0.1033,19.61,SMU_IDW,surface+SMU_grad,10,alluvial_glacial,0.5,2.2
47131,TN,Obion County,2.628,0.1032,18.04,SMU_IDW,surface+SMU_grad,14,undifferentiated,1.5,4.0
47133,TN,Overton County,2.746,0.1078,17.82,SMU_IDW,surface+SMU_grad,4,limestone_carbonate,2.5,4.0
47135,TN,Perry County,2.37,0.0931,17.98,SMU_IDW,surface+SMU_grad,9,undifferentiated,1.5,4.0
47137,TN,Pickett County,2.765,0.1086,19.42,SMU_IDW,surface+SMU_grad,4,limestone_carbonate,2.5,4.0
47139,TN,Polk County,2.702,0.1061,17.48,SMU_IDW,surface+SMU_grad,16,clay_shale,1.5,3.5
47141,TN,Putnam County,2.61,0.1025,19.73,SMU_IDW,surface+SMU_grad,4,limestone_carbonate,2.5,4.0
47143,TN,Rhea County,2.603,0.1022,17.75,SMU_IDW,surface+SMU_grad,15,sandstone,1.5,5.5
47145,TN,Roane County,2.597,0.102,17.55,SMU_IDW,surface+SMU_grad,14,limestone_carbonate,2.5,4.0
47147,TN,Robertson County,2.5,0.0982,17.73,SGMC_CH1995,surface+SMU_grad,0,limestone_carbonate,2.5,4.0
47149,TN,Rutherford County,2.5,0.0982,17.6,SGMC_CH1995,surface+SMU_grad,2,limestone_carbonate,2.5,4.0
47151,TN,Scott County,2.771,0.1088,19.44,SMU_IDW,surface+SMU_grad,4,clay_shale,1.5,3.5
47153,TN,Sequatchie County,2.533,0.0995,17.78,SMU_IDW,surface+SMU_grad,6,alluvial_glacial,0.5,2.2
47155,TN,Sevier County,2.786,0.1094,20.06,SMU_IDW,surface+SMU_grad,15,clay_shale,1.5,3.5
47157,TN,Shelby County,2.575,0.1011,17.64,SMU_IDW,surface+SMU_grad,16,undifferentiated,1.5,4.0
47159,TN,Smith County,2.356,0.0925,17.75,SMU_IDW,surface+SMU_grad,3,limestone_carbonate,2.5,4.0
47161,TN,Stewart County,2.456,0.0965,17.95,SMU_IDW,surface+SMU_grad,4,limestone_carbonate,2.5,4.0
47163,TN,Sullivan County,3.722,0.1462,18.03,SMU_IDW,surface+SMU_grad,14,limestone_carbonate,2.5,4.0
47165,TN,Sumner County,2.5,0.0982,17.54,SGMC_CH1995,surface+SMU_grad,1,undifferentiated,1.5,4.0
47167,TN,Tipton County,2.658,0.1044,18.2,SMU_IDW,surface+SMU_grad,15,undifferentiated,1.5,4.0
47169,TN,Trousdale County,2.5,0.0982,17.52,SGMC_CH1995,surface+SMU_grad,2,limestone_carbonate,2.5,4.0
47171,TN,Unicoi County,2.833,0.1113,18.01,SMU_IDW,surface+SMU_grad,19,alluvial_glacial,0.5,2.2
47173,TN,Union County,3.046,0.1196,17.56,SMU_IDW,surface+SMU_grad,18,limestone_carbonate,2.5,4.0
47175,TN,Van Buren County,2.562,0.1006,20.12,SMU_IDW,surface+SMU_grad,6,sandstone,1.5,5.5
47177,TN,Warren County,2.458,0.0965,17.76,SMU_IDW,surface+SMU_grad,5,limestone_carbonate,2.5,4.0
47179,TN,Washington County,3.276,0.1287,18.01,SMU_IDW,surface+SMU_grad,22,limestone_carbonate,2.5,4.0
47181,TN,Wayne County,2.284,0.0897,17.93,SMU_IDW,surface+SMU_grad,8,undifferentiated,1.5,4.0
47183,TN,Weakley County,2.597,0.102,18.01,SMU_IDW,surface+SMU_grad,12,undifferentiated,1.5,4.0
47185,TN,White County,2.59,0.1017,19.93,SMU_IDW,surface+SMU_grad,6,limestone_carbonate,2.5,4.0
47187,TN,Williamson County,1.963,0.0771,17.75,SMU_IDW,surface+SMU_grad,3,undifferentiated,1.5,4.0
47189,TN,Wilson County,2.5,0.0982,17.52,SGMC_CH1995,surface+SMU_grad,2,limestone_carbonate,2.5,4.0
48001,TX,Anderson County,1.988,0.0781,22.57,SMU_IDW,surface+SMU_grad,42,alluvial_glacial,0.5,2.2
48003,TX,Andrews County,5.368,0.2108,20.69,SMU_IDW,surface+SMU_grad,12,alluvial_glacial,0.5,2.2
48005,TX,Angelina County,2.0,0.0785,22.16,SMU_IDW,surface+SMU_grad,31,alluvial_glacial,0.5,2.2
48007,TX,Aransas County,2.5,0.0982,28.17,SGMC_CH1995,surface+SMU_grad,2,undifferentiated,1.5,4.0
48009,TX,Archer County,2.195,0.0862,21.37,SMU_IDW,surface+SMU_grad,16,clay_shale,1.5,3.5
48011,TX,Armstrong County,2.613,0.1026,21.3,SMU_IDW,surface+SMU_grad,6,clay_shale,1.5,3.5
48013,TX,Atascosa County,2.016,0.0792,21.43,SMU_IDW,surface+SMU_grad,3,alluvial_glacial,0.5,2.2
48015,TX,Austin County,1.982,0.0778,26.2,SMU_IDW,surface+default_grad,5,undifferentiated,1.5,4.0
48017,TX,Bailey County,3.25,0.1276,21.66,SMU_IDW,surface+SMU_grad,4,alluvial_glacial,0.5,2.2
48019,TX,Bandera County,2.5,0.0982,21.09,SGMC_CH1995,surface+SMU_grad,1,limestone_carbonate,2.5,4.0
48021,TX,Bastrop County,1.99,0.0782,21.78,SMU_IDW,surface+SMU_grad,8,alluvial_glacial,0.5,2.2
48023,TX,Baylor County,2.542,0.0998,21.3,SMU_IDW,surface+SMU_grad,9,clay_shale,1.5,3.5
48025,TX,Bee County,1.5,0.0648,21.8,SGMC_CH1995,surface+SMU_grad,2,alluvial_glacial,0.5,2.2
48027,TX,Bell County,1.977,0.0776,22.54,SMU_IDW,surface+SMU_grad,21,clay_shale,1.5,3.5
48029,TX,Bexar County,2.0,0.072,21.42,SGMC_CH1995,surface+SMU_grad,1,clay_shale,1.5,3.5
48031,TX,Blanco County,2.0,0.072,25.91,SGMC_CH1995,surface+SMU_grad,1,clay_shale,1.5,3.5
48033,TX,Borden County,5.44,0.2136,20.36,SMU_IDW,surface+SMU_grad,3,undifferentiated,1.5,4.0
48035,TX,Bosque County,1.916,0.0752,22.71,SMU_IDW,surface+SMU_grad,33,clay_shale,1.5,3.5
48037,TX,Bowie County,1.99,0.0782,21.89,SMU_IDW,surface+SMU_grad,19,alluvial_glacial,0.5,2.2
48039,TX,Brazoria County,1.5,0.0648,21.47,SGMC_CH1995,surface+default_grad,2,alluvial_glacial,0.5,2.2
48041,TX,Brazos County,1.99,0.0782,22.41,SMU_IDW,surface+SMU_grad,24,alluvial_glacial,0.5,2.2
48043,TX,Brewster County,2.617,0.1028,25.28,SMU_IDW,surface+SMU_grad,7,undifferentiated,1.5,4.0
48045,TX,Briscoe County,2.613,0.1026,21.26,SMU_IDW,surface+SMU_grad,6,alluvial_glacial,0.5,2.2
48047,TX,Brooks County,1.5,0.0648,21.67,SGMC_CH1995,surface+SMU_grad,0,alluvial_glacial,0.5,2.2
48049,TX,Brown County,2.0,0.072,25.02,SGMC_CH1995,surface+SMU_grad,0,clay_shale,1.5,3.5
48051,TX,Burleson County,1.998,0.0785,22.35,SMU_IDW,surface+SMU_grad,25,alluvial_glacial,0.5,2.2
48053,TX,Burnet County,2.0,0.0785,26.19,SMU_IDW,surface+SMU_grad,8,clay_shale,1.5,3.5
48055,TX,Caldwell County,2.5,0.0982,21.75,SGMC_CH1995,surface+SMU_grad,2,undifferentiated,1.5,4.0
48057,TX,Calhoun County,1.5,0.0648,21.47,SGMC_CH1995,surface+default_grad,2,alluvial_glacial,0.5,2.2
48059,TX,Callahan County,2.0,0.072,21.56,SGMC_CH1995,surface+SMU_grad,0,clay_shale,1.5,3.5
48061,TX,Cameron County,2.0,0.072,21.47,SGMC_CH1995,surface+default_grad,0,clay_shale,1.5,3.5
48063,TX,Camp County,1.967,0.0772,24.25,SMU_IDW,surface+SMU_grad,44,alluvial_glacial,0.5,2.2
48065,TX,Carson County,2.512,0.0987,21.39,SMU_IDW,surface+SMU_grad,15,alluvial_glacial,0.5,2.2
48067,TX,Cass County,2.026,0.0796,23.9,SMU_IDW,surface+SMU_grad,21,alluvial_glacial,0.5,2.2
48069,TX,Castro County,2.547,0.1,21.9,SMU_IDW,surface+SMU_grad,3,alluvial_glacial,0.5,2.2
48071,TX,Chambers County,2.0,0.072,21.47,SGMC_CH1995,surface+default_grad,0,clay_shale,1.5,3.5
48073,TX,Cherokee County,1.987,0.078,22.4,SMU_IDW,surface+SMU_grad,41,alluvial_glacial,0.5,2.2
48075,TX,Childress County,2.731,0.1073,21.17,SMU_IDW,surface+SMU_grad,10,undifferentiated,1.5,4.0
48077,TX,Clay County,2.12,0.0833,21.38,SMU_IDW,surface+SMU_grad,19,clay_shale,1.5,3.5
48079,TX,Cochran County,5.279,0.2073,20.96,SMU_IDW,surface+SMU_grad,8,alluvial_glacial,0.5,2.2
48081,TX,Coke County,5.44,0.2136,20.17,SMU_IDW,surface+SMU_grad,3,alluvial_glacial,0.5,2.2
48083,TX,Coleman County,2.0,0.072,21.51,SGMC_CH1995,surface+SMU_grad,0,clay_shale,1.5,3.5
48085,TX,Collin County,1.737,0.0682,22.63,SMU_IDW,surface+SMU_grad,45,undifferentiated,1.5,4.0
48087,TX,Collingsworth County,2.671,0.1049,21.28,SMU_IDW,surface+SMU_grad,10,alluvial_glacial,0.5,2.2
48089,TX,Colorado County,1.5,0.0648,21.47,SGMC_CH1995,surface+default_grad,2,alluvial_glacial,0.5,2.2
48091,TX,Comal County,2.005,0.0787,26.34,SMU_IDW,surface+SMU_grad,3,clay_shale,1.5,3.5
48093,TX,Comanche County,1.826,0.0717,22.47,SMU_IDW,surface+SMU_grad,15,alluvial_glacial,0.5,2.2
48095,TX,Concho County,2.0,0.072,20.01,SGMC_CH1995,surface+SMU_grad,2,clay_shale,1.5,3.5
48097,TX,Cooke County,1.801,0.0707,22.15,SMU_IDW,surface+SMU_grad,39,limestone_carbonate,2.5,4.0
48099,TX,Coryell County,1.933,0.0759,22.71,SMU_IDW,surface+SMU_grad,26,clay_shale,1.5,3.5
48101,TX,Cottle County,2.648,0.104,21.07,SMU_IDW,surface+SMU_grad,7,alluvial_glacial,0.5,2.2
48103,TX,Crane County,5.438,0.2136,23.43,SMU_IDW,surface+SMU_grad,8,alluvial_glacial,0.5,2.2
48105,TX,Crockett County,5.44,0.2136,19.99,SMU_IDW,surface+SMU_grad,4,limestone_carbonate,2.5,4.0
48107,TX,Crosby County,1.5,0.0648,21.03,SGMC_CH1995,surface+SMU_grad,0,alluvial_glacial,0.5,2.2
48109,TX,Culberson County,3.62,0.1422,24.57,SMU_IDW,surface+SMU_grad,30,alluvial_glacial,0.5,2.2
48111,TX,Dallam County,2.442,0.0959,22.21,SMU_IDW,surface+SMU_grad,28,alluvial_glacial,0.5,2.2
48113,TX,Dallas County,1.694,0.0665,22.7,SMU_IDW,surface+SMU_grad,45,clay_shale,1.5,3.5
48115,TX,Dawson County,5.481,0.2153,20.48,SMU_IDW,surface+SMU_grad,6,alluvial_glacial,0.5,2.2
48117,TX,Deaf Smith County,2.642,0.1038,22.11,SMU_IDW,surface+SMU_grad,6,alluvial_glacial,0.5,2.2
48119,TX,Delta County,1.855,0.0729,23.89,SMU_IDW,surface+SMU_grad,42,clay_shale,1.5,3.5
48121,TX,Denton County,1.718,0.0675,22.61,SMU_IDW,surface+SMU_grad,41,alluvial_glacial,0.5,2.2
48123,TX,DeWitt County,1.5,0.0648,21.87,SGMC_CH1995,surface+SMU_grad,2,alluvial_glacial,0.5,2.2
48125,TX,Dickens County,2.0,0.072,20.71,SGMC_CH1995,surface+SMU_grad,0,clay_shale,1.5,3.5
48127,TX,Dimmit County,2.0,0.072,27.49,SGMC_CH1995,surface+default_grad,1,clay_shale,1.5,3.5
48129,TX,Donley County,2.613,0.1026,21.25,SMU_IDW,surface+SMU_grad,6,alluvial_glacial,0.5,2.2
48131,TX,Duval County,1.5,0.0648,21.59,SGMC_CH1995,surface+SMU_grad,1,alluvial_glacial,0.5,2.2
48133,TX,Eastland County,1.638,0.0643,22.11,SMU_IDW,surface+SMU_grad,5,alluvial_glacial,0.5,2.2
48135,TX,Ector County,5.407,0.2123,23.19,SMU_IDW,surface+SMU_grad,12,alluvial_glacial,0.5,2.2
48137,TX,Edwards County,2.5,0.0982,25.13,SGMC_CH1995,surface+SMU_grad,2,limestone_carbonate,2.5,4.0
48139,TX,Ellis County,1.787,0.0702,22.71,SMU_IDW,surface+SMU_grad,45,clay_shale,1.5,3.5
48141,TX,El Paso County,1.904,0.0748,25.85,SMU_IDW,surface+SMU_grad,160,alluvial_glacial,0.5,2.2
48143,TX,Erath County,1.878,0.0738,22.6,SMU_IDW,surface+SMU_grad,26,clay_shale,1.5,3.5
48145,TX,Falls County,1.973,0.0775,22.59,SMU_IDW,surface+SMU_grad,36,undifferentiated,1.5,4.0
48147,TX,Fannin County,1.511,0.0593,22.24,SMU_IDW,surface+SMU_grad,36,clay_shale,1.5,3.5
48149,TX,Fayette County,2.5,0.0982,21.84,SGMC_CH1995,surface+SMU_grad,2,undifferentiated,1.5,4.0
48151,TX,Fisher County,2.5,0.0982,19.93,SGMC_CH1995,surface+SMU_grad,1,undifferentiated,1.5,4.0
48153,TX,Floyd County,1.5,0.0648,21.34,SGMC_CH1995,surface+SMU_grad,0,alluvial_glacial,0.5,2.2
48155,TX,Foard County,2.826,0.111,21.22,SMU_IDW,surface+SMU_grad,10,clay_shale,1.5,3.5
48157,TX,Fort Bend County,1.5,0.0648,21.47,SGMC_CH1995,surface+default_grad,2,alluvial_glacial,0.5,2.2
48159,TX,Franklin County,1.922,0.0755,24.16,SMU_IDW,surface+SMU_grad,43,clay_shale,1.5,3.5
48161,TX,Freestone County,1.987,0.078,22.71,SMU_IDW,surface+SMU_grad,42,clay_shale,1.5,3.5
48163,TX,Frio County,1.5,0.0648,21.17,SGMC_CH1995,surface+SMU_grad,1,alluvial_glacial,0.5,2.2
48165,TX,Gaines County,5.348,0.21,20.8,SMU_IDW,surface+SMU_grad,12,alluvial_glacial,0.5,2.2
48167,TX,Galveston County,1.5,0.0648,21.47,SGMC_CH1995,surface+default_grad,2,alluvial_glacial,0.5,2.2
48169,TX,Garza County,2.0,0.072,20.68,SGMC_CH1995,surface+SMU_grad,1,clay_shale,1.5,3.5
48171,TX,Gillespie County,2.5,0.0982,20.94,SGMC_CH1995,surface+SMU_grad,1,limestone_carbonate,2.5,4.0
48173,TX,Glasscock County,5.44,0.2136,20.0,SMU_IDW,surface+SMU_grad,4,limestone_carbonate,2.5,4.0
48175,TX,Goliad County,1.5,0.0648,21.87,SGMC_CH1995,surface+SMU_grad,2,alluvial_glacial,0.5,2.2
48177,TX,Gonzales County,2.5,0.0982,21.82,SGMC_CH1995,surface+SMU_grad,2,undifferentiated,1.5,4.0
48179,TX,Gray County,2.556,0.1004,21.37,SMU_IDW,surface+SMU_grad,15,alluvial_glacial,0.5,2.2
48181,TX,Grayson County,1.602,0.0629,22.29,SMU_IDW,surface+SMU_grad,37,clay_shale,1.5,3.5
48183,TX,Gregg County,1.974,0.0775,24.63,SMU_IDW,surface+SMU_grad,44,alluvial_glacial,0.5,2.2
48185,TX,Grimes County,2.0,0.0785,22.37,SMU_IDW,surface+SMU_grad,23,alluvial_glacial,0.5,2.2
48187,TX,Guadalupe County,1.993,0.0783,21.68,SMU_IDW,surface+SMU_grad,3,undifferentiated,1.5,4.0
48189,TX,Hale County,1.5,0.0648,21.0,SGMC_CH1995,surface+SMU_grad,0,alluvial_glacial,0.5,2.2
48191,TX,Hall County,2.613,0.1026,21.2,SMU_IDW,surface+SMU_grad,6,alluvial_glacial,0.5,2.2
48193,TX,Hamilton County,1.911,0.0751,22.71,SMU_IDW,surface+SMU_grad,26,alluvial_glacial,0.5,2.2
48195,TX,Hansford County,2.447,0.0961,21.71,SMU_IDW,surface+SMU_grad,15,alluvial_glacial,0.5,2.2
48197,TX,Hardeman County,2.595,0.1019,21.05,SMU_IDW,surface+SMU_grad,15,clay_shale,1.5,3.5
48199,TX,Hardin County,1.5,0.0648,21.78,SGMC_CH1995,surface+SMU_grad,0,alluvial_glacial,0.5,2.2
48201,TX,Harris County,2.0,0.072,21.47,SGMC_CH1995,surface+default_grad,2,clay_shale,1.5,3.5
48203,TX,Harrison County,2.045,0.0803,22.03,SMU_IDW,surface+SMU_grad,29,alluvial_glacial,0.5,2.2
48205,TX,Hartley County,2.419,0.095,22.18,SMU_IDW,surface+SMU_grad,26,alluvial_glacial,0.5,2.2
48207,TX,Haskell County,2.5,0.108,21.21,SGMC_CH1995,surface+SMU_grad,0,sandstone,1.5,5.5
48209,TX,Hays County,1.998,0.0785,26.2,SMU_IDW,surface+SMU_grad,3,limestone_carbonate,2.5,4.0
48211,TX,Hemphill County,2.587,0.1016,21.33,SMU_IDW,surface+SMU_grad,17,alluvial_glacial,0.5,2.2
48213,TX,Henderson County,1.969,0.0773,22.67,SMU_IDW,surface+SMU_grad,45,alluvial_glacial,0.5,2.2
48215,TX,Hidalgo County,1.5,0.0648,21.47,SGMC_CH1995,surface+default_grad,0,alluvial_glacial,0.5,2.2
48217,TX,Hill County,1.933,0.0759,22.71,SMU_IDW,surface+SMU_grad,41,clay_shale,1.5,3.5
48219,TX,Hockley County,5.531,0.2172,20.74,SMU_IDW,surface+SMU_grad,3,alluvial_glacial,0.5,2.2
48221,TX,Hood County,1.853,0.0728,24.83,SMU_IDW,surface+SMU_grad,38,clay_shale,1.5,3.5
48223,TX,Hopkins County,1.899,0.0746,24.39,SMU_IDW,surface+SMU_grad,45,alluvial_glacial,0.5,2.2
48225,TX,Houston County,1.99,0.0782,22.43,SMU_IDW,surface+SMU_grad,33,alluvial_glacial,0.5,2.2
48227,TX,Howard County,5.44,0.2136,20.2,SMU_IDW,surface+SMU_grad,3,alluvial_glacial,0.5,2.2
48229,TX,Hudspeth County,2.326,0.0913,25.33,SMU_IDW,surface+SMU_grad,111,undifferentiated,1.5,4.0
48231,TX,Hunt County,1.593,0.0626,22.48,SMU_IDW,surface+SMU_grad,45,undifferentiated,1.5,4.0
48233,TX,Hutchinson County,2.479,0.0974,21.59,SMU_IDW,surface+SMU_grad,15,alluvial_glacial,0.5,2.2
48235,TX,Irion County,5.44,0.2136,19.94,SMU_IDW,surface+SMU_grad,3,limestone_carbonate,2.5,4.0
48237,TX,Jack County,1.744,0.0685,21.84,SMU_IDW,surface+SMU_grad,20,clay_shale,1.5,3.5
48239,TX,Jackson County,1.5,0.0648,21.47,SGMC_CH1995,surface+default_grad,2,alluvial_glacial,0.5,2.2
48241,TX,Jasper County,2.0,0.0785,25.71,SMU_IDW,surface+SMU_grad,4,alluvial_glacial,0.5,2.2
48243,TX,Jeff Davis County,3.372,0.1324,20.93,SMU_IDW,surface+SMU_grad,17,undifferentiated,1.5,4.0
48245,TX,Jefferson County,2.0,0.072,26.46,SGMC_CH1995,surface+SMU_grad,0,clay_shale,1.5,3.5
48247,TX,Jim Hogg County,1.5,0.0648,21.58,SGMC_CH1995,surface+SMU_grad,0,alluvial_glacial,0.5,2.2
48249,TX,Jim Wells County,1.5,0.0648,21.69,SGMC_CH1995,surface+SMU_grad,2,alluvial_glacial,0.5,2.2
48251,TX,Johnson County,1.851,0.0727,22.59,SMU_IDW,surface+SMU_grad,43,clay_shale,1.5,3.5
48253,TX,Jones County,2.0,0.072,21.29,SGMC_CH1995,surface+SMU_grad,0,clay_shale,1.5,3.5
48255,TX,Karnes County,1.985,0.078,21.76,SMU_IDW,surface+SMU_grad,3,alluvial_glacial,0.5,2.2
48257,TX,Kaufman County,1.881,0.0739,25.05,SMU_IDW,surface+SMU_grad,45,clay_shale,1.5,3.5
48259,TX,Kendall County,2.0,0.072,21.39,SGMC_CH1995,surface+SMU_grad,1,clay_shale,1.5,3.5
48261,TX,Kenedy County,1.5,0.0648,28.84,SGMC_CH1995,surface+default_grad,0,alluvial_glacial,0.5,2.2
48263,TX,Kent County,2.0,0.072,20.99,SGMC_CH1995,surface+SMU_grad,0,clay_shale,1.5,3.5
48265,TX,Kerr County,2.5,0.0982,20.73,SGMC_CH1995,surface+SMU_grad,1,limestone_carbonate,2.5,4.0
48267,TX,Kimble County,2.5,0.0982,20.33,SGMC_CH1995,surface+SMU_grad,2,limestone_carbonate,2.5,4.0
48269,TX,King County,2.0,0.072,20.89,SGMC_CH1995,surface+SMU_grad,0,clay_shale,1.5,3.5
48271,TX,Kinney County,2.0,0.072,20.87,SGMC_CH1995,surface+SMU_grad,1,clay_shale,1.5,3.5
48273,TX,Kleberg County,2.0,0.072,28.65,SGMC_CH1995,surface+SMU_grad,2,clay_shale,1.5,3.5
48275,TX,Knox County,2.0,0.072,21.28,SGMC_CH1995,surface+SMU_grad,1,clay_shale,1.5,3.5
48277,TX,Lamar County,1.823,0.0716,23.42,SMU_IDW,surface+SMU_grad,37,alluvial_glacial,0.5,2.2
48279,TX,Lamb County,3.252,0.1277,21.04,SMU_IDW,surface+SMU_grad,4,alluvial_glacial,0.5,2.2
48281,TX,Lampasas County,1.971,0.0774,22.5,SMU_IDW,surface+SMU_grad,12,alluvial_glacial,0.5,2.2
48283,TX,La Salle County,1.5,0.0648,21.29,SGMC_CH1995,surface+SMU_grad,1,alluvial_glacial,0.5,2.2
48285,TX,Lavaca County,1.5,0.0648,21.89,SGMC_CH1995,surface+SMU_grad,2,alluvial_glacial,0.5,2.2
48287,TX,Lee County,1.996,0.0784,22.19,SMU_IDW,surface+SMU_grad,13,alluvial_glacial,0.5,2.2
48289,TX,Leon County,1.98,0.0778,22.58,SMU_IDW,surface+SMU_grad,38,alluvial_glacial,0.5,2.2
48291,TX,Liberty County,2.5,0.0982,21.47,SGMC_CH1995,surface+default_grad,0,undifferentiated,1.5,4.0
48293,TX,Limestone County,1.994,0.0783,22.71,SMU_IDW,surface+SMU_grad,39,clay_shale,1.5,3.5
48295,TX,Lipscomb County,2.533,0.0995,21.48,SMU_IDW,surface+SMU_grad,16,alluvial_glacial,0.5,2.2
48297,TX,Live Oak County,1.993,0.0783,21.68,SMU_IDW,surface+SMU_grad,3,alluvial_glacial,0.5,2.2
48299,TX,Llano County,2.9,0.1139,21.11,SGMC_CH1995,surface+SMU_grad,0,metamorphic,1.5,4.5
48301,TX,Loving County,4.93,0.1936,24.18,SMU_IDW,surface+SMU_grad,18,alluvial_glacial,0.5,2.2
48303,TX,Lubbock County,1.5,0.0648,20.85,SGMC_CH1995,surface+SMU_grad,0,alluvial_glacial,0.5,2.2
48305,TX,Lynn County,5.506,0.2162,20.62,SMU_IDW,surface+SMU_grad,4,alluvial_glacial,0.5,2.2
48307,TX,McCulloch County,1.5,0.0648,20.13,SGMC_CH1995,surface+SMU_grad,0,alluvial_glacial,0.5,2.2
48309,TX,McLennan County,1.962,0.0771,22.71,SMU_IDW,surface+SMU_grad,36,clay_shale,1.5,3.5
48311,TX,McMullen County,2.011,0.079,21.48,SMU_IDW,surface+SMU_grad,3,alluvial_glacial,0.5,2.2
48313,TX,Madison County,1.988,0.0781,22.51,SMU_IDW,surface+SMU_grad,31,alluvial_glacial,0.5,2.2
48315,TX,Marion County,2.035,0.0799,24.18,SMU_IDW,surface+SMU_grad,26,alluvial_glacial,0.5,2.2
48317,TX,Martin County,5.463,0.2145,20.29,SMU_IDW,surface+SMU_grad,7,alluvial_glacial,0.5,2.2
48319,TX,Mason County,2.5,0.0982,20.38,SGMC_CH1995,surface+SMU_grad,1,limestone_carbonate,2.5,4.0
48321,TX,Matagorda County,2.5,0.0982,21.47,SGMC_CH1995,surface+default_grad,2,undifferentiated,1.5,4.0
48323,TX,Maverick County,2.0,0.072,21.47,SGMC_CH1995,surface+default_grad,1,clay_shale,1.5,3.5
48325,TX,Medina County,2.0,0.072,21.16,SGMC_CH1995,surface+SMU_grad,1,clay_shale,1.5,3.5
48327,TX,Menard County,4.495,0.1765,20.11,SMU_IDW,surface+SMU_grad,3,limestone_carbonate,2.5,4.0
48329,TX,Midland County,5.445,0.2138,19.99,SMU_IDW,surface+SMU_grad,6,alluvial_glacial,0.5,2.2
48331,TX,Milam County,1.989,0.0781,22.47,SMU_IDW,surface+SMU_grad,24,clay_shale,1.5,3.5
48333,TX,Mills County,2.0,0.0785,25.54,SMU_IDW,surface+SMU_grad,4,alluvial_glacial,0.5,2.2
48335,TX,Mitchell County,5.44,0.2136,20.27,SMU_IDW,surface+SMU_grad,3,clay_shale,1.5,3.5
48337,TX,Montague County,1.911,0.0751,21.72,SMU_IDW,surface+SMU_grad,23,alluvial_glacial,0.5,2.2
48339,TX,Montgomery County,1.997,0.0784,21.47,SMU_IDW,surface+default_grad,15,undifferentiated,1.5,4.0
48341,TX,Moore County,2.498,0.0981,21.99,SMU_IDW,surface+SMU_grad,20,alluvial_glacial,0.5,2.2
48343,TX,Morris County,1.946,0.0764,23.98,SMU_IDW,surface+SMU_grad,38,alluvial_glacial,0.5,2.2
48345,TX,Motley County,2.613,0.1026,21.07,SMU_IDW,surface+SMU_grad,6,alluvial_glacial,0.5,2.2
48347,TX,Nacogdoches County,2.012,0.079,22.16,SMU_IDW,surface+SMU_grad,32,alluvial_glacial,0.5,2.2
48349,TX,Navarro County,1.992,0.0782,22.71,SMU_IDW,surface+SMU_grad,45,clay_shale,1.5,3.5
48351,TX,Newton County,2.377,0.0934,25.67,SMU_IDW,surface+SMU_grad,3,alluvial_glacial,0.5,2.2
48353,TX,Nolan County,5.44,0.2136,19.82,SMU_IDW,surface+SMU_grad,3,limestone_carbonate,2.5,4.0
48355,TX,Nueces County,1.5,0.0648,21.8,SGMC_CH1995,surface+SMU_grad,2,alluvial_glacial,0.5,2.2
48357,TX,Ochiltree County,2.48,0.0974,21.55,SMU_IDW,surface+SMU_grad,16,alluvial_glacial,0.5,2.2
48359,TX,Oldham County,2.461,0.0967,22.14,SMU_IDW,surface+SMU_grad,18,alluvial_glacial,0.5,2.2
48361,TX,Orange County,1.5,0.0648,26.05,SGMC_CH1995,surface+SMU_grad,0,alluvial_glacial,0.5,2.2
48363,TX,Palo Pinto County,1.746,0.0686,22.06,SMU_IDW,surface+SMU_grad,16,alluvial_glacial,0.5,2.2
48365,TX,Panola County,2.074,0.0815,22.02,SMU_IDW,surface+SMU_grad,27,alluvial_glacial,0.5,2.2
48367,TX,Parker County,1.812,0.0712,22.35,SMU_IDW,surface+SMU_grad,39,alluvial_glacial,0.5,2.2
48369,TX,Parmer County,2.547,0.1,21.78,SMU_IDW,surface+SMU_grad,3,alluvial_glacial,0.5,2.2
48371,TX,Pecos County,4.969,0.1951,20.16,SMU_IDW,surface+SMU_grad,7,undifferentiated,1.5,4.0
48373,TX,Polk County,2.0,0.0785,25.72,SMU_IDW,surface+SMU_grad,13,alluvial_glacial,0.5,2.2
48375,TX,Potter County,2.526,0.0992,21.9,SMU_IDW,surface+SMU_grad,20,alluvial_glacial,0.5,2.2
48377,TX,Presidio County,2.257,0.0886,20.6,SMU_IDW,surface+SMU_grad,10,granite_felsic,2.5,4.5
48379,TX,Rains County,1.955,0.0768,24.74,SMU_IDW,surface+SMU_grad,45,clay_shale,1.5,3.5
48381,TX,Randall County,2.547,0.1,21.87,SMU_IDW,surface+SMU_grad,3,undifferentiated,1.5,4.0
48383,TX,Reagan County,5.44,0.2136,23.24,SMU_IDW,surface+SMU_grad,4,limestone_carbonate,2.5,4.0
48385,TX,Real County,2.5,0.0982,25.62,SGMC_CH1995,surface+SMU_grad,1,limestone_carbonate,2.5,4.0
48387,TX,Red River County,1.865,0.0732,22.06,SMU_IDW,surface+SMU_grad,26,limestone_carbonate,2.5,4.0
48389,TX,Reeves County,4.595,0.1805,20.66,SMU_IDW,surface+SMU_grad,21,undifferentiated,1.5,4.0
48391,TX,Refugio County,1.5,0.0648,21.89,SGMC_CH1995,surface+SMU_grad,2,alluvial_glacial,0.5,2.2
48393,TX,Roberts County,2.525,0.0992,21.43,SMU_IDW,surface+SMU_grad,16,alluvial_glacial,0.5,2.2
48395,TX,Robertson County,1.988,0.0781,22.53,SMU_IDW,surface+SMU_grad,31,alluvial_glacial,0.5,2.2
48397,TX,Rockwall County,1.784,0.0701,24.72,SMU_IDW,surface+SMU_grad,45,clay_shale,1.5,3.5
48399,TX,Runnels County,2.0,0.072,19.82,SGMC_CH1995,surface+SMU_grad,2,clay_shale,1.5,3.5
48401,TX,Rusk County,1.994,0.0783,22.16,SMU_IDW,surface+SMU_grad,37,clay_shale,1.5,3.5
48403,TX,Sabine County,2.197,0.0863,25.22,SMU_IDW,surface+SMU_grad,10,alluvial_glacial,0.5,2.2
48405,TX,San Augustine County,2.138,0.084,25.25,SMU_IDW,surface+SMU_grad,10,alluvial_glacial,0.5,2.2
48407,TX,San Jacinto County,2.0,0.0785,25.59,SMU_IDW,surface+default_grad,15,alluvial_glacial,0.5,2.2
48409,TX,San Patricio County,1.5,0.0648,28.2,SGMC_CH1995,surface+SMU_grad,2,alluvial_glacial,0.5,2.2
48411,TX,San Saba County,2.0,0.072,21.74,SGMC_CH1995,surface+SMU_grad,0,clay_shale,1.5,3.5
48413,TX,Schleicher County,5.44,0.2136,19.93,SMU_IDW,surface+SMU_grad,3,limestone_carbonate,2.5,4.0
48415,TX,Scurry County,5.44,0.2136,20.46,SMU_IDW,surface+SMU_grad,3,alluvial_glacial,0.5,2.2
48417,TX,Shackelford County,2.0,0.072,21.38,SGMC_CH1995,surface+SMU_grad,0,clay_shale,1.5,3.5
48419,TX,Shelby County,2.126,0.0835,21.99,SMU_IDW,surface+SMU_grad,17,clay_shale,1.5,3.5
48421,TX,Sherman County,2.454,0.0964,21.88,SMU_IDW,surface+SMU_grad,12,alluvial_glacial,0.5,2.2
48423,TX,Smith County,1.969,0.0773,22.36,SMU_IDW,surface+SMU_grad,45,alluvial_glacial,0.5,2.2
48425,TX,Somervell County,1.873,0.0736,25.32,SMU_IDW,surface+SMU_grad,36,clay_shale,1.5,3.5
48427,TX,Starr County,1.5,0.0648,21.47,SGMC_CH1995,surface+default_grad,0,alluvial_glacial,0.5,2.2
48429,TX,Stephens County,1.638,0.0643,21.74,SMU_IDW,surface+SMU_grad,5,clay_shale,1.5,3.5
48431,TX,Sterling County,5.44,0.2136,20.05,SMU_IDW,surface+SMU_grad,3,undifferentiated,1.5,4.0
48433,TX,Stonewall County,2.0,0.072,20.79,SGMC_CH1995,surface+SMU_grad,0,clay_shale,1.5,3.5
48435,TX,Sutton County,4.659,0.183,20.04,SMU_IDW,surface+SMU_grad,3,limestone_carbonate,2.5,4.0
48437,TX,Swisher County,1.5,0.0648,21.48,SGMC_CH1995,surface+SMU_grad,0,alluvial_glacial,0.5,2.2
48439,TX,Tarrant County,1.76,0.0691,22.61,SMU_IDW,surface+SMU_grad,43,alluvial_glacial,0.5,2.2
48441,TX,Taylor County,2.5,0.0982,21.14,SGMC_CH1995,surface+SMU_grad,1,limestone_carbonate,2.5,4.0
48443,TX,Terrell County,4.561,0.1791,20.27,SMU_IDW,surface+SMU_grad,7,limestone_carbonate,2.5,4.0
48445,TX,Terry County,5.434,0.2134,20.72,SMU_IDW,surface+SMU_grad,7,alluvial_glacial,0.5,2.2
48447,TX,Throckmorton County,2.0,0.072,21.46,SGMC_CH1995,surface+SMU_grad,1,clay_shale,1.5,3.5
48449,TX,Titus County,1.931,0.0758,24.01,SMU_IDW,surface+SMU_grad,38,clay_shale,1.5,3.5
48451,TX,Tom Green County,5.44,0.2136,19.89,SMU_IDW,surface+SMU_grad,3,undifferentiated,1.5,4.0
48453,TX,Travis County,1.988,0.0781,21.7,SMU_IDW,surface+SMU_grad,5,alluvial_glacial,0.5,2.2
48455,TX,Trinity County,1.993,0.0783,22.28,SMU_IDW,surface+SMU_grad,32,alluvial_glacial,0.5,2.2
48457,TX,Tyler County,2.0,0.0785,21.8,SMU_IDW,surface+SMU_grad,4,undifferentiated,1.5,4.0
48459,TX,Upshur County,1.99,0.0782,24.46,SMU_IDW,surface+SMU_grad,46,alluvial_glacial,0.5,2.2
48461,TX,Upton County,5.442,0.2137,23.32,SMU_IDW,surface+SMU_grad,5,clay_shale,1.5,3.5
48463,TX,Uvalde County,2.5,0.0982,21.05,SGMC_CH1995,surface+SMU_grad,1,limestone_carbonate,2.5,4.0
48465,TX,Val Verde County,4.293,0.1686,20.14,SMU_IDW,surface+SMU_grad,3,limestone_carbonate,2.5,4.0
48467,TX,Van Zandt County,1.983,0.0779,22.64,SMU_IDW,surface+SMU_grad,45,clay_shale,1.5,3.5
48469,TX,Victoria County,2.5,0.0982,21.91,SGMC_CH1995,surface+SMU_grad,2,undifferentiated,1.5,4.0
48471,TX,Walker County,2.0,0.0785,22.44,SMU_IDW,surface+SMU_grad,23,alluvial_glacial,0.5,2.2
48473,TX,Waller County,1.988,0.0781,26.09,SMU_IDW,surface+default_grad,7,undifferentiated,1.5,4.0
48475,TX,Ward County,5.293,0.2079,20.26,SMU_IDW,surface+SMU_grad,15,undifferentiated,1.5,4.0
48477,TX,Washington County,1.994,0.0783,21.47,SMU_IDW,surface+default_grad,12,alluvial_glacial,0.5,2.2
48479,TX,Webb County,1.5,0.0648,21.38,SGMC_CH1995,surface+SMU_grad,1,alluvial_glacial,0.5,2.2
48481,TX,Wharton County,1.5,0.0648,21.47,SGMC_CH1995,surface+default_grad,2,alluvial_glacial,0.5,2.2
48483,TX,Wheeler County,2.637,0.1036,21.27,SMU_IDW,surface+SMU_grad,11,alluvial_glacial,0.5,2.2
48485,TX,Wichita County,2.505,0.0984,21.17,SMU_IDW,surface+SMU_grad,17,undifferentiated,1.5,4.0
48487,TX,Wilbarger County,2.588,0.1016,21.16,SMU_IDW,surface+SMU_grad,15,clay_shale,1.5,3.5
48489,TX,Willacy County,1.5,0.0648,21.47,SGMC_CH1995,surface+default_grad,0,alluvial_glacial,0.5,2.2
48491,TX,Williamson County,2.0,0.0785,22.28,SMU_IDW,surface+SMU_grad,15,clay_shale,1.5,3.5
48493,TX,Wilson County,1.996,0.0784,21.65,SMU_IDW,surface+SMU_grad,3,alluvial_glacial,0.5,2.2
48495,TX,Winkler County,5.263,0.2067,23.81,SMU_IDW,surface+SMU_grad,15,alluvial_glacial,0.5,2.2
48497,TX,Wise County,1.783,0.07,22.3,SMU_IDW,surface+SMU_grad,37,clay_shale,1.5,3.5
48499,TX,Wood County,1.968,0.0773,22.47,SMU_IDW,surface+SMU_grad,45,alluvial_glacial,0.5,2.2
48501,TX,Yoakum County,5.313,0.2087,20.93,SMU_IDW,surface+SMU_grad,9,alluvial_glacial,0.5,2.2
48503,TX,Young County,1.791,0.0703,21.62,SMU_IDW,surface+SMU_grad,8,alluvial_glacial,0.5,2.2
48505,TX,Zapata County,1.5,0.0648,21.47,SGMC_CH1995,surface+default_grad,0,alluvial_glacial,0.5,2.2
48507,TX,Zavala County,2.0,0.072,27.1,SGMC_CH1995,surface+default_grad,1,clay_shale,1.5,3.5
49001,UT,Beaver County,1.812,0.0712,20.18,SMU_IDW,surface+SMU_grad,231,undifferentiated,1.5,4.0
49003,UT,Box Elder County,2.03,0.0797,21.69,SMU_IDW,surface+SMU_grad,85,clay_shale,1.5,3.5
49005,UT,Cache County,2.159,0.0848,20.05,SMU_IDW,surface+SMU_grad,56,limestone_carbonate,2.5,4.0
49007,UT,Carbon County,3.083,0.1211,17.52,SMU_IDW,surface+SMU_grad,71,clay_shale,1.5,3.5
49009,UT,Daggett County,1.797,0.0706,17.3,SMU_IDW,surface+SMU_grad,22,alluvial_glacial,0.5,2.2
49011,UT,Davis County,2.985,0.1172,18.37,SMU_IDW,surface+SMU_grad,77,clay_shale,1.5,3.5
49013,UT,Duchesne County,2.877,0.113,16.79,SMU_IDW,surface+SMU_grad,49,alluvial_glacial,0.5,2.2
49015,UT,Emery County,3.209,0.126,17.61,SMU_IDW,surface+SMU_grad,144,alluvial_glacial,0.5,2.2
49017,UT,Garfield County,2.418,0.095,19.21,SMU_IDW,surface+SMU_grad,203,undifferentiated,1.5,4.0
49019,UT,Grand County,3.359,0.1319,17.43,SMU_IDW,surface+SMU_grad,60,clay_shale,1.5,3.5
49021,UT,Iron County,1.626,0.0639,20.16,SMU_IDW,surface+SMU_grad,221,alluvial_glacial,0.5,2.2
49023,UT,Juab County,1.986,0.078,19.39,SMU_IDW,surface+SMU_grad,200,clay_shale,1.5,3.5
49025,UT,Kane County,2.179,0.0856,20.09,SMU_IDW,surface+SMU_grad,193,alluvial_glacial,0.5,2.2
49027,UT,Millard County,1.728,0.0679,19.89,SMU_IDW,surface+SMU_grad,235,clay_shale,1.5,3.5
49029,UT,Morgan County,2.964,0.1164,18.29,SMU_IDW,surface+SMU_grad,47,alluvial_glacial,0.5,2.2
49031,UT,Piute County,1.877,0.0737,19.48,SMU_IDW,surface+SMU_grad,232,alluvial_glacial,0.5,2.2
49033,UT,Rich County,2.3,0.0903,19.58,SMU_IDW,surface+SMU_grad,48,sandstone,1.5,5.5
49035,UT,Salt Lake County,3.863,0.1517,16.84,SMU_IDW,surface+SMU_grad,68,alluvial_glacial,0.5,2.2
49037,UT,San Juan County,2.698,0.106,19.56,SMU_IDW,surface+SMU_grad,84,alluvial_glacial,0.5,2.2
49039,UT,Sanpete County,2.143,0.0842,18.13,SMU_IDW,surface+SMU_grad,215,alluvial_glacial,0.5,2.2
49041,UT,Sevier County,1.988,0.0781,18.73,SMU_IDW,surface+SMU_grad,231,clay_shale,1.5,3.5
49043,UT,Summit County,2.879,0.1131,17.82,SMU_IDW,surface+SMU_grad,39,alluvial_glacial,0.5,2.2
49045,UT,Tooele County,2.317,0.091,18.77,SMU_IDW,surface+SMU_grad,109,alluvial_glacial,0.5,2.2
49047,UT,Uintah County,2.247,0.0882,16.95,SMU_IDW,surface+SMU_grad,46,alluvial_glacial,0.5,2.2
49049,UT,Utah County,2.639,0.1036,17.81,SMU_IDW,surface+SMU_grad,118,clay_shale,1.5,3.5
49051,UT,Wasatch County,2.744,0.1078,17.6,SMU_IDW,surface+SMU_grad,64,sandstone,1.5,5.5
49053,UT,Washington County,2.448,0.0961,20.54,SMU_IDW,surface+SMU_grad,188,alluvial_glacial,0.5,2.2
49055,UT,Wayne County,2.651,0.1041,18.65,SMU_IDW,surface+SMU_grad,173,clay_shale,1.5,3.5
49057,UT,Weber County,2.682,0.1053,19.25,SMU_IDW,surface+SMU_grad,52,limestone_carbonate,2.5,4.0
50001,VT,Addison County,2.556,0.1004,13.08,SMU_IDW,surface+SMU_grad,36,undifferentiated,1.5,4.0
50003,VT,Bennington County,2.97,0.1166,13.13,SMU_IDW,surface+SMU_grad,38,metamorphic,1.5,4.5
50005,VT,Caledonia County,3.029,0.119,13.16,SMU_IDW,surface+SMU_grad,38,limestone_carbonate,2.5,4.0
50007,VT,Chittenden County,2.569,0.1009,13.08,SMU_IDW,surface+SMU_grad,31,sandstone,1.5,5.5
50009,VT,Essex County,3.175,0.1247,12.96,SMU_IDW,surface+SMU_grad,33,sandstone,1.5,5.5
50011,VT,Franklin County,2.762,0.1085,13.12,SMU_IDW,surface+SMU_grad,25,sandstone,1.5,5.5
50013,VT,Grand Isle County,2.679,0.1052,13.07,SMU_IDW,surface+SMU_grad,24,clay_shale,1.5,3.5
50015,VT,Lamoille County,2.884,0.1133,13.13,SMU_IDW,surface+SMU_grad,32,metamorphic,1.5,4.5
50017,VT,Orange County,3.196,0.1255,12.97,SMU_IDW,surface+SMU_grad,40,limestone_carbonate,2.5,4.0
50019,VT,Orleans County,2.981,0.1171,13.1,SMU_IDW,surface+SMU_grad,29,limestone_carbonate,2.5,4.0
50021,VT,Rutland County,2.879,0.1131,13.13,SMU_IDW,surface+SMU_grad,39,clay_shale,1.5,3.5
50023,VT,Washington County,2.93,0.1151,13.12,SMU_IDW,surface+SMU_grad,39,sandstone,1.5,5.5
50025,VT,Windham County,3.022,0.1187,13.16,SMU_IDW,surface+SMU_grad,41,metamorphic,1.5,4.5
50027,VT,Windsor County,2.824,0.1109,13.21,SMU_IDW,surface+SMU_grad,41,limestone_carbonate,2.5,4.0
51001,VA,Accomack County,1.776,0.0697,19.03,SMU_IDW,surface+SMU_grad,68,alluvial_glacial,0.5,2.2
51003,VA,Albemarle County,3.192,0.1254,17.45,SMU_IDW,surface+SMU_grad,34,metamorphic,1.5,4.5
51005,VA,Alleghany County,4.549,0.1787,16.51,SMU_IDW,surface+SMU_grad,36,alluvial_glacial,0.5,2.2
51007,VA,Amelia County,2.807,0.1102,17.52,SMU_IDW,surface+SMU_grad,72,metamorphic,1.5,4.5
51009,VA,Amherst County,3.757,0.1475,17.03,SMU_IDW,surface+SMU_grad,35,metamorphic,1.5,4.5
51011,VA,Appomattox County,3.464,0.136,17.28,SMU_IDW,surface+SMU_grad,46,metamorphic,1.5,4.5
51013,VA,Arlington County,2.97,0.1166,16.85,SMU_IDW,surface+SMU_grad,43,alluvial_glacial,0.5,2.2
51015,VA,Augusta County,3.632,0.1426,17.0,SMU_IDW,surface+SMU_grad,37,limestone_carbonate,2.5,4.0
51017,VA,Bath County,3.719,0.1461,16.72,SMU_IDW,surface+SMU_grad,32,alluvial_glacial,0.5,2.2
51019,VA,Bedford County,3.911,0.1536,16.84,SMU_IDW,surface+SMU_grad,38,metamorphic,1.5,4.5
51021,VA,Bland County,4.926,0.1935,16.96,SMU_IDW,surface+SMU_grad,25,alluvial_glacial,0.5,2.2
51023,VA,Botetourt County,4.186,0.1644,16.72,SMU_IDW,surface+SMU_grad,32,limestone_carbonate,2.5,4.0
51025,VA,Brunswick County,3.033,0.1191,17.27,SMU_IDW,surface+SMU_grad,55,metamorphic,1.5,4.5
51027,VA,Buchanan County,3.783,0.1486,17.23,SMU_IDW,surface+SMU_grad,12,clay_shale,1.5,3.5
51029,VA,Buckingham County,3.21,0.1261,17.4,SMU_IDW,surface+SMU_grad,50,sandstone,1.5,5.5
51031,VA,Campbell County,3.645,0.1431,19.04,SMU_IDW,surface+SMU_grad,43,metamorphic,1.5,4.5
51033,VA,Caroline County,2.265,0.089,17.93,SMU_IDW,surface+SMU_grad,63,alluvial_glacial,0.5,2.2
51035,VA,Carroll County,4.374,0.1718,16.75,SMU_IDW,surface+SMU_grad,30,metamorphic,1.5,4.5
51036,VA,Charles City County,2.149,0.0844,18.18,SMU_IDW,surface+SMU_grad,70,undifferentiated,1.5,4.0
51037,VA,Charlotte County,3.39,0.1331,17.15,SMU_IDW,surface+SMU_grad,50,metamorphic,1.5,4.5
51041,VA,Chesterfield County,2.593,0.1018,17.64,SMU_IDW,surface+SMU_grad,70,granite_felsic,2.5,4.5
51043,VA,Clarke County,3.154,0.1239,17.78,SMU_IDW,surface+SMU_grad,25,limestone_carbonate,2.5,4.0
51045,VA,Craig County,4.538,0.1782,16.86,SMU_IDW,surface+SMU_grad,32,clay_shale,1.5,3.5
51047,VA,Culpeper County,2.831,0.1112,17.74,SMU_IDW,surface+SMU_grad,36,sandstone,1.5,5.5
51049,VA,Cumberland County,2.897,0.1138,17.39,SMU_IDW,surface+SMU_grad,58,metamorphic,1.5,4.5
51051,VA,Dickenson County,3.71,0.1457,17.23,SMU_IDW,surface+SMU_grad,12,clay_shale,1.5,3.5
51053,VA,Dinwiddie County,3.216,0.1263,19.18,SMU_IDW,surface+SMU_grad,58,granite_felsic,2.5,4.5
51057,VA,Essex County,1.91,0.075,18.55,SMU_IDW,surface+SMU_grad,71,alluvial_glacial,0.5,2.2
51059,VA,Fairfax County,2.851,0.112,17.11,SMU_IDW,surface+SMU_grad,42,clay_shale,1.5,3.5
51061,VA,Fauquier County,2.756,0.1082,17.75,SMU_IDW,surface+SMU_grad,37,basalt_mafic,1.0,3.0
51063,VA,Floyd County,4.013,0.1576,16.56,SMU_IDW,surface+SMU_grad,30,metamorphic,1.5,4.5
51065,VA,Fluvanna County,2.784,0.1093,17.21,SMU_IDW,surface+SMU_grad,46,undifferentiated,1.5,4.0
51067,VA,Franklin County,3.904,0.1533,16.64,SMU_IDW,surface+SMU_grad,42,sandstone,1.5,5.5
51069,VA,Frederick County,3.269,0.1284,17.8,SMU_IDW,surface+SMU_grad,25,alluvial_glacial,0.5,2.2
51071,VA,Giles County,6.08,0.2388,17.23,SMU_IDW,surface+SMU_grad,29,limestone_carbonate,2.5,4.0
51073,VA,Gloucester County,1.893,0.0743,18.62,SMU_IDW,surface+SMU_grad,71,undifferentiated,1.5,4.0
51075,VA,Goochland County,2.585,0.1015,17.13,SMU_IDW,surface+SMU_grad,65,metamorphic,1.5,4.5
51077,VA,Grayson County,4.199,0.1649,16.63,SMU_IDW,surface+SMU_grad,15,granite_felsic,2.5,4.5
51079,VA,Greene County,3.106,0.122,17.54,SMU_IDW,surface+SMU_grad,30,undifferentiated,1.5,4.0
51081,VA,Greensville County,2.661,0.1045,17.57,SMU_IDW,surface+SMU_grad,61,alluvial_glacial,0.5,2.2
51083,VA,Halifax County,3.549,0.1394,16.74,SMU_IDW,surface+SMU_grad,48,metamorphic,1.5,4.5
51085,VA,Hanover County,3.074,0.1207,17.18,SMU_IDW,surface+SMU_grad,65,alluvial_glacial,0.5,2.2
51087,VA,Henrico County,2.335,0.0917,17.94,SMU_IDW,surface+SMU_grad,74,alluvial_glacial,0.5,2.2
51089,VA,Henry County,3.902,0.1532,16.7,SMU_IDW,surface+SMU_grad,40,granite_felsic,2.5,4.5
51091,VA,Highland County,3.401,0.1336,16.79,SMU_IDW,surface+SMU_grad,26,alluvial_glacial,0.5,2.2
51093,VA,Isle of Wight County,2.254,0.0885,17.68,SMU_IDW,surface+SMU_grad,76,undifferentiated,1.5,4.0
51095,VA,James City County,2.019,0.0793,20.27,SMU_IDW,surface+SMU_grad,71,alluvial_glacial,0.5,2.2
51097,VA,King and Queen County,1.941,0.0762,18.51,SMU_IDW,surface+SMU_grad,71,alluvial_glacial,0.5,2.2
51099,VA,King George County,2.077,0.0816,19.3,SMU_IDW,surface+SMU_grad,62,alluvial_glacial,0.5,2.2
51101,VA,King William County,2.105,0.0827,18.23,SMU_IDW,surface+SMU_grad,70,alluvial_glacial,0.5,2.2
51103,VA,Lancaster County,1.669,0.0655,20.72,SMU_IDW,surface+SMU_grad,72,undifferentiated,1.5,4.0
51105,VA,Lee County,3.383,0.1329,17.0,SMU_IDW,surface+SMU_grad,10,limestone_carbonate,2.5,4.0
51107,VA,Loudoun County,2.783,0.1093,17.61,SMU_IDW,surface+SMU_grad,24,basalt_mafic,1.0,3.0
51109,VA,Louisa County,2.395,0.0941,17.09,SMU_IDW,surface+SMU_grad,58,basalt_mafic,1.0,3.0
51111,VA,Lunenburg County,3.07,0.1206,17.35,SMU_IDW,surface+SMU_grad,58,basalt_mafic,1.0,3.0
51113,VA,Madison County,3.006,0.1181,17.62,SMU_IDW,surface+SMU_grad,30,metamorphic,1.5,4.5
51115,VA,Mathews County,1.843,0.0724,18.77,SMU_IDW,surface+SMU_grad,70,alluvial_glacial,0.5,2.2
51117,VA,Mecklenburg County,3.161,0.1241,17.14,SMU_IDW,surface+SMU_grad,45,basalt_mafic,1.0,3.0
51119,VA,Middlesex County,1.792,0.0704,18.83,SMU_IDW,surface+SMU_grad,71,alluvial_glacial,0.5,2.2
51121,VA,Montgomery County,4.585,0.1801,16.78,SMU_IDW,surface+SMU_grad,30,limestone_carbonate,2.5,4.0
51125,VA,Nelson County,3.557,0.1397,17.31,SMU_IDW,surface+SMU_grad,37,metamorphic,1.5,4.5
51127,VA,New Kent County,2.058,0.0808,18.3,SMU_IDW,surface+SMU_grad,70,alluvial_glacial,0.5,2.2
51131,VA,Northampton County,1.139,0.0447,20.67,SMU_IDW,surface+SMU_grad,69,alluvial_glacial,0.5,2.2
51133,VA,Northumberland County,1.459,0.0573,19.7,SMU_IDW,surface+SMU_grad,71,alluvial_glacial,0.5,2.2
51135,VA,Nottoway County,2.904,0.114,17.47,SMU_IDW,surface+SMU_grad,70,metamorphic,1.5,4.5
51137,VA,Orange County,2.678,0.1052,17.49,SMU_IDW,surface+SMU_grad,32,sandstone,1.5,5.5
51139,VA,Page County,3.311,0.13,17.64,SMU_IDW,surface+SMU_grad,28,limestone_carbonate,2.5,4.0
51141,VA,Patrick County,4.105,0.1612,16.71,SMU_IDW,surface+SMU_grad,34,metamorphic,1.5,4.5
51143,VA,Pittsylvania County,3.681,0.1446,16.75,SMU_IDW,surface+SMU_grad,43,metamorphic,1.5,4.5
51145,VA,Powhatan County,2.633,0.1034,17.29,SMU_IDW,surface+SMU_grad,64,metamorphic,1.5,4.5
51147,VA,Prince Edward County,3.121,0.1226,17.42,SMU_IDW,surface+SMU_grad,53,metamorphic,1.5,4.5
51149,VA,Prince George County,2.375,0.0933,17.93,SMU_IDW,surface+SMU_grad,81,alluvial_glacial,0.5,2.2
51153,VA,Prince William County,2.575,0.1011,17.61,SMU_IDW,surface+SMU_grad,42,alluvial_glacial,0.5,2.2
51155,VA,Pulaski County,5.169,0.203,16.99,SMU_IDW,surface+SMU_grad,30,limestone_carbonate,2.5,4.0
51157,VA,Rappahannock County,3.129,0.1229,17.74,SMU_IDW,surface+SMU_grad,30,metamorphic,1.5,4.5
51159,VA,Richmond County,1.763,0.0692,18.86,SMU_IDW,surface+SMU_grad,72,alluvial_glacial,0.5,2.2
51161,VA,Roanoke County,4.452,0.1748,16.79,SMU_IDW,surface+SMU_grad,31,clay_shale,1.5,3.5
51163,VA,Rockbridge County,3.893,0.1529,16.8,SMU_IDW,surface+SMU_grad,34,limestone_carbonate,2.5,4.0
51165,VA,Rockingham County,3.426,0.1345,17.37,SMU_IDW,surface+SMU_grad,27,clay_shale,1.5,3.5
51167,VA,Russell County,3.754,0.1474,17.19,SMU_IDW,surface+SMU_grad,12,limestone_carbonate,2.5,4.0
51169,VA,Scott County,3.731,0.1465,17.09,SMU_IDW,surface+SMU_grad,13,clay_shale,1.5,3.5
51171,VA,Shenandoah County,3.332,0.1309,17.65,SMU_IDW,surface+SMU_grad,28,limestone_carbonate,2.5,4.0
51173,VA,Smyth County,4.184,0.1643,16.94,SMU_IDW,surface+SMU_grad,14,limestone_carbonate,2.5,4.0
51175,VA,Southampton County,2.401,0.0943,17.84,SMU_IDW,surface+SMU_grad,67,undifferentiated,1.5,4.0
51177,VA,Spotsylvania County,2.416,0.0949,17.62,SMU_IDW,surface+SMU_grad,70,metamorphic,1.5,4.5
51179,VA,Stafford County,2.3,0.0903,17.91,SMU_IDW,surface+SMU_grad,58,metamorphic,1.5,4.5
51181,VA,Surry County,2.153,0.0846,18.12,SMU_IDW,surface+SMU_grad,71,alluvial_glacial,0.5,2.2
51183,VA,Sussex County,2.581,0.1014,17.55,SMU_IDW,surface+SMU_grad,68,undifferentiated,1.5,4.0
51185,VA,Tazewell County,4.142,0.1627,17.08,SMU_IDW,surface+SMU_grad,24,clay_shale,1.5,3.5
51187,VA,Warren County,3.225,0.1267,17.73,SMU_IDW,surface+SMU_grad,28,limestone_carbonate,2.5,4.0
51191,VA,Washington County,3.871,0.152,17.09,SMU_IDW,surface+SMU_grad,13,limestone_carbonate,2.5,4.0
51193,VA,Westmoreland County,1.8,0.0707,18.78,SMU_IDW,surface+SMU_grad,64,alluvial_glacial,0.5,2.2
51195,VA,Wise County,3.76,0.1477,17.15,SMU_IDW,surface+SMU_grad,13,alluvial_glacial,0.5,2.2
51197,VA,Wythe County,4.141,0.1626,16.46,SMU_IDW,surface+SMU_grad,28,limestone_carbonate,2.5,4.0
51199,VA,York County,1.919,0.0754,20.48,SMU_IDW,surface+SMU_grad,74,clay_shale,1.5,3.5
51510,VA,Alexandria city,2.911,0.1143,16.97,SMU_IDW,surface+SMU_grad,46,alluvial_glacial,0.5,2.2
51520,VA,Bristol city,3.816,0.1499,19.59,SMU_IDW,surface+SMU_grad,13,limestone_carbonate,2.5,4.0
51530,VA,Buena Vista city,3.865,0.1518,18.41,SMU_IDW,surface+SMU_grad,34,limestone_carbonate,2.5,4.0
51540,VA,Charlottesville city,3.106,0.122,17.46,SMU_IDW,surface+SMU_grad,35,clay_shale,1.5,3.5
51550,VA,Chesapeake city,1.936,0.076,18.53,SMU_IDW,surface+SMU_grad,67,alluvial_glacial,0.5,2.2
51570,VA,Colonial Heights city,2.55,0.1001,19.7,SMU_IDW,surface+SMU_grad,76,alluvial_glacial,0.5,2.2
51580,VA,Covington city,4.565,0.1793,18.0,SMU_IDW,surface+SMU_grad,36,limestone_carbonate,2.5,4.0
51590,VA,Danville city,3.662,0.1438,19.19,SMU_IDW,surface+SMU_grad,40,basalt_mafic,1.0,3.0
51595,VA,Emporia city,2.653,0.1042,20.03,SMU_IDW,surface+SMU_grad,61,alluvial_glacial,0.5,2.2
51600,VA,Fairfax city,2.85,0.1119,17.12,SMU_IDW,surface+SMU_grad,39,clay_shale,1.5,3.5
51610,VA,Falls Church city,2.953,0.116,16.88,SMU_IDW,surface+SMU_grad,42,undifferentiated,1.5,4.0
51620,VA,Franklin city,2.341,0.0919,20.41,SMU_IDW,surface+SMU_grad,67,alluvial_glacial,0.5,2.2
51630,VA,Fredericksburg city,2.239,0.0879,17.9,SMU_IDW,surface+SMU_grad,57,alluvial_glacial,0.5,2.2
51640,VA,Galax city,4.235,0.1663,19.14,SMU_IDW,surface+SMU_grad,30,metamorphic,1.5,4.5
51650,VA,Hampton city,1.942,0.0763,20.3,SMU_IDW,surface+SMU_grad,69,alluvial_glacial,0.5,2.2
51660,VA,Harrisonburg city,3.43,0.1347,18.27,SMU_IDW,surface+SMU_grad,29,limestone_carbonate,2.5,4.0
51670,VA,Hopewell city,2.403,0.0944,19.83,SMU_IDW,surface+SMU_grad,81,undifferentiated,1.5,4.0
51678,VA,Lexington city,3.912,0.1536,18.31,SMU_IDW,surface+SMU_grad,33,limestone_carbonate,2.5,4.0
51680,VA,Lynchburg city,3.739,0.1468,18.86,SMU_IDW,surface+SMU_grad,40,sandstone,1.5,5.5
51683,VA,Manassas city,2.62,0.1029,18.21,SMU_IDW,surface+SMU_grad,39,alluvial_glacial,0.5,2.2
51685,VA,Manassas Park city,2.669,0.1048,18.11,SMU_IDW,surface+SMU_grad,39,alluvial_glacial,0.5,2.2
51690,VA,Martinsville city,3.859,0.1516,19.16,SMU_IDW,surface+SMU_grad,37,metamorphic,1.5,4.5
51700,VA,Newport News city,2.072,0.0814,20.39,SMU_IDW,surface+SMU_grad,69,undifferentiated,1.5,4.0
51710,VA,Norfolk city,1.723,0.0677,20.79,SMU_IDW,surface+SMU_grad,69,alluvial_glacial,0.5,2.2
51720,VA,Norton city,3.758,0.1476,19.39,SMU_IDW,surface+SMU_grad,13,clay_shale,1.5,3.5
51730,VA,Petersburg city,2.62,0.1029,19.69,SMU_IDW,surface+SMU_grad,73,alluvial_glacial,0.5,2.2
51735,VA,Poquoson city,1.908,0.0749,20.43,SMU_IDW,surface+SMU_grad,70,clay_shale,1.5,3.5
51740,VA,Portsmouth city,2.237,0.0879,20.63,SMU_IDW,surface+SMU_grad,69,alluvial_glacial,0.5,2.2
51750,VA,Radford city,5.088,0.1998,19.04,SMU_IDW,surface+SMU_grad,30,clay_shale,1.5,3.5
51760,VA,Richmond city,2.497,0.0981,17.65,SMU_IDW,surface+SMU_grad,74,granite_felsic,2.5,4.5
51770,VA,Roanoke city,4.169,0.1637,18.67,SMU_IDW,surface+SMU_grad,33,clay_shale,1.5,3.5
51775,VA,Salem city,4.233,0.1662,18.65,SMU_IDW,surface+SMU_grad,32,clay_shale,1.5,3.5
51790,VA,Staunton city,3.615,0.142,17.08,SMU_IDW,surface+SMU_grad,37,limestone_carbonate,2.5,4.0
51800,VA,Suffolk city,2.293,0.0901,18.13,SMU_IDW,surface+SMU_grad,68,alluvial_glacial,0.5,2.2
51810,VA,Virginia Beach city,1.329,0.0522,19.23,SMU_IDW,surface+SMU_grad,66,alluvial_glacial,0.5,2.2
51820,VA,Waynesboro city,3.549,0.1394,17.29,SMU_IDW,surface+SMU_grad,37,limestone_carbonate,2.5,4.0
51830,VA,Williamsburg city,2.023,0.0794,20.31,SMU_IDW,surface+SMU_grad,72,undifferentiated,1.5,4.0
51840,VA,Winchester city,3.204,0.1258,17.8,SMU_IDW,surface+SMU_grad,26,limestone_carbonate,2.5,4.0
53001,WA,Adams County,1.95,0.0766,13.03,SMU_IDW,surface+SMU_grad,92,basalt_mafic,1.0,3.0
53003,WA,Asotin County,2.013,0.0791,13.23,SMU_IDW,surface+SMU_grad,58,undifferentiated,1.5,4.0
53005,WA,Benton County,1.599,0.0628,13.23,SMU_IDW,surface+SMU_grad,130,undifferentiated,1.5,4.0
53007,WA,Chelan County,2.268,0.0891,11.33,SMU_IDW,surface+SMU_grad,82,metamorphic,1.5,4.5
53009,WA,Clallam County,1.624,0.0638,10.71,SMU_IDW,surface+SMU_grad,24,alluvial_glacial,0.5,2.2
53011,WA,Clark County,1.648,0.0647,12.31,SMU_IDW,surface+SMU_grad,193,alluvial_glacial,0.5,2.2
53013,WA,Columbia County,1.839,0.0722,13.28,SMU_IDW,surface+SMU_grad,85,basalt_mafic,1.0,3.0
53015,WA,Cowlitz County,1.61,0.0632,12.36,SMU_IDW,surface+SMU_grad,165,basalt_mafic,1.0,3.0
53017,WA,Douglas County,2.322,0.0912,12.54,SMU_IDW,surface+SMU_grad,84,undifferentiated,1.5,4.0
53019,WA,Ferry County,3.16,0.1241,9.92,SMU_IDW,surface+SMU_grad,45,granite_felsic,2.5,4.5
53021,WA,Franklin County,1.649,0.0648,12.9,SMU_IDW,surface+SMU_grad,92,undifferentiated,1.5,4.0
53023,WA,Garfield County,1.925,0.0756,12.93,SMU_IDW,surface+SMU_grad,73,undifferentiated,1.5,4.0
53025,WA,Grant County,1.921,0.0754,12.88,SMU_IDW,surface+SMU_grad,112,undifferentiated,1.5,4.0
53027,WA,Grays Harbor County,1.569,0.0616,11.7,SMU_IDW,surface+SMU_grad,74,alluvial_glacial,0.5,2.2
53029,WA,Island County,2.273,0.0893,11.87,SMU_IDW,surface+SMU_grad,48,undifferentiated,1.5,4.0
53031,WA,Jefferson County,1.755,0.0689,11.17,SMU_IDW,surface+SMU_grad,44,clay_shale,1.5,3.5
53033,WA,King County,2.081,0.0817,11.38,SMU_IDW,surface+SMU_grad,99,basalt_mafic,1.0,3.0
53035,WA,Kitsap County,1.859,0.073,11.39,SMU_IDW,surface+SMU_grad,68,undifferentiated,1.5,4.0
53037,WA,Kittitas County,1.382,0.0543,11.47,SMU_IDW,surface+SMU_grad,147,sandstone,1.5,5.5
53039,WA,Klickitat County,1.626,0.0639,13.38,SMU_IDW,surface+SMU_grad,214,basalt_mafic,1.0,3.0
53041,WA,Lewis County,1.624,0.0638,11.88,SMU_IDW,surface+SMU_grad,166,alluvial_glacial,0.5,2.2
53043,WA,Lincoln County,1.949,0.0765,13.9,SMU_IDW,surface+SMU_grad,84,basalt_mafic,1.0,3.0
53045,WA,Mason County,1.704,0.0669,11.65,SMU_IDW,surface+SMU_grad,83,undifferentiated,1.5,4.0
53047,WA,Okanogan County,2.906,0.1141,9.89,SMU_IDW,surface+SMU_grad,50,metamorphic,1.5,4.5
53049,WA,Pacific County,1.551,0.0609,12.27,SMU_IDW,surface+SMU_grad,97,basalt_mafic,1.0,3.0
53051,WA,Pend Oreille County,3.867,0.1519,9.74,SMU_IDW,surface+SMU_grad,46,granite_felsic,2.5,4.5
53053,WA,Pierce County,1.849,0.0726,12.06,SMU_IDW,surface+SMU_grad,144,undifferentiated,1.5,4.0
53055,WA,San Juan County,2.682,0.1053,11.56,SMU_IDW,surface+SMU_grad,12,alluvial_glacial,0.5,2.2
53057,WA,Skagit County,2.496,0.098,10.35,SMU_IDW,surface+SMU_grad,23,metamorphic,1.5,4.5
53059,WA,Skamania County,1.55,0.0609,13.91,SMU_IDW,surface+SMU_grad,204,basalt_mafic,1.0,3.0
53061,WA,Snohomish County,2.094,0.0822,10.73,SMU_IDW,surface+SMU_grad,61,granite_felsic,2.5,4.5
53063,WA,Spokane County,2.59,0.1017,12.39,SMU_IDW,surface+SMU_grad,58,undifferentiated,1.5,4.0
53065,WA,Stevens County,3.849,0.1512,11.21,SMU_IDW,surface+SMU_grad,49,alluvial_glacial,0.5,2.2
53067,WA,Thurston County,1.557,0.0611,11.86,SMU_IDW,surface+SMU_grad,130,undifferentiated,1.5,4.0
53069,WA,Wahkiakum County,1.546,0.0607,12.51,SMU_IDW,surface+SMU_grad,144,alluvial_glacial,0.5,2.2
53071,WA,Walla Walla County,1.597,0.0627,13.31,SMU_IDW,surface+SMU_grad,82,alluvial_glacial,0.5,2.2
53073,WA,Whatcom County,2.626,0.1031,9.94,SMU_IDW,surface+SMU_grad,16,clay_shale,1.5,3.5
53075,WA,Whitman County,2.308,0.0906,12.51,SMU_IDW,surface+SMU_grad,69,undifferentiated,1.5,4.0
53077,WA,Yakima County,1.711,0.0672,13.08,SMU_IDW,surface+SMU_grad,194,basalt_mafic,1.0,3.0
54001,WV,Barbour County,2.255,0.0886,17.5,SMU_IDW,surface+SMU_grad,18,alluvial_glacial,0.5,2.2
54003,WV,Berkeley County,3.24,0.1272,17.05,SMU_IDW,surface+SMU_grad,15,limestone_carbonate,2.5,4.0
54005,WV,Boone County,4.086,0.1605,16.44,SMU_IDW,surface+SMU_grad,26,alluvial_glacial,0.5,2.2
54007,WV,Braxton County,3.408,0.1338,16.65,SMU_IDW,surface+SMU_grad,23,alluvial_glacial,0.5,2.2
54009,WV,Brooke County,2.615,0.1027,16.89,SMU_IDW,surface+SMU_grad,5,alluvial_glacial,0.5,2.2
54011,WV,Cabell County,3.966,0.1558,16.49,SMU_IDW,surface+SMU_grad,10,alluvial_glacial,0.5,2.2
54013,WV,Calhoun County,3.241,0.1273,18.04,SMU_IDW,surface+SMU_grad,22,alluvial_glacial,0.5,2.2
54015,WV,Clay County,3.759,0.1476,16.45,SMU_IDW,surface+SMU_grad,28,alluvial_glacial,0.5,2.2
54017,WV,Doddridge County,1.803,0.0708,17.45,SMU_IDW,surface+SMU_grad,19,alluvial_glacial,0.5,2.2
54019,WV,Fayette County,4.189,0.1645,18.3,SMU_IDW,surface+SMU_grad,27,alluvial_glacial,0.5,2.2
54021,WV,Gilmer County,2.933,0.1152,16.97,SMU_IDW,surface+SMU_grad,21,alluvial_glacial,0.5,2.2
54023,WV,Grant County,3.294,0.1294,17.54,SMU_IDW,surface+SMU_grad,24,alluvial_glacial,0.5,2.2
54025,WV,Greenbrier County,4.164,0.1635,16.16,SMU_IDW,surface+SMU_grad,28,clay_shale,1.5,3.5
54027,WV,Hampshire County,3.356,0.1318,17.78,SMU_IDW,surface+SMU_grad,28,alluvial_glacial,0.5,2.2
54029,WV,Hancock County,2.308,0.0906,16.81,SMU_IDW,surface+SMU_grad,5,alluvial_glacial,0.5,2.2
54031,WV,Hardy County,3.362,0.132,17.89,SMU_IDW,surface+SMU_grad,28,alluvial_glacial,0.5,2.2
54033,WV,Harrison County,1.915,0.0752,18.59,SMU_IDW,surface+SMU_grad,19,alluvial_glacial,0.5,2.2
54035,WV,Jackson County,3.554,0.1396,17.91,SMU_IDW,surface+SMU_grad,26,alluvial_glacial,0.5,2.2
54037,WV,Jefferson County,3.183,0.125,17.09,SMU_IDW,surface+SMU_grad,14,limestone_carbonate,2.5,4.0
54039,WV,Kanawha County,3.911,0.1536,16.47,SMU_IDW,surface+SMU_grad,28,alluvial_glacial,0.5,2.2
54041,WV,Lewis County,2.628,0.1032,17.22,SMU_IDW,surface+SMU_grad,21,alluvial_glacial,0.5,2.2
54043,WV,Lincoln County,3.998,0.157,16.47,SMU_IDW,surface+SMU_grad,24,alluvial_glacial,0.5,2.2
54045,WV,Logan County,4.07,0.1598,18.6,SMU_IDW,surface+SMU_grad,24,alluvial_glacial,0.5,2.2
54047,WV,McDowell County,4.092,0.1607,16.46,SMU_IDW,surface+SMU_grad,24,alluvial_glacial,0.5,2.2
54049,WV,Marion County,2.404,0.0944,17.99,SMU_IDW,surface+SMU_grad,19,alluvial_glacial,0.5,2.2
54051,WV,Marshall County,2.851,0.112,16.91,SMU_IDW,surface+SMU_grad,16,alluvial_glacial,0.5,2.2
54053,WV,Mason County,3.509,0.1378,17.9,SMU_IDW,surface+SMU_grad,11,undifferentiated,1.5,4.0
54055,WV,Mercer County,5.349,0.2101,18.95,SMU_IDW,surface+SMU_grad,24,alluvial_glacial,0.5,2.2
54057,WV,Mineral County,3.357,0.1318,17.34,SMU_IDW,surface+SMU_grad,26,alluvial_glacial,0.5,2.2
54059,WV,Mingo County,4.049,0.159,18.72,SMU_IDW,surface+SMU_grad,12,alluvial_glacial,0.5,2.2
54061,WV,Monongalia County,4.74,0.1862,16.31,SMU_IDW,surface+SMU_grad,19,alluvial_glacial,0.5,2.2
54063,WV,Monroe County,5.156,0.2025,16.38,SMU_IDW,surface+SMU_grad,31,alluvial_glacial,0.5,2.2
54065,WV,Morgan County,3.444,0.1353,17.05,SMU_IDW,surface+SMU_grad,20,clay_shale,1.5,3.5
54067,WV,Nicholas County,3.877,0.1523,18.05,SMU_IDW,surface+SMU_grad,28,alluvial_glacial,0.5,2.2
54069,WV,Ohio County,2.718,0.1067,16.98,SMU_IDW,surface+SMU_grad,5,alluvial_glacial,0.5,2.2
54071,WV,Pendleton County,3.521,0.1383,16.28,SMU_IDW,surface+SMU_grad,30,alluvial_glacial,0.5,2.2
54073,WV,Pleasants County,2.448,0.0961,17.92,SMU_IDW,surface+SMU_grad,19,alluvial_glacial,0.5,2.2
54075,WV,Pocahontas County,3.65,0.1433,16.09,SMU_IDW,surface+SMU_grad,25,clay_shale,1.5,3.5
54077,WV,Preston County,3.184,0.125,16.74,SMU_IDW,surface+SMU_grad,19,alluvial_glacial,0.5,2.2
54079,WV,Putnam County,3.794,0.149,16.52,SMU_IDW,surface+SMU_grad,24,alluvial_glacial,0.5,2.2
54081,WV,Raleigh County,4.507,0.177,18.58,SMU_IDW,surface+SMU_grad,26,alluvial_glacial,0.5,2.2
54083,WV,Randolph County,3.432,0.1348,17.75,SMU_IDW,surface+SMU_grad,24,alluvial_glacial,0.5,2.2
54085,WV,Ritchie County,2.369,0.093,17.18,SMU_IDW,surface+SMU_grad,18,alluvial_glacial,0.5,2.2
54087,WV,Roane County,3.513,0.138,18.0,SMU_IDW,surface+SMU_grad,26,alluvial_glacial,0.5,2.2
54089,WV,Summers County,5.103,0.2004,18.69,SMU_IDW,surface+SMU_grad,26,alluvial_glacial,0.5,2.2
54091,WV,Taylor County,1.818,0.0714,18.55,SMU_IDW,surface+SMU_grad,19,alluvial_glacial,0.5,2.2
54093,WV,Tucker County,3.122,0.1226,17.73,SMU_IDW,surface+SMU_grad,20,alluvial_glacial,0.5,2.2
54095,WV,Tyler County,2.196,0.0862,17.98,SMU_IDW,surface+SMU_grad,19,alluvial_glacial,0.5,2.2
54097,WV,Upshur County,2.913,0.1144,17.03,SMU_IDW,surface+SMU_grad,21,alluvial_glacial,0.5,2.2
54099,WV,Wayne County,4.094,0.1608,16.46,SMU_IDW,surface+SMU_grad,10,alluvial_glacial,0.5,2.2
54101,WV,Webster County,3.674,0.1443,16.31,SMU_IDW,surface+SMU_grad,24,alluvial_glacial,0.5,2.2
54103,WV,Wetzel County,2.563,0.1007,17.13,SMU_IDW,surface+SMU_grad,19,alluvial_glacial,0.5,2.2
54105,WV,Wirt County,3.176,0.1247,17.94,SMU_IDW,surface+SMU_grad,22,alluvial_glacial,0.5,2.2
54107,WV,Wood County,2.714,0.1066,17.79,SMU_IDW,surface+SMU_grad,15,undifferentiated,1.5,4.0
54109,WV,Wyoming County,4.293,0.1686,16.42,SMU_IDW,surface+SMU_grad,25,alluvial_glacial,0.5,2.2
55001,WI,Adams County,1.5,0.0648,13.41,SGMC_CH1995,surface+default_grad,1,alluvial_glacial,0.5,2.2
55003,WI,Ashland County,2.416,0.0949,12.65,SMU_IDW,surface+SMU_grad,5,clay_shale,1.5,3.5
55005,WI,Barron County,1.5,0.0648,12.67,SGMC_CH1995,surface+SMU_grad,0,alluvial_glacial,0.5,2.2
55007,WI,Bayfield County,2.289,0.0899,12.69,SMU_IDW,surface+SMU_grad,4,sandstone,1.5,5.5
55009,WI,Brown County,2.5,0.0982,12.48,SGMC_CH1995,surface+SMU_grad,0,limestone_carbonate,2.5,4.0
55011,WI,Buffalo County,1.5,0.0648,12.25,SGMC_CH1995,surface+SMU_grad,0,alluvial_glacial,0.5,2.2
55013,WI,Burnett County,1.7,0.0588,13.16,SGMC_CH1995,surface+SMU_grad,0,basalt_mafic,1.0,3.0
55015,WI,Calumet County,2.5,0.0982,12.5,SGMC_CH1995,surface+SMU_grad,0,limestone_carbonate,2.5,4.0
55017,WI,Chippewa County,1.5,0.0648,13.41,SGMC_CH1995,surface+default_grad,0,alluvial_glacial,0.5,2.2
55019,WI,Clark County,1.5,0.0648,12.77,SGMC_CH1995,surface+SMU_grad,0,alluvial_glacial,0.5,2.2
55021,WI,Columbia County,1.5,0.0648,12.91,SGMC_CH1995,surface+SMU_grad,1,alluvial_glacial,0.5,2.2
55023,WI,Crawford County,2.5,0.0982,12.63,SGMC_CH1995,surface+SMU_grad,1,limestone_carbonate,2.5,4.0
55025,WI,Dane County,1.5,0.0648,12.89,SGMC_CH1995,surface+SMU_grad,1,alluvial_glacial,0.5,2.2
55027,WI,Dodge County,2.5,0.0982,12.62,SGMC_CH1995,surface+SMU_grad,1,limestone_carbonate,2.5,4.0
55029,WI,Door County,2.5,0.0982,12.44,SGMC_CH1995,surface+SMU_grad,1,limestone_carbonate,2.5,4.0
55031,WI,Douglas County,2.188,0.0859,12.94,SMU_IDW,surface+SMU_grad,4,basalt_mafic,1.0,3.0
55033,WI,Dunn County,1.5,0.0648,13.41,SGMC_CH1995,surface+default_grad,0,alluvial_glacial,0.5,2.2
55035,WI,Eau Claire County,1.5,0.0648,12.78,SGMC_CH1995,surface+SMU_grad,0,alluvial_glacial,0.5,2.2
55037,WI,Florence County,2.419,0.095,12.67,SMU_IDW,surface+SMU_grad,4,basalt_mafic,1.0,3.0
55039,WI,Fond du Lac County,2.5,0.0982,12.64,SGMC_CH1995,surface+SMU_grad,1,limestone_carbonate,2.5,4.0
55041,WI,Forest County,2.495,0.098,12.66,SMU_IDW,surface+SMU_grad,3,basalt_mafic,1.0,3.0
55043,WI,Grant County,3.343,0.1313,12.8,SMU_IDW,surface+SMU_grad,4,alluvial_glacial,0.5,2.2
55045,WI,Green County,2.5,0.0982,13.11,SGMC_CH1995,surface+SMU_grad,2,limestone_carbonate,2.5,4.0
55047,WI,Green Lake County,2.5,0.0982,13.41,SGMC_CH1995,surface+default_grad,1,limestone_carbonate,2.5,4.0
55049,WI,Iowa County,2.5,0.0982,13.06,SGMC_CH1995,surface+SMU_grad,1,limestone_carbonate,2.5,4.0
55051,WI,Iron County,2.495,0.098,12.63,SMU_IDW,surface+SMU_grad,5,granite_felsic,2.5,4.5
55053,WI,Jackson County,1.5,0.0648,12.87,SGMC_CH1995,surface+SMU_grad,0,alluvial_glacial,0.5,2.2
55055,WI,Jefferson County,1.5,0.0648,12.72,SGMC_CH1995,surface+SMU_grad,1,alluvial_glacial,0.5,2.2
55057,WI,Juneau County,1.5,0.0648,13.41,SGMC_CH1995,surface+default_grad,1,alluvial_glacial,0.5,2.2
55059,WI,Kenosha County,4.144,0.1627,12.46,SMU_IDW,surface+SMU_grad,4,limestone_carbonate,2.5,4.0
55061,WI,Kewaunee County,2.5,0.0982,12.26,SGMC_CH1995,surface+SMU_grad,1,limestone_carbonate,2.5,4.0
55063,WI,La Crosse County,1.5,0.0648,12.48,SGMC_CH1995,surface+SMU_grad,1,alluvial_glacial,0.5,2.2
55065,WI,Lafayette County,2.5,0.0982,13.12,SGMC_CH1995,surface+SMU_grad,2,limestone_carbonate,2.5,4.0
55067,WI,Langlade County,3.0,0.1234,12.66,SGMC_CH1995,surface+SMU_grad,2,granite_felsic,2.5,4.5
55069,WI,Lincoln County,3.0,0.1234,12.65,SGMC_CH1995,surface+SMU_grad,2,granite_felsic,2.5,4.5
55071,WI,Manitowoc County,2.5,0.0982,12.34,SGMC_CH1995,surface+SMU_grad,1,limestone_carbonate,2.5,4.0
55073,WI,Marathon County,3.0,0.1234,12.74,SGMC_CH1995,surface+SMU_grad,0,granite_felsic,2.5,4.5
55075,WI,Marinette County,3.0,0.1234,12.6,SGMC_CH1995,surface+SMU_grad,2,granite_felsic,2.5,4.5
55077,WI,Marquette County,1.5,0.0648,13.41,SGMC_CH1995,surface+default_grad,1,alluvial_glacial,0.5,2.2
55078,WI,Menominee County,3.0,0.1234,12.74,SGMC_CH1995,surface+SMU_grad,0,granite_felsic,2.5,4.5
55079,WI,Milwaukee County,2.5,0.0982,12.46,SGMC_CH1995,surface+SMU_grad,2,limestone_carbonate,2.5,4.0
55081,WI,Monroe County,1.5,0.0648,13.41,SGMC_CH1995,surface+default_grad,1,alluvial_glacial,0.5,2.2
55083,WI,Oconto County,1.5,0.0648,12.57,SGMC_CH1995,surface+SMU_grad,0,alluvial_glacial,0.5,2.2
55085,WI,Oneida County,2.528,0.0993,12.65,SMU_IDW,surface+SMU_grad,3,basalt_mafic,1.0,3.0
55087,WI,Outagamie County,2.5,0.0982,12.55,SGMC_CH1995,surface+SMU_grad,0,limestone_carbonate,2.5,4.0
55089,WI,Ozaukee County,2.5,0.0982,12.38,SGMC_CH1995,surface+SMU_grad,1,limestone_carbonate,2.5,4.0
55091,WI,Pepin County,2.5,0.0982,12.34,SGMC_CH1995,surface+SMU_grad,0,limestone_carbonate,2.5,4.0
55093,WI,Pierce County,2.5,0.0982,11.96,SGMC_CH1995,surface+SMU_grad,0,limestone_carbonate,2.5,4.0
55095,WI,Polk County,1.5,0.0648,13.21,SGMC_CH1995,surface+SMU_grad,0,alluvial_glacial,0.5,2.2
55097,WI,Portage County,3.0,0.1234,12.83,SGMC_CH1995,surface+SMU_grad,0,granite_felsic,2.5,4.5
55099,WI,Price County,1.7,0.0588,12.66,SGMC_CH1995,surface+SMU_grad,2,basalt_mafic,1.0,3.0
55101,WI,Racine County,2.5,0.0982,12.44,SGMC_CH1995,surface+SMU_grad,2,limestone_carbonate,2.5,4.0
55103,WI,Richland County,1.5,0.0648,12.95,SGMC_CH1995,surface+SMU_grad,1,alluvial_glacial,0.5,2.2
55105,WI,Rock County,2.5,0.0982,12.84,SGMC_CH1995,surface+SMU_grad,2,limestone_carbonate,2.5,4.0
55107,WI,Rusk County,1.5,0.0648,12.67,SGMC_CH1995,surface+SMU_grad,2,alluvial_glacial,0.5,2.2
55109,WI,St. Croix County,2.5,0.0982,12.21,SGMC_CH1995,surface+SMU_grad,0,limestone_carbonate,2.5,4.0
55111,WI,Sauk County,1.5,0.0648,12.97,SGMC_CH1995,surface+SMU_grad,1,alluvial_glacial,0.5,2.2
55113,WI,Sawyer County,2.5,0.108,12.68,SGMC_CH1995,surface+SMU_grad,2,sandstone,1.5,5.5
55115,WI,Shawano County,3.0,0.1234,12.76,SGMC_CH1995,surface+SMU_grad,0,granite_felsic,2.5,4.5
55117,WI,Sheboygan County,2.5,0.0982,12.41,SGMC_CH1995,surface+SMU_grad,1,limestone_carbonate,2.5,4.0
55119,WI,Taylor County,1.7,0.0588,12.63,SGMC_CH1995,surface+SMU_grad,2,basalt_mafic,1.0,3.0
55121,WI,Trempealeau County,1.5,0.0648,12.32,SGMC_CH1995,surface+SMU_grad,0,alluvial_glacial,0.5,2.2
55123,WI,Vernon County,2.5,0.0982,12.62,SGMC_CH1995,surface+SMU_grad,1,limestone_carbonate,2.5,4.0
55125,WI,Vilas County,2.523,0.0991,12.64,SMU_IDW,surface+SMU_grad,4,sandstone,1.5,5.5
55127,WI,Walworth County,2.0,0.072,12.63,SGMC_CH1995,surface+SMU_grad,2,clay_shale,1.5,3.5
55129,WI,Washburn County,1.5,0.0648,12.96,SGMC_CH1995,surface+SMU_grad,2,alluvial_glacial,0.5,2.2
55131,WI,Washington County,2.5,0.0982,12.48,SGMC_CH1995,surface+SMU_grad,1,limestone_carbonate,2.5,4.0
55133,WI,Waukesha County,2.5,0.0982,12.54,SGMC_CH1995,surface+SMU_grad,1,limestone_carbonate,2.5,4.0
55135,WI,Waupaca County,3.0,0.1234,12.82,SGMC_CH1995,surface+SMU_grad,0,granite_felsic,2.5,4.5
55137,WI,Waushara County,1.5,0.0648,12.92,SGMC_CH1995,surface+SMU_grad,1,alluvial_glacial,0.5,2.2
55139,WI,Winnebago County,2.5,0.0982,12.62,SGMC_CH1995,surface+SMU_grad,0,undifferentiated,1.5,4.0
55141,WI,Wood County,1.5,0.0648,12.84,SGMC_CH1995,surface+SMU_grad,0,alluvial_glacial,0.5,2.2
56001,WY,Albany County,2.467,0.0969,15.7,SMU_IDW,surface+SMU_grad,53,alluvial_glacial,0.5,2.2
56003,WY,Big Horn County,2.202,0.0865,14.94,SMU_IDW,surface+SMU_grad,15,clay_shale,1.5,3.5
56005,WY,Campbell County,2.614,0.1027,13.98,SMU_IDW,surface+SMU_grad,14,alluvial_glacial,0.5,2.2
56007,WY,Carbon County,2.573,0.101,15.96,SMU_IDW,surface+SMU_grad,44,alluvial_glacial,0.5,2.2
56009,WY,Converse County,2.33,0.0915,15.39,SMU_IDW,surface+SMU_grad,30,alluvial_glacial,0.5,2.2
56011,WY,Crook County,2.999,0.1178,14.59,SMU_IDW,surface+SMU_grad,15,alluvial_glacial,0.5,2.2
56013,WY,Fremont County,2.735,0.1074,15.78,SMU_IDW,surface+SMU_grad,20,clay_shale,1.5,3.5
56015,WY,Goshen County,1.84,0.0723,16.89,SMU_IDW,surface+SMU_grad,40,alluvial_glacial,0.5,2.2
56017,WY,Hot Springs County,2.606,0.1023,15.5,SMU_IDW,surface+SMU_grad,17,alluvial_glacial,0.5,2.2
56019,WY,Johnson County,2.584,0.1015,13.53,SMU_IDW,surface+SMU_grad,9,alluvial_glacial,0.5,2.2
56021,WY,Laramie County,2.512,0.0987,16.72,SMU_IDW,surface+SMU_grad,69,alluvial_glacial,0.5,2.2
56023,WY,Lincoln County,2.045,0.0803,18.89,SMU_IDW,surface+SMU_grad,51,clay_shale,1.5,3.5
56025,WY,Natrona County,2.712,0.1065,14.51,SMU_IDW,surface+SMU_grad,28,clay_shale,1.5,3.5
56027,WY,Niobrara County,1.808,0.071,16.35,SMU_IDW,surface+SMU_grad,33,clay_shale,1.5,3.5
56029,WY,Park County,2.023,0.0794,14.36,SMU_IDW,surface+SMU_grad,61,basalt_mafic,1.0,3.0
56031,WY,Platte County,2.271,0.0892,15.04,SMU_IDW,surface+SMU_grad,39,alluvial_glacial,0.5,2.2
56033,WY,Sheridan County,1.916,0.0752,12.92,SMU_IDW,surface+SMU_grad,6,alluvial_glacial,0.5,2.2
56035,WY,Sublette County,2.592,0.1018,15.59,SMU_IDW,surface+SMU_grad,60,alluvial_glacial,0.5,2.2
56037,WY,Sweetwater County,2.073,0.0814,16.89,SMU_IDW,surface+SMU_grad,36,alluvial_glacial,0.5,2.2
56039,WY,Teton County,1.943,0.0763,17.39,SMU_IDW,surface+SMU_grad,72,alluvial_glacial,0.5,2.2
56041,WY,Uinta County,2.5,0.0982,16.23,SMU_IDW,surface+SMU_grad,36,alluvial_glacial,0.5,2.2
56043,WY,Washakie County,2.721,0.1069,14.31,SMU_IDW,surface+SMU_grad,17,alluvial_glacial,0.5,2.2
56045,WY,Weston County,2.594,0.1019,14.9,SMU_IDW,surface+SMU_grad,18,alluvial_glacial,0.5,2.2
72001,PR,Adjuntas Municipio,2.5,0.0982,36.5,SGMC_CH1995,surface+default_grad,0,undifferentiated,1.5,4.0
72003,PR,Aguada Municipio,2.5,0.0982,36.33,SGMC_CH1995,surface+default_grad,0,undifferentiated,1.5,4.0
72005,PR,Aguadilla Municipio,2.5,0.0982,36.24,SGMC_CH1995,surface+default_grad,0,undifferentiated,1.5,4.0
72007,PR,Aguas Buenas Municipio,2.5,0.0982,36.43,SGMC_CH1995,surface+default_grad,0,undifferentiated,1.5,4.0
72009,PR,Aibonito Municipio,2.5,0.0982,36.54,SGMC_CH1995,surface+default_grad,0,undifferentiated,1.5,4.0
72011,PR,Añasco Municipio,2.5,0.0982,36.41,SGMC_CH1995,surface+default_grad,0,undifferentiated,1.5,4.0
72013,PR,Arecibo Municipio,2.5,0.0982,36.28,SGMC_CH1995,surface+default_grad,0,undifferentiated,1.5,4.0
72015,PR,Arroyo Municipio,2.5,0.0982,36.68,SGMC_CH1995,surface+default_grad,0,undifferentiated,1.5,4.0
72017,PR,Barceloneta Municipio,2.5,0.0982,36.25,SGMC_CH1995,surface+default_grad,0,undifferentiated,1.5,4.0
72019,PR,Barranquitas Municipio,2.5,0.0982,36.48,SGMC_CH1995,surface+default_grad,0,undifferentiated,1.5,4.0
72021,PR,Bayamón Municipio,2.5,0.0982,36.35,SGMC_CH1995,surface+default_grad,0,undifferentiated,1.5,4.0
72023,PR,Cabo Rojo Municipio,2.5,0.0982,36.66,SGMC_CH1995,surface+default_grad,0,undifferentiated,1.5,4.0
72025,PR,Caguas Municipio,2.5,0.0982,36.47,SGMC_CH1995,surface+default_grad,0,undifferentiated,1.5,4.0
72027,PR,Camuy Municipio,2.5,0.0982,36.27,SGMC_CH1995,surface+default_grad,0,undifferentiated,1.5,4.0
72029,PR,Canóvanas Municipio,2.5,0.0982,36.37,SGMC_CH1995,surface+default_grad,0,undifferentiated,1.5,4.0
72031,PR,Carolina Municipio,2.5,0.0982,36.31,SGMC_CH1995,surface+default_grad,0,undifferentiated,1.5,4.0
72033,PR,Cataño Municipio,2.5,0.0982,36.27,SGMC_CH1995,surface+default_grad,0,undifferentiated,1.5,4.0
72035,PR,Cayey Municipio,2.5,0.0982,36.57,SGMC_CH1995,surface+default_grad,0,undifferentiated,1.5,4.0
72037,PR,Ceiba Municipio,2.5,0.0982,36.44,SGMC_CH1995,surface+default_grad,0,undifferentiated,1.5,4.0
72039,PR,Ciales Municipio,2.5,0.0982,36.4,SGMC_CH1995,surface+default_grad,0,undifferentiated,1.5,4.0
72041,PR,Cidra Municipio,2.5,0.0982,36.51,SGMC_CH1995,surface+default_grad,0,undifferentiated,1.5,4.0
72043,PR,Coamo Municipio,2.5,0.0982,36.57,SGMC_CH1995,surface+default_grad,0,undifferentiated,1.5,4.0
72045,PR,Comerío Municipio,2.5,0.0982,36.46,SGMC_CH1995,surface+default_grad,0,undifferentiated,1.5,4.0
72047,PR,Corozal Municipio,2.5,0.0982,36.39,SGMC_CH1995,surface+default_grad,0,undifferentiated,1.5,4.0
72049,PR,Culebra Municipio,2.5,0.0982,36.37,SGMC_CH1995,surface+default_grad,0,undifferentiated,1.5,4.0
72051,PR,Dorado Municipio,2.5,0.0982,36.24,SGMC_CH1995,surface+default_grad,0,undifferentiated,1.5,4.0
72053,PR,Fajardo Municipio,2.5,0.0982,36.32,SGMC_CH1995,surface+default_grad,0,undifferentiated,1.5,4.0
72054,PR,Florida Municipio,2.5,0.0982,36.33,SGMC_CH1995,surface+default_grad,0,undifferentiated,1.5,4.0
72055,PR,Guánica Municipio,2.5,0.0982,36.71,SGMC_CH1995,surface+default_grad,0,undifferentiated,1.5,4.0
72057,PR,Guayama Municipio,2.5,0.0982,36.68,SGMC_CH1995,surface+default_grad,0,undifferentiated,1.5,4.0
72059,PR,Guayanilla Municipio,2.5,0.0982,36.66,SGMC_CH1995,surface+default_grad,0,undifferentiated,1.5,4.0
72061,PR,Guaynabo Municipio,2.5,0.0982,36.36,SGMC_CH1995,surface+default_grad,0,undifferentiated,1.5,4.0
72063,PR,Gurabo Municipio,2.5,0.0982,36.42,SGMC_CH1995,surface+default_grad,0,undifferentiated,1.5,4.0
72065,PR,Hatillo Municipio,2.5,0.0982,36.27,SGMC_CH1995,surface+default_grad,0,undifferentiated,1.5,4.0
72067,PR,Hormigueros Municipio,2.5,0.0982,36.54,SGMC_CH1995,surface+default_grad,0,undifferentiated,1.5,4.0
72069,PR,Humacao Municipio,2.5,0.0982,36.54,SGMC_CH1995,surface+default_grad,0,undifferentiated,1.5,4.0
72071,PR,Isabela Municipio,2.5,0.0982,36.23,SGMC_CH1995,surface+default_grad,0,undifferentiated,1.5,4.0
72073,PR,Jayuya Municipio,2.5,0.0982,36.47,SGMC_CH1995,surface+default_grad,0,undifferentiated,1.5,4.0
72075,PR,Juana Díaz Municipio,2.5,0.0982,36.66,SGMC_CH1995,surface+default_grad,0,undifferentiated,1.5,4.0
72077,PR,Juncos Municipio,2.5,0.0982,36.46,SGMC_CH1995,surface+default_grad,0,undifferentiated,1.5,4.0
72079,PR,Lajas Municipio,2.5,0.0982,36.68,SGMC_CH1995,surface+default_grad,0,undifferentiated,1.5,4.0
72081,PR,Lares Municipio,2.5,0.0982,36.42,SGMC_CH1995,surface+default_grad,0,undifferentiated,1.5,4.0
72083,PR,Las Marías Municipio,2.5,0.0982,36.46,SGMC_CH1995,surface+default_grad,0,undifferentiated,1.5,4.0
72085,PR,Las Piedras Municipio,2.5,0.0982,36.5,SGMC_CH1995,surface+default_grad,0,undifferentiated,1.5,4.0
72087,PR,Loíza Municipio,2.5,0.0982,36.27,SGMC_CH1995,surface+default_grad,0,undifferentiated,1.5,4.0
72089,PR,Luquillo Municipio,2.5,0.0982,36.34,SGMC_CH1995,surface+default_grad,0,undifferentiated,1.5,4.0
72091,PR,Manatí Municipio,2.5,0.0982,36.27,SGMC_CH1995,surface+default_grad,0,undifferentiated,1.5,4.0
72093,PR,Maricao Municipio,2.5,0.0982,36.51,SGMC_CH1995,surface+default_grad,0,undifferentiated,1.5,4.0
72095,PR,Maunabo Municipio,2.5,0.0982,36.66,SGMC_CH1995,surface+default_grad,0,undifferentiated,1.5,4.0
72097,PR,Mayagüez Municipio,2.5,0.0982,36.59,SGMC_CH1995,surface+default_grad,0,undifferentiated,1.5,4.0
72099,PR,Moca Municipio,2.5,0.0982,36.33,SGMC_CH1995,surface+default_grad,0,undifferentiated,1.5,4.0
72101,PR,Morovis Municipio,2.5,0.0982,36.38,SGMC_CH1995,surface+default_grad,0,undifferentiated,1.5,4.0
72103,PR,Naguabo Municipio,2.5,0.0982,36.47,SGMC_CH1995,surface+default_grad,0,undifferentiated,1.5,4.0
72105,PR,Naranjito Municipio,2.5,0.0982,36.4,SGMC_CH1995,surface+default_grad,0,undifferentiated,1.5,4.0
72107,PR,Orocovis Municipio,2.5,0.0982,36.47,SGMC_CH1995,surface+default_grad,0,undifferentiated,1.5,4.0
72109,PR,Patillas Municipio,2.5,0.0982,36.66,SGMC_CH1995,surface+default_grad,0,undifferentiated,1.5,4.0
72111,PR,Peñuelas Municipio,2.5,0.0982,36.64,SGMC_CH1995,surface+default_grad,0,undifferentiated,1.5,4.0
72113,PR,Ponce Municipio,2.5,0.0982,36.66,SGMC_CH1995,surface+default_grad,0,undifferentiated,1.5,4.0
72115,PR,Quebradillas Municipio,2.5,0.0982,36.25,SGMC_CH1995,surface+default_grad,0,undifferentiated,1.5,4.0
72117,PR,Rincón Municipio,2.5,0.0982,36.36,SGMC_CH1995,surface+default_grad,0,undifferentiated,1.5,4.0
72119,PR,Río Grande Municipio,2.5,0.0982,36.33,SGMC_CH1995,surface+default_grad,0,undifferentiated,1.5,4.0
72121,PR,Sabana Grande Municipio,2.5,0.0982,36.59,SGMC_CH1995,surface+default_grad,0,undifferentiated,1.5,4.0
72123,PR,Salinas Municipio,2.5,0.0982,36.69,SGMC_CH1995,surface+default_grad,0,undifferentiated,1.5,4.0
72125,PR,San Germán Municipio,2.5,0.0982,36.57,SGMC_CH1995,surface+default_grad,0,undifferentiated,1.5,4.0
72127,PR,San Juan Municipio,2.5,0.0982,36.29,SGMC_CH1995,surface+default_grad,0,undifferentiated,1.5,4.0
72129,PR,San Lorenzo Municipio,2.5,0.0982,36.53,SGMC_CH1995,surface+default_grad,0,undifferentiated,1.5,4.0
72131,PR,San Sebastián Municipio,2.5,0.0982,36.37,SGMC_CH1995,surface+default_grad,0,undifferentiated,1.5,4.0
72133,PR,Santa Isabel Municipio,2.5,0.0982,36.7,SGMC_CH1995,surface+default_grad,0,undifferentiated,1.5,4.0
72135,PR,Toa Alta Municipio,2.5,0.0982,36.34,SGMC_CH1995,surface+default_grad,0,undifferentiated,1.5,4.0
72137,PR,Toa Baja Municipio,2.5,0.0982,36.26,SGMC_CH1995,surface+default_grad,0,undifferentiated,1.5,4.0
72139,PR,Trujillo Alto Municipio,2.5,0.0982,36.36,SGMC_CH1995,surface+default_grad,0,undifferentiated,1.5,4.0
72141,PR,Utuado Municipio,2.5,0.0982,36.42,SGMC_CH1995,surface+default_grad,0,undifferentiated,1.5,4.0
72143,PR,Vega Alta Municipio,2.5,0.0982,36.28,SGMC_CH1995,surface+default_grad,0,undifferentiated,1.5,4.0
72145,PR,Vega Baja Municipio,2.5,0.0982,36.26,SGMC_CH1995,surface+default_grad,0,undifferentiated,1.5,4.0
72147,PR,Vieques Municipio,2.5,0.0982,36.55,SGMC_CH1995,surface+default_grad,0,undifferentiated,1.5,4.0
72149,PR,Villalba Municipio,2.5,0.0982,36.54,SGMC_CH1995,surface+default_grad,0,undifferentiated,1.5,4.0
72151,PR,Yabucoa Municipio,2.5,0.0982,36.61,SGMC_CH1995,surface+default_grad,0,undifferentiated,1.5,4.0
72153,PR,Yauco Municipio,2.5,0.0982,36.58,SGMC_CH1995,surface+default_grad,0,undifferentiated,1.5,4.0
