county_fips,shallow_soil_class,k_dry_wmpk,k_wmpk,k_sat_wmpk
17001,silt_clay,0.2081,1.3068,1.4995
17003,silt_clay,0.2138,1.3633,1.5649
17005,silt_clay,0.2161,1.3312,1.5268
02770,silt_clay,0.1863,1.0254,1.3868
02771,silt_clay,0.1644,0.9308,1.2608
02772,silt_clay,0.1662,0.9544,1.2938
02773,medium_fine_sand,0.1931,1.2555,1.5003
02774,medium_fine_sand,0.1984,1.2471,1.4888
02775,silt_clay,0.2025,1.1007,1.4874
02776,silt_clay,0.1694,0.9748,1.3216
02777,medium_fine_sand,0.1824,1.2085,1.445
02778,silt_clay,0.1409,0.8628,1.1736
02779,silt_clay,0.1932,1.0139,1.3673
02781,silt_clay,0.1374,0.8395,1.1419
02782,silt_clay,0.1338,0.8197,1.1151
02783,silt_clay,0.1424,0.8196,1.1112
02784,silt_clay,0.1339,0.8275,1.1262
02785,silt_clay,0.1383,0.8384,1.1399
02786,silt_clay,0.1338,0.8197,1.1151
02787,silt_clay,0.1541,0.9144,1.2418
02788,silt_clay,0.1499,0.8943,1.2149
02789,silt_clay,0.1928,1.0368,1.4003
02790,medium_fine_sand,0.1824,1.2085,1.445
02791,medium_fine_sand,0.2181,1.3509,1.612
02792,silt_clay,0.1595,0.8818,1.1929
02793,silt_clay,0.1719,0.9443,1.2769
02794,silt_clay,0.1959,1.0798,1.4604
02795,silt_clay,0.1944,1.0525,1.422
02796,silt_clay,0.2096,1.071,1.442
02797,medium_fine_sand,0.189,1.2035,1.4374
01001,medium_fine_sand,0.2369,1.6276,1.7582
01003,silt_clay,0.221,1.3529,1.5515
01005,medium_fine_sand,0.2303,1.6106,1.7402
01007,silt_clay,0.2293,1.411,1.6183
01009,silt_clay,0.2121,1.2214,1.3984
01011,silt_clay,0.2221,1.3845,1.5885
01013,medium_fine_sand,0.2243,1.5089,1.6295
01015,silt_clay,0.2105,1.1895,1.3612
01017,silt_clay,0.2047,1.2915,1.4821
01019,silt_clay,0.2111,1.2085,1.3835
01021,medium_fine_sand,0.2247,1.5274,1.6498
01023,silt_clay,0.2227,1.3697,1.5709
01025,medium_fine_sand,0.2205,1.479,1.5971
01027,silt_clay,0.21,1.286,1.4747
01029,silt_clay,0.2089,1.2676,1.4533
01031,medium_fine_sand,0.233,1.5801,1.7066
01033,silt_clay,0.2198,1.4043,1.6122
01035,medium_fine_sand,0.229,1.564,1.6893
01037,silt_clay,0.2123,1.3354,1.5324
01039,medium_fine_sand,0.2254,1.6135,1.7438
01041,medium_fine_sand,0.2322,1.637,1.7689
01043,silt_clay,0.2201,1.2738,1.4587
01045,medium_fine_sand,0.2303,1.6175,1.7477
01047,silt_clay,0.2264,1.3717,1.5726
01049,silt_clay,0.2129,1.1807,1.3505
01051,medium_fine_sand,0.2222,1.4904,1.6095
01053,medium_fine_sand,0.2292,1.5498,1.6738
01055,silt_clay,0.2141,1.2136,1.389
01057,silt_clay,0.2257,1.376,1.5779
01059,silt_clay,0.2215,1.2927,1.4806
01061,medium_fine_sand,0.2308,1.5776,1.704
01063,silt_clay,0.2214,1.3139,1.5056
01065,silt_clay,0.2192,1.3228,1.5164
01067,medium_fine_sand,0.2293,1.5923,1.7203
01069,medium_fine_sand,0.2291,1.6373,1.7696
01071,silt_clay,0.2109,1.3796,1.5846
01073,silt_clay,0.215,1.2289,1.4067
01075,silt_clay,0.2233,1.3793,1.5821
01077,silt_clay,0.2168,1.391,1.597
01079,silt_clay,0.2099,1.1849,1.356
01081,medium_fine_sand,0.2125,1.4429,1.5584
01083,silt_clay,0.2136,1.3628,1.5644
01085,silt_clay,0.215,1.3201,1.514
01087,medium_fine_sand,0.2149,1.4443,1.5598
01089,silt_clay,0.2117,1.3721,1.5756
01091,silt_clay,0.2176,1.3064,1.4975
01093,medium_fine_sand,0.2276,1.4979,1.6172
01095,silt_clay,0.2132,1.2203,1.3969
01097,medium_fine_sand,0.228,1.5487,1.6727
01099,medium_fine_sand,0.2272,1.5013,1.621
01101,silt_clay,0.2171,1.3077,1.4991
01103,silt_clay,0.2126,1.2052,1.3794
01105,silt_clay,0.2164,1.3087,1.5003
01107,silt_clay,0.2133,1.3017,1.4926
01109,medium_fine_sand,0.2296,1.5867,1.7141
01111,medium_fine_sand,0.2079,1.4142,1.5274
01113,medium_fine_sand,0.2195,1.4793,1.5976
01115,silt_clay,0.2177,1.2151,1.3901
01117,silt_clay,0.2198,1.2273,1.404
01119,silt_clay,0.2165,1.2631,1.4467
01121,silt_clay,0.2135,1.216,1.3918
01123,silt_clay,0.2139,1.3478,1.5467
01125,silt_clay,0.2292,1.364,1.5631
01127,silt_clay,0.2261,1.369,1.5695
01129,medium_fine_sand,0.233,1.5516,1.6754
01131,silt_clay,0.2174,1.29,1.4781
01133,silt_clay,0.224,1.3724,1.5739
05001,silt_clay,0.21,1.3401,1.5384
05003,silt_clay,0.2199,1.4075,1.6158
05005,silt_clay,0.2079,1.1868,1.3585
05007,silt_clay,0.2121,1.351,1.5508
05009,silt_clay,0.204,1.1579,1.3252
05011,silt_clay,0.2263,1.3857,1.5891
05015,silt_clay,0.2074,1.189,1.3612
05017,silt_clay,0.2127,1.3385,1.5361
05019,silt_clay,0.2218,1.312,1.5032
05021,silt_clay,0.2124,1.1781,1.3475
05023,silt_clay,0.2173,1.2817,1.4684
05025,silt_clay,0.2254,1.2931,1.4804
05027,silt_clay,0.2226,1.3169,1.5089
05029,silt_clay,0.215,1.2113,1.3861
05031,silt_clay,0.2131,1.3611,1.5625
05033,silt_clay,0.2132,1.2568,1.4399
05035,silt_clay,0.2142,1.3904,1.5967
05037,silt_clay,0.2134,1.3447,1.5432
05041,silt_clay,0.2083,1.3259,1.522
05043,silt_clay,0.2193,1.4014,1.6088
05045,silt_clay,0.2149,1.2342,1.4131
05047,silt_clay,0.2114,1.2441,1.4253
05049,silt_clay,0.2096,1.2157,1.3922
05051,silt_clay,0.2195,1.2535,1.4349
05053,silt_clay,0.2211,1.2971,1.4859
05055,silt_clay,0.2153,1.3959,1.603
05057,silt_clay,0.2169,1.2644,1.4482
05059,silt_clay,0.2227,1.3361,1.5314
05061,silt_clay,0.2106,1.2612,1.4455
05063,silt_clay,0.2123,1.2379,1.4179
05065,silt_clay,0.2091,1.2102,1.3859
05067,silt_clay,0.2186,1.2315,1.4092
05071,silt_clay,0.2135,1.2645,1.4488
05075,silt_clay,0.2097,1.1828,1.3536
05077,silt_clay,0.2111,1.3441,1.5429
05083,silt_clay,0.2157,1.244,1.4244
05087,silt_clay,0.2094,1.1766,1.3463
05089,silt_clay,0.2076,1.1779,1.3482
05093,silt_clay,0.2086,1.177,1.3469
05095,silt_clay,0.2151,1.3833,1.5883
05097,silt_clay,0.2155,1.2756,1.4616
05099,silt_clay,0.2169,1.3096,1.5013
05101,silt_clay,0.2115,1.2456,1.427
05103,silt_clay,0.2197,1.3617,1.5621
05105,silt_clay,0.2164,1.21,1.3843
05107,silt_clay,0.213,1.3501,1.5495
05109,silt_clay,0.2124,1.2693,1.4547
05111,silt_clay,0.2098,1.3348,1.5322
05113,silt_clay,0.2184,1.2693,1.4537
05115,silt_clay,0.214,1.2442,1.4249
05119,silt_clay,0.2175,1.1855,1.3553
05121,silt_clay,0.2076,1.1623,1.3298
05123,silt_clay,0.2148,1.3619,1.5631
05125,silt_clay,0.2216,1.2592,1.4412
05127,silt_clay,0.2219,1.2873,1.4742
05129,silt_clay,0.2093,1.2376,1.418
05131,silt_clay,0.2172,1.2054,1.3788
05133,silt_clay,0.2209,1.2777,1.4631
05135,silt_clay,0.2099,1.2213,1.3988
05137,silt_clay,0.2084,1.2219,1.3997
05139,silt_clay,0.2174,1.2998,1.4897
05141,silt_clay,0.2173,1.2809,1.4675
05143,silt_clay,0.2122,1.1794,1.3491
05145,silt_clay,0.2136,1.2064,1.3806
05147,silt_clay,0.2126,1.1705,1.3385
05149,silt_clay,0.2152,1.2595,1.4427
05620,silt_clay,0.2278,1.3518,1.549
05660,silt_clay,0.216,1.3861,1.5914
05670,silt_clay,0.2121,1.2101,1.3852
05680,silt_clay,0.2133,1.3556,1.556
04623,medium_fine_sand,0.2004,1.2777,1.5259
04625,silt_clay,0.1894,1.0544,1.4269
04627,medium_fine_sand,0.2255,1.4167,1.6912
04629,medium_fine_sand,0.1993,1.2972,1.5503
04631,silt_clay,0.2186,1.1671,1.5755
04633,medium_fine_sand,0.1973,1.2384,1.4783
04635,silt_clay,0.1871,1.0366,1.4024
04637,silt_clay,0.1993,1.0631,1.4351
04639,medium_fine_sand,0.2066,1.304,1.5569
04641,silt_clay,0.1812,0.972,1.3126
04643,silt_clay,0.1839,0.9736,1.3136
04645,medium_fine_sand,0.1964,1.253,1.4965
04646,medium_fine_sand,0.197,1.2412,1.4818
04647,medium_fine_sand,0.2409,1.5481,1.8494
04648,medium_fine_sand,0.2393,1.5314,1.8292
04649,medium_fine_sand,0.2046,1.3132,1.5688
04651,silt_clay,0.2051,1.1188,1.5122
04653,medium_fine_sand,0.2052,1.349,1.6127
04655,silt_clay,0.2026,1.0931,1.4765
04656,medium_fine_sand,0.2016,1.284,1.5335
04657,medium_fine_sand,0.2403,1.5125,1.8057
04658,medium_fine_sand,0.2016,1.2933,1.5449
04659,silt_clay,0.1996,1.0992,1.4866
04661,medium_fine_sand,0.2003,1.2729,1.5201
04662,medium_fine_sand,0.1978,1.2423,1.4831
04663,silt_clay,0.1941,1.0711,1.4488
04664,silt_clay,0.2086,1.0987,1.4819
04665,silt_clay,0.193,1.0549,1.426
04666,medium_fine_sand,0.1997,1.2777,1.5261
04667,medium_fine_sand,0.1944,1.2277,1.4659
04668,medium_fine_sand,0.1966,1.2572,1.5017
04669,medium_fine_sand,0.1973,1.2656,1.5118
04671,medium_fine_sand,0.1976,1.2492,1.4916
04673,silt_clay,0.192,1.0357,1.399
04675,silt_clay,0.1953,1.0736,1.4518
04683,silt_clay,0.1837,0.9766,1.318
04687,silt_clay,0.1993,1.0967,1.4831
04691,silt_clay,0.2148,1.1237,1.515
04693,medium_fine_sand,0.2052,1.3042,1.5575
04695,silt_clay,0.2183,1.1165,1.5033
04697,medium_fine_sand,0.2082,1.3369,1.597
04699,silt_clay,0.1954,1.0774,1.4572
04701,silt_clay,0.1915,1.0486,1.4177
04703,medium_fine_sand,0.2331,1.4272,1.7024
04707,medium_fine_sand,0.21,1.4052,1.6807
04711,medium_fine_sand,0.2163,1.512,1.8106
04712,medium_fine_sand,0.2009,1.2805,1.5293
04713,medium_fine_sand,0.2022,1.3376,1.5992
04714,medium_fine_sand,0.2014,1.3544,1.6201
04715,medium_fine_sand,0.2092,1.3436,1.6051
04723,silt_clay,0.2208,1.1731,1.5833
06011,silt_clay,0.2113,0.8029,1.3812
06013,silt_clay,0.1999,0.765,1.3174
06021,silt_clay,0.2103,0.8136,1.4032
06031,silt_clay,0.2167,0.8641,1.4969
06033,silt_clay,0.2161,0.8536,1.4767
06041,silt_clay,0.2084,0.826,1.4296
06053,silt_clay,0.2195,0.8976,1.5605
06055,silt_clay,0.2029,0.7967,1.377
06067,silt_clay,0.2171,0.8645,1.4972
06069,silt_clay,0.2128,0.8536,1.48
06077,silt_clay,0.2113,0.8429,1.4602
06087,silt_clay,0.2003,0.847,1.4792
06095,silt_clay,0.2016,0.7698,1.3252
06097,silt_clay,0.2067,0.8249,1.4291
06101,silt_clay,0.2199,0.8433,1.4526
06113,silt_clay,0.2109,0.7847,1.3457
06600,silt_clay,0.1811,0.7489,1.304
06601,silt_clay,0.1847,0.7681,1.3383
06602,silt_clay,0.1874,0.776,1.3514
06603,silt_clay,0.1901,0.7806,1.3578
06604,silt_clay,0.1638,0.745,1.313
06605,silt_clay,0.1709,0.7286,1.2738
06606,silt_clay,0.2039,0.8432,1.4681
06607,silt_clay,0.1902,0.8144,1.4246
06608,silt_clay,0.1945,0.8237,1.4386
06609,silt_clay,0.2021,0.7727,1.3303
06610,silt_clay,0.2072,0.8912,1.5598
06612,silt_clay,0.2148,0.8589,1.4884
06614,medium_fine_sand,0.1882,1.0232,1.46
06618,silt_clay,0.1964,0.7966,1.3832
06619,silt_clay,0.187,0.7848,1.369
06620,silt_clay,0.2093,0.8476,1.4714
06624,silt_clay,0.1856,0.7953,1.3913
06628,silt_clay,0.2082,0.8542,1.4856
06630,silt_clay,0.1852,0.783,1.3674
06632,silt_clay,0.2118,0.8517,1.4772
06637,silt_clay,0.2106,0.8652,1.505
06638,medium_fine_sand,0.2244,1.1765,1.6746
06641,silt_clay,0.198,0.8232,1.4343
06642,silt_clay,0.2163,0.8537,1.4767
06644,medium_fine_sand,0.2287,1.1536,1.6375
06645,silt_clay,0.1913,0.8068,1.4085
06646,silt_clay,0.2053,0.8289,1.4384
06647,silt_clay,0.215,0.8516,1.4738
06648,medium_fine_sand,0.2344,1.1763,1.6691
06649,silt_clay,0.193,0.7963,1.3859
06651,medium_fine_sand,0.2348,1.2178,1.732
06653,silt_clay,0.213,0.8398,1.4526
06654,medium_fine_sand,0.2315,1.1902,1.6917
06659,silt_clay,0.2228,0.8987,1.5594
06660,medium_fine_sand,0.2075,1.1111,1.5838
06663,medium_fine_sand,0.2228,1.2122,1.7297
06664,silt_clay,0.2208,0.8934,1.5509
06665,silt_clay,0.2191,0.882,1.53
06666,silt_clay,0.224,0.9066,1.5739
06667,silt_clay,0.2266,0.9171,1.5921
06668,medium_fine_sand,0.2343,1.2707,1.8128
06669,medium_fine_sand,0.2424,1.3032,1.8582
06670,medium_fine_sand,0.232,1.24,1.7673
06671,medium_fine_sand,0.2439,1.3374,1.9095
06672,silt_clay,0.2202,0.907,1.5784
06673,silt_clay,0.2134,0.8807,1.5329
06674,silt_clay,0.2215,0.8944,1.552
06675,medium_fine_sand,0.2282,1.1893,1.6921
06676,medium_fine_sand,0.2228,1.1294,1.6037
06677,medium_fine_sand,0.2176,1.1304,1.6078
06678,silt_clay,0.2191,0.8813,1.5286
06679,medium_fine_sand,0.2333,1.2072,1.7166
06680,medium_fine_sand,0.2524,1.4606,2.0926
06681,medium_fine_sand,0.2235,1.2609,1.8036
06682,medium_fine_sand,0.2386,1.3548,1.9387
06683,medium_fine_sand,0.2052,1.116,1.5924
06684,silt_clay,0.1782,0.766,1.3405
06685,silt_clay,0.186,0.7995,1.3992
06686,medium_fine_sand,0.1919,1.0639,1.5201
06687,silt_clay,0.2033,0.8283,1.4391
06688,silt_clay,0.1991,0.773,1.3339
06689,silt_clay,0.2038,0.8269,1.436
06691,medium_fine_sand,0.2298,1.1714,1.6641
06692,silt_clay,0.2187,0.8805,1.5273
06693,medium_fine_sand,0.1936,1.1408,1.6363
06694,silt_clay,0.1928,0.8057,1.4048
06695,medium_fine_sand,0.2284,1.2686,1.8127
06696,silt_clay,0.2209,0.9088,1.5811
06697,medium_fine_sand,0.2444,1.3355,1.9063
06698,medium_fine_sand,0.245,1.3661,1.9526
06699,medium_fine_sand,0.2528,1.4337,2.0515
06701,silt_clay,0.1852,0.7697,1.341
06702,medium_fine_sand,0.1989,1.0604,1.5111
06703,silt_clay,0.182,0.7809,1.3663
06704,,,,
06707,medium_fine_sand,0.193,1.0288,1.466
06708,medium_fine_sand,0.1634,0.9531,1.3663
06709,silt_clay,0.2107,0.8531,1.481
06713,medium_fine_sand,0.1976,1.0636,1.5167
06719,medium_fine_sand,0.1768,0.9734,1.3901
06724,medium_fine_sand,0.1983,1.1461,1.6419
06729,medium_fine_sand,0.1965,1.1111,1.5895
06731,medium_fine_sand,0.1844,1.0168,1.4523
06732,medium_fine_sand,0.2134,1.2347,1.769
06740,medium_fine_sand,0.2034,1.1865,1.7008
06750,medium_fine_sand,0.2082,1.1316,1.6147
06760,medium_fine_sand,0.201,1.1485,1.6442
06763,medium_fine_sand,0.2328,1.256,1.7913
06772,medium_fine_sand,0.2277,1.1603,1.6481
06776,medium_fine_sand,0.2332,1.2214,1.7384
06777,medium_fine_sand,0.2221,1.1924,1.6999
06788,medium_fine_sand,0.2284,1.195,1.7007
06789,medium_fine_sand,0.1468,0.9363,1.3493
06790,medium_fine_sand,0.2374,1.3486,1.9299
06792,medium_fine_sand,0.1882,1.1066,1.587
06793,medium_fine_sand,0.2269,1.2591,1.7991
06794,medium_fine_sand,0.2541,1.4776,2.1177
06795,medium_fine_sand,0.2415,1.3644,1.9518
06796,silt_clay,0.1618,0.6946,1.2154
06802,medium_fine_sand,0.2396,1.3456,1.9242
06803,medium_fine_sand,0.234,1.3424,1.9222
06804,medium_fine_sand,0.2121,1.1665,1.6658
06805,medium_fine_sand,0.2313,1.2675,1.8095
06806,medium_fine_sand,0.239,1.3016,1.8574
08001,medium_fine_sand,0.2261,1.363,1.625
08005,silt_clay,0.2191,1.1373,1.5327
08009,silt_clay,0.2105,1.0625,1.4294
08011,silt_clay,0.2143,1.0658,1.4326
08017,silt_clay,0.2169,1.1361,1.5319
08023,medium_fine_sand,0.188,1.2412,1.484
08025,silt_clay,0.2192,1.152,1.5537
08031,silt_clay,0.2282,1.1833,1.5946
08061,silt_clay,0.2191,1.1258,1.5163
08063,silt_clay,0.1948,1.0052,1.3542
08073,silt_clay,0.21,1.1202,1.5122
08075,medium_fine_sand,0.2139,1.3138,1.5673
08087,medium_fine_sand,0.2244,1.3943,1.6639
08089,silt_clay,0.2165,1.0758,1.4458
08095,medium_fine_sand,0.2201,1.3907,1.6605
08099,silt_clay,0.2038,1.0594,1.4279
08115,medium_fine_sand,0.2079,1.3035,1.556
08121,silt_clay,0.2106,1.1109,1.4986
08125,medium_fine_sand,0.2204,1.3595,1.622
08617,medium_fine_sand,0.2187,1.3688,1.6339
08618,medium_fine_sand,0.2224,1.3662,1.6299
08622,medium_fine_sand,0.2059,1.3415,1.6032
08623,silt_clay,0.207,1.1207,1.5142
08624,silt_clay,0.2171,1.1396,1.5368
08625,medium_fine_sand,0.2188,1.3444,1.6038
08626,silt_clay,0.2126,1.0741,1.4451
08627,silt_clay,0.2017,1.0622,1.4327
08628,silt_clay,0.1934,0.9984,1.3451
08630,medium_fine_sand,0.2063,1.3063,1.5599
08631,medium_fine_sand,0.2102,1.3484,1.6107
08632,medium_fine_sand,0.2205,1.4368,1.7172
08633,medium_fine_sand,0.2053,1.303,1.556
08634,medium_fine_sand,0.2408,1.4739,1.7581
08635,medium_fine_sand,0.1954,1.2897,1.5419
08636,medium_fine_sand,0.1792,1.1879,1.4203
08637,silt_clay,0.1975,1.0676,1.4423
08638,medium_fine_sand,0.1838,1.2198,1.4585
08640,medium_fine_sand,0.1876,1.3077,1.5658
08641,medium_fine_sand,0.2096,1.2895,1.5384
08642,medium_fine_sand,0.1845,1.2707,1.5211
08643,medium_fine_sand,0.2194,1.3431,1.6021
08644,silt_clay,0.2117,1.1259,1.5196
08645,medium_fine_sand,0.1973,1.3007,1.5549
08646,medium_fine_sand,0.1977,1.257,1.5011
08647,medium_fine_sand,0.2166,1.3168,1.5704
08648,silt_clay,0.2111,1.1055,1.4906
08649,silt_clay,0.2007,1.075,1.4515
08650,silt_clay,0.2129,1.1307,1.526
08651,medium_fine_sand,0.183,1.2701,1.5207
08653,medium_fine_sand,0.2102,1.3913,1.6635
08654,silt_clay,0.2165,1.1211,1.5106
08655,silt_clay,0.1972,1.0692,1.4447
08657,medium_fine_sand,0.2212,1.3803,1.6475
08658,medium_fine_sand,0.2125,1.4529,1.7388
08660,silt_clay,0.1923,1.0182,1.3739
08661,medium_fine_sand,0.2257,1.3646,1.6271
08662,silt_clay,0.1899,1.031,1.3933
08663,medium_fine_sand,0.1831,1.1882,1.4198
08664,silt_clay,0.1813,0.9994,1.3517
08666,silt_clay,0.1778,0.9924,1.3432
08668,silt_clay,0.2029,1.0565,1.424
08669,silt_clay,0.1994,1.0543,1.4225
08670,silt_clay,0.2084,1.0981,1.4812
08671,silt_clay,0.1991,1.0398,1.4018
08672,silt_clay,0.183,0.9878,1.3343
08674,silt_clay,0.1867,1.0114,1.3665
08675,silt_clay,0.1843,0.9832,1.3272
08676,silt_clay,0.1987,1.0724,1.4486
08677,silt_clay,0.2015,1.053,1.4197
08679,silt_clay,0.2026,1.0311,1.3878
08680,silt_clay,0.2232,1.1504,1.5497
08682,silt_clay,0.2041,1.0568,1.424
08683,silt_clay,0.192,1.0284,1.3886
08684,silt_clay,0.1669,0.9196,1.2438
08685,silt_clay,0.1914,1.0231,1.3813
08686,silt_clay,0.193,1.0701,1.4477
08690,silt_clay,0.2021,1.0851,1.4653
08692,medium_fine_sand,0.198,1.2622,1.5075
09601,medium_fine_sand,0.2018,1.406,1.5191
09602,medium_fine_sand,0.2077,1.4664,1.5845
11001,medium_fine_sand,0.2261,1.5363,1.6593
10001,medium_fine_sand,0.2328,1.6184,1.7485
10003,medium_fine_sand,0.2278,1.5059,1.6259
10005,medium_fine_sand,0.2272,1.6146,1.7449
12001,medium_fine_sand,0.2353,1.8147,1.963
12003,medium_fine_sand,0.2227,1.8133,1.9627
12005,coarse_sand,0.2961,1.9481,2.0705
12007,medium_fine_sand,0.2198,1.7592,1.9038
12009,coarse_sand,0.3057,1.9934,2.1184
12013,medium_fine_sand,0.2394,1.8071,1.9543
12015,coarse_sand,0.3167,2.0742,2.2044
12017,coarse_sand,0.3009,1.9845,2.1092
12019,coarse_sand,0.2815,1.9024,2.0225
12023,medium_fine_sand,0.2308,1.8691,2.0229
12027,coarse_sand,0.3105,2.0479,2.1766
12029,coarse_sand,0.2738,1.905,2.0258
12031,coarse_sand,0.2786,1.8827,2.0015
12033,medium_fine_sand,0.2319,1.7426,1.8844
12035,coarse_sand,0.3032,2.0154,2.1423
12037,coarse_sand,0.2832,1.8988,2.0185
12039,medium_fine_sand,0.2367,1.8358,1.9859
12041,coarse_sand,0.2904,1.9612,2.0849
12043,coarse_sand,0.3123,2.0573,2.1865
12045,medium_fine_sand,0.2316,1.8207,1.9699
12047,medium_fine_sand,0.2285,1.8346,1.9854
12049,coarse_sand,0.3091,2.0468,2.1755
12051,coarse_sand,0.3074,2.0057,2.1316
12053,medium_fine_sand,0.2353,1.8337,1.9838
12055,coarse_sand,0.3035,2.0429,2.1718
12057,coarse_sand,0.3067,2.041,2.1695
12059,medium_fine_sand,0.2366,1.7834,1.9286
12061,coarse_sand,0.3017,1.9983,2.124
12063,medium_fine_sand,0.235,1.7671,1.911
12065,medium_fine_sand,0.2367,1.8495,2.001
12067,coarse_sand,0.2736,1.8708,1.9891
12071,coarse_sand,0.3165,2.0728,2.2029
12073,medium_fine_sand,0.2416,1.8517,2.0029
12075,coarse_sand,0.2871,1.9123,2.0327
12077,medium_fine_sand,0.2365,1.856,2.0081
12079,medium_fine_sand,0.2412,1.8729,2.0261
12081,coarse_sand,0.2982,2.0023,2.1285
12085,coarse_sand,0.3038,2.0198,2.147
12089,medium_fine_sand,0.2169,1.7723,1.9184
12091,medium_fine_sand,0.2389,1.8427,1.9933
12093,coarse_sand,0.3063,2.0428,2.1714
12095,coarse_sand,0.307,2.0291,2.1567
12097,coarse_sand,0.3069,2.0295,2.1571
12101,coarse_sand,0.3022,1.9657,2.0889
12103,coarse_sand,0.288,1.9805,2.1059
12105,coarse_sand,0.296,1.9812,2.106
12107,coarse_sand,0.2994,1.9809,2.1054
12109,coarse_sand,0.2854,1.939,2.0615
12111,coarse_sand,0.3025,1.9973,2.1228
12113,medium_fine_sand,0.2389,1.8008,1.9474
12115,coarse_sand,0.3146,2.0506,2.1792
12117,coarse_sand,0.2982,2.0139,2.141
12119,coarse_sand,0.3014,1.9649,2.0881
12121,coarse_sand,0.2856,1.8921,2.0111
12123,coarse_sand,0.2777,1.9212,2.043
12125,medium_fine_sand,0.2176,1.7269,1.8687
12127,coarse_sand,0.2963,2.0068,2.1335
12129,coarse_sand,0.2836,1.9223,2.0437
12131,medium_fine_sand,0.235,1.7965,1.9431
12133,medium_fine_sand,0.2326,1.7831,1.9287
12606,coarse_sand,0.2788,1.8885,2.0078
12607,coarse_sand,0.2942,1.9331,2.0545
12608,medium_fine_sand,0.2314,1.779,1.9243
12609,coarse_sand,0.3042,2.0366,2.1649
12611,coarse_sand,0.3074,2.0369,2.165
12615,medium_fine_sand,0.2244,1.5999,1.7291
12616,coarse_sand,0.2947,1.9928,2.1186
12618,medium_fine_sand,0.2301,1.8403,1.9915
12621,coarse_sand,0.3149,2.04,2.1678
12622,medium_fine_sand,0.2286,1.6694,1.8047
12623,medium_fine_sand,0.2126,1.4582,1.5752
12624,silt_clay,0.2091,1.2336,1.4133
12686,medium_fine_sand,0.2188,1.5061,1.627
12687,silt_clay,0.2012,1.156,1.3235
13015,silt_clay,0.2245,1.3087,1.4989
13021,medium_fine_sand,0.2204,1.4949,1.6145
13031,medium_fine_sand,0.2397,1.7286,1.8684
13033,medium_fine_sand,0.2396,1.6927,1.8292
13035,medium_fine_sand,0.2282,1.5535,1.6779
13047,silt_clay,0.213,1.1753,1.3441
13067,silt_clay,0.211,1.3196,1.5141
13087,medium_fine_sand,0.2412,1.73,1.8698
13089,medium_fine_sand,0.2117,1.4402,1.5556
13095,medium_fine_sand,0.2369,1.6423,1.7743
13097,silt_clay,0.213,1.3244,1.5194
13103,medium_fine_sand,0.2234,1.7135,1.8535
13107,medium_fine_sand,0.2431,1.741,1.8817
13117,medium_fine_sand,0.2065,1.4211,1.5351
13121,medium_fine_sand,0.2201,1.5412,1.6652
13129,silt_clay,0.2126,1.207,1.3815
13131,medium_fine_sand,0.2427,1.748,1.8893
13133,medium_fine_sand,0.2205,1.4725,1.5901
13135,medium_fine_sand,0.2149,1.453,1.5692
13137,silt_clay,0.2085,1.3321,1.5292
13147,medium_fine_sand,0.2094,1.4284,1.5429
13159,medium_fine_sand,0.2084,1.4192,1.5328
13165,medium_fine_sand,0.2423,1.7169,1.8553
13185,medium_fine_sand,0.2366,1.7457,1.8875
13191,medium_fine_sand,0.2294,1.6784,1.8144
13199,silt_clay,0.2129,1.3452,1.5438
13207,medium_fine_sand,0.2248,1.5219,1.6437
13211,silt_clay,0.2136,1.3441,1.5424
13215,medium_fine_sand,0.2255,1.5607,1.6861
13221,silt_clay,0.2073,1.3135,1.5076
13223,medium_fine_sand,0.2301,1.5444,1.6678
13229,medium_fine_sand,0.2359,1.7336,1.8742
13243,medium_fine_sand,0.2405,1.6849,1.8205
13245,medium_fine_sand,0.2196,1.5265,1.6492
13251,medium_fine_sand,0.2296,1.697,1.8348
13255,silt_clay,0.2141,1.3481,1.5471
13259,medium_fine_sand,0.2367,1.6673,1.8016
13277,medium_fine_sand,0.242,1.7475,1.8889
13283,medium_fine_sand,0.2353,1.6312,1.7623
13289,medium_fine_sand,0.2365,1.6255,1.756
13297,medium_fine_sand,0.2101,1.4265,1.5407
13299,medium_fine_sand,0.218,1.6952,1.8339
13305,medium_fine_sand,0.2318,1.6771,1.8128
13307,medium_fine_sand,0.24,1.6946,1.8312
13321,medium_fine_sand,0.2413,1.7249,1.8642
13601,medium_fine_sand,0.2316,1.6687,1.8036
13602,medium_fine_sand,0.229,1.659,1.7933
13603,medium_fine_sand,0.24,1.6924,1.8288
13604,medium_fine_sand,0.222,1.4948,1.6143
13605,silt_clay,0.2091,1.3248,1.5205
13606,silt_clay,0.2171,1.3369,1.5334
13608,medium_fine_sand,0.2416,1.7179,1.8565
13609,medium_fine_sand,0.2315,1.6843,1.8207
13610,medium_fine_sand,0.2404,1.7009,1.838
13611,medium_fine_sand,0.2205,1.7093,1.849
13612,medium_fine_sand,0.2404,1.7242,1.8635
13613,medium_fine_sand,0.2233,1.6429,1.7762
13615,medium_fine_sand,0.2367,1.6475,1.78
13616,medium_fine_sand,0.2222,1.634,1.7665
13617,medium_fine_sand,0.2415,1.7421,1.883
13618,silt_clay,0.2138,1.3467,1.5454
13619,silt_clay,0.2127,1.1875,1.3585
13620,medium_fine_sand,0.2387,1.6977,1.8347
13621,silt_clay,0.2118,1.2116,1.387
13622,silt_clay,0.2149,1.3538,1.5537
13623,medium_fine_sand,0.2111,1.4391,1.5544
13625,medium_fine_sand,0.2181,1.4699,1.5874
13626,medium_fine_sand,0.2166,1.6622,1.798
13627,medium_fine_sand,0.243,1.7579,1.9002
13628,medium_fine_sand,0.2175,1.4585,1.575
13629,silt_clay,0.2139,1.352,1.5516
13630,medium_fine_sand,0.2277,1.578,1.7048
13631,medium_fine_sand,0.2419,1.7436,1.8846
13632,silt_clay,0.2118,1.3319,1.5284
13634,medium_fine_sand,0.2354,1.67,1.8048
13636,silt_clay,0.2171,1.3591,1.5594
13637,medium_fine_sand,0.2194,1.4867,1.6056
13638,medium_fine_sand,0.2377,1.6878,1.8239
13639,medium_fine_sand,0.2294,1.5665,1.692
13640,medium_fine_sand,0.2282,1.5536,1.6781
13641,medium_fine_sand,0.2378,1.6852,1.8211
13642,silt_clay,0.2148,1.3376,1.5345
13643,medium_fine_sand,0.2371,1.6742,1.8092
13644,medium_fine_sand,0.2218,1.6309,1.7632
13645,silt_clay,0.2081,1.296,1.4869
13646,medium_fine_sand,0.2417,1.6866,1.8222
13647,medium_fine_sand,0.2427,1.7519,1.8936
13648,silt_clay,0.2141,1.2232,1.4002
13649,medium_fine_sand,0.2134,1.4793,1.5982
13650,medium_fine_sand,0.2414,1.7302,1.87
13651,medium_fine_sand,0.2085,1.4347,1.5498
13652,medium_fine_sand,0.2413,1.6818,1.8171
13654,medium_fine_sand,0.2364,1.6898,1.8262
13655,medium_fine_sand,0.234,1.6041,1.7328
13658,medium_fine_sand,0.237,1.6526,1.7855
15701,silt_clay,0.1066,0.7292,0.9973
15801,silt_clay,0.1009,0.6858,0.9377
15950,silt_clay,0.1697,0.9853,1.3365
15960,silt_clay,0.16,0.9426,1.2796
15970,silt_clay,0.176,1.0058,1.3631
15980,silt_clay,0.156,0.9369,1.2732
15990,silt_clay,0.1622,0.9523,1.2926
15995,silt_clay,0.1821,1.0253,1.3884
19001,silt_clay,0.2072,1.3202,1.5155
19003,silt_clay,0.2073,1.3174,1.5122
19005,silt_clay,0.2065,1.3419,1.541
19007,silt_clay,0.2118,1.3541,1.5545
19009,silt_clay,0.2018,1.3023,1.4954
19011,silt_clay,0.2211,1.2359,1.4139
19013,silt_clay,0.2306,1.3715,1.5717
19015,silt_clay,0.2074,1.2603,1.445
19017,silt_clay,0.2293,1.3786,1.5803
19019,silt_clay,0.2323,1.4041,1.6097
19021,silt_clay,0.1997,1.1584,1.3266
19023,silt_clay,0.2262,1.3282,1.5215
19025,silt_clay,0.2009,1.2125,1.39
19027,silt_clay,0.2032,1.174,1.3443
19029,silt_clay,0.2043,1.3024,1.495
19031,silt_clay,0.2138,1.3848,1.5903
19033,silt_clay,0.2186,1.2859,1.4732
19035,silt_clay,0.2017,1.3265,1.5239
19037,silt_clay,0.2317,1.3874,1.5901
19039,silt_clay,0.2096,1.3553,1.5563
19041,silt_clay,0.2064,1.2123,1.3888
19043,silt_clay,0.2136,1.173,1.3413
19045,silt_clay,0.2145,1.1813,1.351
19047,silt_clay,0.1952,1.2434,1.4273
19049,silt_clay,0.2089,1.1958,1.369
19051,silt_clay,0.2103,1.351,1.5511
19053,silt_clay,0.2115,1.3608,1.5625
19055,silt_clay,0.2192,1.2358,1.4142
19057,silt_clay,0.2087,1.3254,1.5213
19059,silt_clay,0.2093,1.2654,1.4507
19061,silt_clay,0.2165,1.201,1.3737
19063,silt_clay,0.2029,1.2403,1.4223
19065,silt_clay,0.2228,1.2764,1.4613
19067,silt_clay,0.2306,1.3523,1.5491
19069,silt_clay,0.2157,1.2539,1.436
19071,silt_clay,0.1961,1.2573,1.4435
19073,silt_clay,0.2062,1.2563,1.4405
19075,silt_clay,0.221,1.2592,1.4413
19077,silt_clay,0.2063,1.3483,1.5486
19079,silt_clay,0.2035,1.2242,1.4033
19081,silt_clay,0.2017,1.2196,1.3982
19083,silt_clay,0.2107,1.2081,1.383
19085,silt_clay,0.1943,1.2466,1.4312
19087,silt_clay,0.2101,1.339,1.537
19089,silt_clay,0.2276,1.3251,1.5177
19091,silt_clay,0.2069,1.2506,1.4337
19093,silt_clay,0.1971,1.2676,1.4554
19095,silt_clay,0.2138,1.3768,1.5808
19097,silt_clay,0.2089,1.3458,1.5453
19099,silt_clay,0.209,1.3578,1.5593
19101,silt_clay,0.2101,1.3359,1.5334
19103,silt_clay,0.2153,1.1837,1.3535
19105,silt_clay,0.2191,1.2337,1.4117
19107,silt_clay,0.2076,1.3202,1.5154
19109,silt_clay,0.2028,1.2396,1.4215
19111,silt_clay,0.2113,1.3648,1.5671
19113,silt_clay,0.2223,1.2579,1.4396
19115,silt_clay,0.2141,1.1739,1.3423
19117,silt_clay,0.209,1.3454,1.5448
19119,silt_clay,0.2003,1.133,1.2966
19121,silt_clay,0.2072,1.3184,1.5133
19123,silt_clay,0.2072,1.3188,1.5139
19125,silt_clay,0.2045,1.2956,1.4871
19127,silt_clay,0.2084,1.1605,1.3276
19129,silt_clay,0.1946,1.2407,1.4242
19131,silt_clay,0.2283,1.3066,1.4958
19133,silt_clay,0.1949,1.257,1.4434
19135,silt_clay,0.2089,1.33,1.5267
19137,silt_clay,0.2042,1.3088,1.5026
19139,silt_clay,0.2136,1.1982,1.3709
19141,silt_clay,0.2032,1.1611,1.3292
19143,silt_clay,0.2072,1.2353,1.4156
19145,silt_clay,0.2039,1.3079,1.5016
19147,silt_clay,0.2018,1.2352,1.4164
19149,silt_clay,0.1952,1.2626,1.4499
19151,silt_clay,0.2003,1.2194,1.3982
19153,silt_clay,0.2079,1.1766,1.3466
19155,silt_clay,0.1959,1.2501,1.4351
19157,silt_clay,0.2088,1.3245,1.5202
19159,silt_clay,0.2087,1.3457,1.5452
19161,silt_clay,0.1996,1.1383,1.303
19163,silt_clay,0.2157,1.1884,1.359
19165,silt_clay,0.1972,1.2531,1.4383
19167,silt_clay,0.2027,1.1432,1.3082
19169,silt_clay,0.2069,1.2561,1.4402
19171,silt_clay,0.214,1.3788,1.5832
19173,silt_clay,0.2066,1.3171,1.512
19175,silt_clay,0.2102,1.3521,1.5524
19177,silt_clay,0.2098,1.3376,1.5354
19179,silt_clay,0.2085,1.3349,1.5325
19181,silt_clay,0.2076,1.3141,1.5082
19183,silt_clay,0.2104,1.3427,1.5413
19185,silt_clay,0.2097,1.3488,1.5486
19187,silt_clay,0.2109,1.2676,1.453
19189,silt_clay,0.2043,1.2266,1.406
19191,silt_clay,0.2163,1.2246,1.4015
19193,silt_clay,0.195,1.2693,1.4578
19195,silt_clay,0.2207,1.3217,1.5149
19197,silt_clay,0.2038,1.2242,1.4032
16001,silt_clay,0.1938,1.0386,1.4024
16057,silt_clay,0.1459,0.8316,1.1269
16600,medium_fine_sand,0.1882,1.2067,1.4414
16601,silt_clay,0.1567,0.8903,1.2062
16604,silt_clay,0.1406,0.8534,1.1604
16606,silt_clay,0.1612,0.8905,1.2045
16608,silt_clay,0.1334,0.799,1.0856
16609,medium_fine_sand,0.1701,1.1474,1.3726
16611,silt_clay,0.1813,1.0547,1.4309
16612,silt_clay,0.1453,0.8472,1.1494
16617,silt_clay,0.1883,1.0373,1.403
16618,silt_clay,0.1659,0.9526,1.2913
16620,silt_clay,0.157,0.9525,1.295
16650,silt_clay,0.1607,0.8941,1.2099
16652,medium_fine_sand,0.1928,1.3043,1.5605
16656,silt_clay,0.2022,1.0717,1.4461
16659,silt_clay,0.2159,1.125,1.5165
16660,silt_clay,0.2181,1.1602,1.5658
16662,medium_fine_sand,0.1908,1.3213,1.5819
16665,silt_clay,0.2155,1.1173,1.5056
16670,silt_clay,0.138,0.8341,1.1339
16671,medium_fine_sand,0.1612,1.1013,1.318
16673,silt_clay,0.2183,1.1593,1.5645
16675,silt_clay,0.2004,1.0544,1.4222
16677,silt_clay,0.2093,1.089,1.4679
16680,silt_clay,0.2089,1.1266,1.5217
16681,silt_clay,0.2036,1.078,1.4545
16683,medium_fine_sand,0.1694,1.1414,1.3654
16685,silt_clay,0.2161,1.129,1.522
16700,medium_fine_sand,0.1988,1.278,1.5267
16701,medium_fine_sand,0.2204,1.3495,1.6097
16702,silt_clay,0.2102,1.0838,1.46
16703,silt_clay,0.2182,1.1563,1.5603
16704,silt_clay,0.2073,1.0569,1.4228
16707,silt_clay,0.2104,1.1049,1.4901
16708,silt_clay,0.2085,1.0757,1.4492
16709,silt_clay,0.1968,1.0174,1.3708
16710,silt_clay,0.2125,1.0914,1.4699
16711,silt_clay,0.1913,0.9575,1.2874
16712,silt_clay,0.1907,0.9678,1.3024
16713,silt_clay,0.2031,1.0259,1.3802
16714,silt_clay,0.1935,0.9701,1.3045
16715,silt_clay,0.1908,0.9725,1.3091
16716,silt_clay,0.2033,0.9836,1.3196
16720,medium_fine_sand,0.2185,1.3212,1.5753
16721,silt_clay,0.2146,1.1478,1.5497
16752,silt_clay,0.2079,1.1196,1.5122
16758,silt_clay,0.1881,1.0101,1.3641
16761,silt_clay,0.212,1.1254,1.5187
16762,silt_clay,0.2007,1.0467,1.411
16763,silt_clay,0.2066,1.0884,1.4681
16765,medium_fine_sand,0.2081,1.2922,1.5421
16766,silt_clay,0.1932,0.9834,1.3237
16769,silt_clay,0.2183,1.0447,1.4006
16770,silt_clay,0.203,1.0036,1.3484
16772,silt_clay,0.217,1.1244,1.5152
16780,silt_clay,0.1802,1.004,1.3588
17011,silt_clay,0.2155,1.1857,1.3559
17013,silt_clay,0.2017,1.2797,1.4689
17015,silt_clay,0.2094,1.3632,1.5656
17017,silt_clay,0.2116,1.1679,1.3356
17019,silt_clay,0.2247,1.413,1.6214
17021,silt_clay,0.2098,1.3129,1.5064
17023,silt_clay,0.224,1.4158,1.6248
17025,silt_clay,0.2225,1.3697,1.5709
17027,silt_clay,0.2176,1.3432,1.5406
17029,silt_clay,0.2219,1.3972,1.6034
17031,silt_clay,0.2324,1.4644,1.6805
17033,silt_clay,0.224,1.4207,1.6306
17035,silt_clay,0.2215,1.3932,1.5988
17037,silt_clay,0.2128,1.3797,1.5844
17039,silt_clay,0.2134,1.3378,1.5351
17041,silt_clay,0.2201,1.3898,1.595
17043,silt_clay,0.2239,1.4164,1.6256
17045,silt_clay,0.2211,1.3937,1.5994
17047,silt_clay,0.2214,1.3591,1.5587
17049,silt_clay,0.2229,1.3795,1.5825
17051,silt_clay,0.2146,1.3344,1.5309
17053,silt_clay,0.2215,1.3817,1.5852
17055,silt_clay,0.2225,1.3523,1.5505
17057,silt_clay,0.2101,1.3246,1.5201
17059,silt_clay,0.2178,1.3741,1.5769
17061,silt_clay,0.2077,1.3039,1.4962
17063,silt_clay,0.2272,1.2235,1.3982
17065,silt_clay,0.2219,1.3543,1.553
17067,silt_clay,0.2065,1.3028,1.4952
17069,silt_clay,0.2165,1.3556,1.5555
17071,silt_clay,0.2052,1.3191,1.5145
17073,silt_clay,0.2125,1.1808,1.3507
17075,silt_clay,0.225,1.2471,1.4265
17077,silt_clay,0.2176,1.3498,1.5484
17079,silt_clay,0.2238,1.4084,1.6162
17081,silt_clay,0.2238,1.3649,1.5651
17083,silt_clay,0.2076,1.2909,1.481
17085,silt_clay,0.2115,1.3625,1.5644
17087,silt_clay,0.2166,1.3482,1.5467
17089,silt_clay,0.2157,1.1891,1.3598
17091,silt_clay,0.2288,1.294,1.4809
17093,silt_clay,0.2199,1.3995,1.6065
17095,silt_clay,0.2079,1.2938,1.4843
17097,silt_clay,0.218,1.3995,1.6068
17099,silt_clay,0.2193,1.3881,1.5931
17101,silt_clay,0.2259,1.2093,1.3818
17103,silt_clay,0.2187,1.2366,1.4152
17105,silt_clay,0.2219,1.3884,1.593
17107,silt_clay,0.2106,1.3441,1.543
17109,silt_clay,0.2084,1.2862,1.4753
17111,silt_clay,0.222,1.2536,1.4345
17113,silt_clay,0.2179,1.3691,1.5711
17115,silt_clay,0.2148,1.3542,1.5541
17117,silt_clay,0.2133,1.3178,1.5115
17119,silt_clay,0.2138,1.3417,1.5396
17121,silt_clay,0.2272,1.3903,1.5944
17123,silt_clay,0.213,1.3329,1.5293
17125,silt_clay,0.2134,1.2101,1.385
17127,silt_clay,0.2143,1.3581,1.5587
17129,silt_clay,0.2076,1.3291,1.5258
17131,silt_clay,0.2074,1.3306,1.5276
17133,silt_clay,0.2127,1.3225,1.5172
17135,silt_clay,0.2178,1.3383,1.5349
17137,silt_clay,0.2118,1.3619,1.5636
17139,silt_clay,0.2211,1.3911,1.5964
17141,silt_clay,0.2139,1.1743,1.3428
17143,silt_clay,0.2093,1.3352,1.5327
17145,silt_clay,0.2216,1.3473,1.5448
17147,silt_clay,0.2181,1.3728,1.5753
17149,silt_clay,0.2088,1.3152,1.5092
17151,silt_clay,0.2144,1.3486,1.5476
17153,silt_clay,0.2129,1.3306,1.5267
17155,silt_clay,0.2185,1.3983,1.6053
17157,silt_clay,0.2167,1.3491,1.5477
17159,silt_clay,0.2234,1.3786,1.5813
17161,silt_clay,0.2085,1.3501,1.5503
17163,silt_clay,0.2134,1.3225,1.517
17165,silt_clay,0.221,1.3499,1.548
17167,silt_clay,0.2075,1.3038,1.4961
17169,silt_clay,0.2088,1.2956,1.4863
17171,silt_clay,0.2135,1.3817,1.5866
17173,silt_clay,0.2182,1.3654,1.5666
17175,silt_clay,0.2084,1.3101,1.5033
17177,silt_clay,0.2075,1.3198,1.5149
17179,silt_clay,0.2147,1.3925,1.5992
17181,silt_clay,0.2104,1.3148,1.5085
17183,silt_clay,0.2233,1.405,1.6124
17185,silt_clay,0.2221,1.3954,1.6012
17187,silt_clay,0.2043,1.2842,1.4737
17189,silt_clay,0.2197,1.3375,1.5336
17191,silt_clay,0.2239,1.3706,1.5718
17193,silt_clay,0.2221,1.3939,1.5995
17195,silt_clay,0.2133,1.2147,1.3904
17197,silt_clay,0.2274,1.2343,1.4109
17199,silt_clay,0.2213,1.3525,1.551
17201,silt_clay,0.2116,1.174,1.3428
17203,silt_clay,0.2172,1.3686,1.5706
18001,silt_clay,0.2328,1.4686,1.6854
18003,silt_clay,0.2406,1.3194,1.5087
18005,silt_clay,0.2322,1.2671,1.4486
18007,silt_clay,0.2304,1.2562,1.4362
18009,silt_clay,0.2387,1.4922,1.7121
18011,silt_clay,0.2372,1.3057,1.4932
18013,silt_clay,0.2271,1.4146,1.6229
18015,silt_clay,0.2302,1.3126,1.5025
18017,silt_clay,0.2298,1.3487,1.545
18019,silt_clay,0.2255,1.377,1.5791
18021,silt_clay,0.2326,1.4726,1.6901
18023,silt_clay,0.2365,1.2887,1.4733
18025,silt_clay,0.2206,1.4005,1.6075
18027,silt_clay,0.2259,1.4181,1.6273
18029,silt_clay,0.2289,1.4274,1.6376
18031,silt_clay,0.2351,1.2693,1.4507
18033,silt_clay,0.2393,1.3292,1.5205
18035,silt_clay,0.2296,1.2687,1.451
18037,silt_clay,0.2225,1.3986,1.6049
18039,medium_fine_sand,0.2292,1.6113,1.7411
18041,silt_clay,0.2382,1.2901,1.4746
18043,silt_clay,0.2225,1.3606,1.5603
18045,silt_clay,0.2367,1.3133,1.5021
18047,silt_clay,0.2393,1.284,1.4673
18049,medium_fine_sand,0.2261,1.5564,1.6813
18051,silt_clay,0.2217,1.4225,1.6332
18053,silt_clay,0.2449,1.2709,1.4509
18055,silt_clay,0.2262,1.4443,1.658
18057,silt_clay,0.2354,1.3122,1.5011
18059,silt_clay,0.2387,1.3162,1.5053
18061,silt_clay,0.2203,1.3599,1.5598
18063,silt_clay,0.2374,1.3224,1.5127
18065,silt_clay,0.2362,1.2879,1.4724
18067,silt_clay,0.2388,1.2769,1.459
18069,silt_clay,0.2442,1.2944,1.4786
18071,silt_clay,0.229,1.222,1.3962
18073,medium_fine_sand,0.2216,1.5423,1.6663
18075,silt_clay,0.2326,1.4694,1.6864
18077,silt_clay,0.2296,1.4136,1.6213
18079,silt_clay,0.2298,1.4425,1.6553
18081,silt_clay,0.2353,1.3033,1.4907
18083,silt_clay,0.2218,1.2257,1.4018
18085,medium_fine_sand,0.2326,1.5535,1.6776
18087,medium_fine_sand,0.2287,1.5791,1.7059
18089,silt_clay,0.2226,1.342,1.5384
18091,medium_fine_sand,0.2216,1.571,1.6977
18093,silt_clay,0.2205,1.3989,1.6057
18095,silt_clay,0.2373,1.305,1.4924
18097,silt_clay,0.2355,1.331,1.5232
18099,medium_fine_sand,0.2195,1.5621,1.6881
18101,silt_clay,0.2247,1.4192,1.6288
18103,silt_clay,0.2347,1.303,1.4905
18105,silt_clay,0.2214,1.3716,1.5734
18107,silt_clay,0.2353,1.3009,1.4879
18109,silt_clay,0.2342,1.292,1.4776
18111,medium_fine_sand,0.2344,1.5977,1.7257
18113,silt_clay,0.2289,1.356,1.5538
18115,silt_clay,0.2278,1.422,1.6316
18117,silt_clay,0.2204,1.3774,1.5804
18119,silt_clay,0.2295,1.4551,1.6701
18121,silt_clay,0.2352,1.3306,1.5228
18123,silt_clay,0.225,1.4238,1.6341
18125,silt_clay,0.2241,1.3986,1.6047
18127,medium_fine_sand,0.2261,1.4987,1.6181
18129,silt_clay,0.2253,1.4189,1.6283
18131,medium_fine_sand,0.2187,1.5286,1.6516
18133,silt_clay,0.2374,1.2735,1.4553
18135,silt_clay,0.2393,1.2698,1.4506
18137,silt_clay,0.2297,1.4405,1.6529
18139,silt_clay,0.2342,1.2863,1.4709
18141,medium_fine_sand,0.2281,1.6235,1.7545
18143,silt_clay,0.2262,1.3922,1.5968
18145,silt_clay,0.2375,1.3411,1.5347
18147,silt_clay,0.224,1.3756,1.5777
18149,medium_fine_sand,0.2369,1.7799,1.9248
18151,silt_clay,0.2359,1.4038,1.6087
18153,silt_clay,0.2305,1.2422,1.4197
18155,silt_clay,0.2287,1.4215,1.6308
18157,silt_clay,0.2423,1.4082,1.6127
18159,silt_clay,0.2349,1.2795,1.4627
18161,silt_clay,0.2376,1.2948,1.4803
18163,silt_clay,0.222,1.3566,1.5556
18165,silt_clay,0.2329,1.2854,1.47
18167,silt_clay,0.2346,1.28,1.4634
18169,silt_clay,0.2364,1.3048,1.4922
18171,silt_clay,0.2404,1.3267,1.5173
18173,silt_clay,0.2236,1.3608,1.5603
18175,silt_clay,0.2244,1.3853,1.5889
18177,silt_clay,0.2386,1.289,1.4733
18179,silt_clay,0.2424,1.2582,1.4364
18181,medium_fine_sand,0.2285,1.5311,1.6534
18183,silt_clay,0.2288,1.3499,1.5466
20001,silt_clay,0.2038,1.0966,1.4811
20003,silt_clay,0.2035,1.0936,1.4769
20005,silt_clay,0.2029,1.1067,1.496
20007,silt_clay,0.2269,1.1806,1.5912
20009,silt_clay,0.217,1.092,1.4689
20011,silt_clay,0.2044,1.099,1.4843
20013,silt_clay,0.2013,1.0905,1.4734
20015,silt_clay,0.1946,1.0518,1.4209
20017,silt_clay,0.1896,1.0197,1.3771
20019,silt_clay,0.2,1.0827,1.4627
20021,silt_clay,0.2081,1.1164,1.5076
20023,silt_clay,0.2075,1.0444,1.4048
20025,silt_clay,0.2155,1.0942,1.4726
20027,silt_clay,0.1993,1.1001,1.4879
20029,silt_clay,0.2001,1.1029,1.4917
20031,silt_clay,0.2027,1.0898,1.4718
20033,silt_clay,0.2226,1.1497,1.549
20035,silt_clay,0.2013,1.1075,1.4978
20037,silt_clay,0.2038,1.0951,1.4789
20039,silt_clay,0.2005,1.1218,1.5186
20041,silt_clay,0.1994,1.0945,1.48
20043,silt_clay,0.1988,1.0857,1.4675
20045,silt_clay,0.2061,1.1301,1.528
20047,silt_clay,0.2219,1.1526,1.5533
20049,silt_clay,0.2,1.0865,1.4683
20051,silt_clay,0.2035,1.1303,1.5294
20053,silt_clay,0.2034,1.1219,1.5175
20055,silt_clay,0.2041,1.0113,1.3589
20057,silt_clay,0.2135,1.0684,1.4365
20059,silt_clay,0.2045,1.1029,1.4898
20061,silt_clay,0.198,1.0817,1.4622
20063,silt_clay,0.2019,0.9735,1.3058
20065,silt_clay,0.207,1.0043,1.3477
20067,silt_clay,0.2027,1.0309,1.3875
20069,silt_clay,0.2088,1.0326,1.3873
20071,silt_clay,0.1892,1.0662,1.4438
20073,silt_clay,0.1983,1.0748,1.4522
20075,silt_clay,0.2057,1.0577,1.4245
20077,silt_clay,0.2237,1.1603,1.5636
20079,silt_clay,0.2134,1.0446,1.4025
20081,silt_clay,0.2039,1.0069,1.3527
20083,silt_clay,0.2028,1.1098,1.5004
20085,silt_clay,0.2038,1.1088,1.4985
20087,silt_clay,0.2074,1.1402,1.5419
20089,silt_clay,0.1987,1.0897,1.4733
20091,silt_clay,0.2048,1.114,1.5055
20093,silt_clay,0.2029,1.0252,1.3793
20095,silt_clay,0.2254,1.1709,1.578
20097,silt_clay,0.222,1.1432,1.5398
20099,silt_clay,0.2068,1.1122,1.5021
20101,silt_clay,0.1985,1.1122,1.5057
20103,silt_clay,0.2061,1.1394,1.5413
20105,silt_clay,0.1996,1.0969,1.4833
20107,silt_clay,0.2042,1.0942,1.4775
20109,silt_clay,0.1975,0.9662,1.2972
20111,silt_clay,0.196,1.0566,1.4272
20113,silt_clay,0.2098,1.0136,1.3597
20115,silt_clay,0.1954,1.0621,1.4354
20117,silt_clay,0.2008,1.0968,1.4827
20119,silt_clay,0.2101,1.0347,1.3899
20121,silt_clay,0.2036,1.0899,1.4716
20123,silt_clay,0.1989,1.0906,1.4746
20125,silt_clay,0.2068,1.1233,1.518
20127,silt_clay,0.1908,1.0245,1.3835
20129,silt_clay,0.2119,1.1168,1.5064
20131,silt_clay,0.2023,1.1024,1.49
20133,silt_clay,0.2061,1.1104,1.4999
20135,silt_clay,0.2029,1.1122,1.5037
20137,silt_clay,0.2046,1.1367,1.5381
20139,silt_clay,0.1987,1.0684,1.443
20141,silt_clay,0.2022,1.1127,1.5048
20143,silt_clay,0.1985,1.0888,1.4722
20145,silt_clay,0.2179,1.0935,1.4706
20147,silt_clay,0.2047,1.1378,1.5396
20149,silt_clay,0.2057,1.138,1.5394
20151,silt_clay,0.2268,1.1868,1.6001
20153,silt_clay,0.1921,1.0892,1.4756
20155,silt_clay,0.2248,1.1619,1.5655
20157,silt_clay,0.2001,1.1048,1.4943
20159,silt_clay,0.2192,1.1168,1.5033
20161,silt_clay,0.1998,1.092,1.4763
20163,silt_clay,0.2063,0.9835,1.3181
20165,silt_clay,0.2035,1.1185,1.5125
20167,silt_clay,0.2037,1.129,1.5274
20169,silt_clay,0.1997,1.0922,1.4766
20171,silt_clay,0.1955,1.1112,1.5056
20173,silt_clay,0.2163,1.0576,1.4199
20175,silt_clay,0.211,1.0876,1.4651
20177,silt_clay,0.206,1.1357,1.5361
20179,silt_clay,0.2032,0.9917,1.3313
20181,silt_clay,0.1887,1.0687,1.4476
20183,silt_clay,0.2034,1.1227,1.5185
20185,medium_fine_sand,0.2294,1.3959,1.6647
20187,silt_clay,0.1969,0.9717,1.3053
20189,silt_clay,0.2117,1.1005,1.4833
20191,silt_clay,0.2204,1.0994,1.4779
20193,silt_clay,0.1904,1.0655,1.4424
20195,silt_clay,0.2047,1.1452,1.5502
20197,silt_clay,0.2013,1.0988,1.4852
20199,silt_clay,0.1919,1.0974,1.4873
20201,silt_clay,0.2003,1.1057,1.4956
20203,silt_clay,0.195,1.1041,1.4956
20205,silt_clay,0.206,1.1208,1.5148
20207,silt_clay,0.2016,1.0929,1.4768
20209,silt_clay,0.2057,1.1359,1.5365
21001,silt_clay,0.2102,1.3342,1.5314
21003,silt_clay,0.2067,1.306,1.4988
21011,silt_clay,0.2063,1.3248,1.521
21025,silt_clay,0.216,1.2887,1.4769
21033,silt_clay,0.2116,1.33,1.5262
21043,silt_clay,0.209,1.1772,1.347
21045,silt_clay,0.2071,1.3146,1.5089
21047,silt_clay,0.2131,1.3391,1.5367
21049,silt_clay,0.2074,1.306,1.4987
21051,silt_clay,0.21,1.2355,1.4154
21053,silt_clay,0.2026,1.1513,1.3178
21055,silt_clay,0.2108,1.3182,1.5125
21057,silt_clay,0.2051,1.3558,1.5577
21063,silt_clay,0.1879,1.1656,1.3372
21069,silt_clay,0.2086,1.3272,1.5234
21075,silt_clay,0.2161,1.3544,1.5541
21083,silt_clay,0.2171,1.368,1.5699
21085,silt_clay,0.2093,1.3276,1.5238
21097,silt_clay,0.2048,1.2988,1.4908
21101,silt_clay,0.2138,1.3482,1.5472
21107,silt_clay,0.2193,1.3605,1.5608
21111,silt_clay,0.216,1.3438,1.5416
21135,silt_clay,0.208,1.3414,1.5402
21139,silt_clay,0.2104,1.3341,1.5312
21141,silt_clay,0.21,1.3264,1.5222
21151,silt_clay,0.2069,1.3072,1.5003
21155,silt_clay,0.2073,1.3049,1.4974
21161,silt_clay,0.2039,1.3053,1.4985
21169,silt_clay,0.2069,1.3102,1.5038
21171,silt_clay,0.2062,1.3212,1.5168
21173,silt_clay,0.2067,1.3047,1.4974
21179,silt_clay,0.2097,1.3103,1.5034
21183,silt_clay,0.2157,1.3444,1.5425
21185,silt_clay,0.205,1.2907,1.4812
21195,silt_clay,0.2114,1.274,1.4604
21199,silt_clay,0.2075,1.1669,1.3353
21207,silt_clay,0.2042,1.3138,1.5085
21209,silt_clay,0.204,1.2823,1.4715
21211,silt_clay,0.205,1.291,1.4815
21213,silt_clay,0.2082,1.2956,1.4864
21219,silt_clay,0.2111,1.33,1.5263
21227,silt_clay,0.209,1.3098,1.5029
21229,silt_clay,0.2056,1.295,1.4861
21231,silt_clay,0.2049,1.3423,1.5418
21601,silt_clay,0.2046,1.2902,1.4806
21602,silt_clay,0.2122,1.332,1.5285
21603,silt_clay,0.2084,1.326,1.522
21604,silt_clay,0.2036,1.2882,1.4784
21605,silt_clay,0.2091,1.168,1.3363
21606,silt_clay,0.2043,1.294,1.4852
21607,silt_clay,0.2102,1.3313,1.5279
21608,silt_clay,0.2078,1.303,1.4951
21610,silt_clay,0.2141,1.3603,1.5614
21611,silt_clay,0.2171,1.3462,1.5443
21612,silt_clay,0.207,1.309,1.5023
21615,silt_clay,0.2168,1.3504,1.5493
21616,silt_clay,0.2121,1.1882,1.3594
21618,silt_clay,0.2059,1.2966,1.4879
21619,silt_clay,0.205,1.2982,1.49
21620,silt_clay,0.2061,1.3133,1.5076
21621,silt_clay,0.207,1.322,1.5176
21622,silt_clay,0.2068,1.2939,1.4846
21623,silt_clay,0.2056,1.2044,1.3796
21624,silt_clay,0.204,1.2898,1.4803
21626,silt_clay,0.2112,1.2623,1.4467
21627,silt_clay,0.2056,1.2189,1.3966
21628,silt_clay,0.2076,1.1881,1.3601
21629,silt_clay,0.2082,1.3152,1.5094
21630,silt_clay,0.205,1.2099,1.3862
21631,silt_clay,0.2143,1.3351,1.5317
21633,silt_clay,0.2141,1.2859,1.474
21634,silt_clay,0.2047,1.1928,1.3662
21635,silt_clay,0.2125,1.3256,1.5209
21637,silt_clay,0.2032,1.3042,1.4974
21638,silt_clay,0.2079,1.2433,1.425
21639,silt_clay,0.2153,1.2893,1.4777
21640,silt_clay,0.2117,1.2562,1.4395
21641,silt_clay,0.2098,1.2532,1.4363
21643,silt_clay,0.2063,1.2817,1.4704
21645,silt_clay,0.2057,1.1859,1.3578
21646,silt_clay,0.2089,1.3274,1.5237
21647,silt_clay,0.2088,1.3515,1.552
21648,silt_clay,0.2059,1.3517,1.5527
21709,silt_clay,0.2127,1.3596,1.5609
22001,silt_clay,0.2119,1.3146,1.5081
22003,silt_clay,0.2232,1.2197,1.3945
22005,silt_clay,0.1977,1.2385,1.4211
22007,silt_clay,0.1841,1.1842,1.3597
22009,silt_clay,0.2076,1.31,1.5033
22011,silt_clay,0.2241,1.3518,1.5496
22013,silt_clay,0.2183,1.3345,1.5303
22015,silt_clay,0.2088,1.3647,1.5675
22017,silt_clay,0.2123,1.1884,1.3596
22019,silt_clay,0.1995,1.3153,1.511
22021,silt_clay,0.2161,1.3976,1.6049
22023,silt_clay,0.1713,1.1959,1.3756
22025,silt_clay,0.2096,1.3585,1.5601
22027,medium_fine_sand,0.22,1.4815,1.5999
22029,silt_clay,0.2003,1.2985,1.4912
22031,silt_clay,0.217,1.2448,1.4251
22033,silt_clay,0.2147,1.3382,1.5353
22035,silt_clay,0.2049,1.3262,1.5229
22037,silt_clay,0.2216,1.4081,1.6163
22039,silt_clay,0.2197,1.3703,1.5722
22041,silt_clay,0.2119,1.3374,1.5348
22043,silt_clay,0.2125,1.3628,1.5646
22045,silt_clay,0.1944,1.2297,1.4113
22047,silt_clay,0.1869,1.2027,1.381
22049,silt_clay,0.2176,1.3204,1.5139
22051,silt_clay,0.1545,1.0707,1.2314
22053,silt_clay,0.2064,1.3434,1.5429
22055,silt_clay,0.2074,1.2816,1.47
22057,silt_clay,0.1627,1.104,1.2691
22059,silt_clay,0.2123,1.1849,1.3555
22061,medium_fine_sand,0.2246,1.5081,1.6286
22063,silt_clay,0.2138,1.3553,1.5555
22065,silt_clay,0.2049,1.3219,1.5178
22067,silt_clay,0.2182,1.3665,1.5679
22069,silt_clay,0.2129,1.1823,1.3524
22071,silt_clay,0.1633,1.1036,1.2686
22073,silt_clay,0.2233,1.2306,1.4073
22075,silt_clay,0.1575,1.0853,1.2481
22077,silt_clay,0.2004,1.2816,1.4713
22079,silt_clay,0.2113,1.3678,1.5707
22081,silt_clay,0.2133,1.391,1.5976
22083,silt_clay,0.2139,1.3341,1.5307
22085,silt_clay,0.2188,1.3174,1.5101
22087,silt_clay,0.1659,1.1209,1.2885
22089,silt_clay,0.1655,1.1082,1.2736
22091,silt_clay,0.2338,1.3234,1.5145
22093,silt_clay,0.1934,1.2265,1.4077
22095,silt_clay,0.1717,1.1341,1.303
22097,silt_clay,0.2089,1.2956,1.4863
22099,silt_clay,0.1968,1.2428,1.4263
22101,silt_clay,0.1621,1.0923,1.2555
22103,silt_clay,0.2071,1.2418,1.4234
22105,silt_clay,0.2191,1.2694,1.4536
22107,silt_clay,0.204,1.3241,1.5206
22109,silt_clay,0.1508,1.0491,1.2067
22111,silt_clay,0.2239,1.3288,1.5227
22113,silt_clay,0.1863,1.2219,1.4036
22115,silt_clay,0.218,1.3311,1.5264
22117,silt_clay,0.2367,1.4351,1.6453
22119,silt_clay,0.2148,1.3106,1.5028
22121,silt_clay,0.1991,1.2729,1.4613
22123,silt_clay,0.2132,1.3252,1.5203
22125,silt_clay,0.215,1.3679,1.5701
22127,silt_clay,0.2107,1.1876,1.359
25001,medium_fine_sand,0.1969,1.5428,1.6691
25003,medium_fine_sand,0.2054,1.4974,1.6187
25007,medium_fine_sand,0.21,1.6286,1.7618
25011,medium_fine_sand,0.1987,1.4433,1.5601
25017,medium_fine_sand,0.2034,1.5262,1.6504
25019,medium_fine_sand,0.1967,1.5987,1.7303
25023,medium_fine_sand,0.1837,1.3907,1.5041
25602,medium_fine_sand,0.208,1.568,1.6957
25603,medium_fine_sand,0.2125,1.6282,1.7612
25605,medium_fine_sand,0.2097,1.5705,1.6983
25606,medium_fine_sand,0.213,1.6059,1.7366
25607,medium_fine_sand,0.2072,1.5169,1.6399
25608,medium_fine_sand,0.1955,1.456,1.5743
25609,medium_fine_sand,0.2072,1.5357,1.6605
25610,medium_fine_sand,0.2121,1.5899,1.7192
25613,medium_fine_sand,0.2098,1.5798,1.7084
25614,medium_fine_sand,0.1942,1.4952,1.6174
25615,medium_fine_sand,0.2086,1.557,1.6836
25616,medium_fine_sand,0.2099,1.567,1.6944
24001,silt_clay,0.1993,1.1937,1.3682
24003,medium_fine_sand,0.2311,1.5504,1.6742
24005,silt_clay,0.2236,1.3401,1.5359
24009,medium_fine_sand,0.227,1.5309,1.6534
24011,medium_fine_sand,0.2343,1.6369,1.7687
24013,silt_clay,0.2078,1.2362,1.4166
24015,medium_fine_sand,0.2336,1.5239,1.645
24017,medium_fine_sand,0.2307,1.5159,1.6365
24019,medium_fine_sand,0.2328,1.6084,1.7376
24021,silt_clay,0.2041,1.2109,1.3876
24023,silt_clay,0.2045,1.1922,1.3655
24027,silt_clay,0.2218,1.3445,1.5415
24029,medium_fine_sand,0.2271,1.5131,1.6339
24031,silt_clay,0.2108,1.2081,1.3831
24033,medium_fine_sand,0.2299,1.5516,1.6757
24035,medium_fine_sand,0.2443,1.6193,1.7484
24037,medium_fine_sand,0.2416,1.6257,1.7557
24039,medium_fine_sand,0.2207,1.5429,1.667
24041,medium_fine_sand,0.2353,1.5617,1.6862
24043,silt_clay,0.1999,1.169,1.339
24045,medium_fine_sand,0.2321,1.6408,1.773
24047,medium_fine_sand,0.2296,1.5975,1.726
24510,silt_clay,0.2142,1.3074,1.4992
24600,silt_clay,0.2271,1.3492,1.5461
24601,medium_fine_sand,0.2284,1.535,1.6577
23005,medium_fine_sand,0.1785,1.335,1.4436
23011,silt_clay,0.181,1.2129,1.394
23027,silt_clay,0.1783,1.1889,1.3663
23031,medium_fine_sand,0.1796,1.3289,1.4368
23601,silt_clay,0.182,1.2122,1.3929
23602,silt_clay,0.181,1.1776,1.3525
23606,medium_fine_sand,0.1783,1.2897,1.394
23607,silt_clay,0.1724,1.1213,1.2877
23608,silt_clay,0.1786,1.1409,1.3097
23610,medium_fine_sand,0.1817,1.3165,1.423
23611,silt_clay,0.1672,1.1536,1.3267
23612,silt_clay,0.1972,1.229,1.41
23613,medium_fine_sand,0.1806,1.361,1.4719
23614,silt_clay,0.1652,1.0798,1.2403
23615,silt_clay,0.174,1.1675,1.3418
23617,silt_clay,0.1696,1.1649,1.3395
23619,medium_fine_sand,0.1601,1.2016,1.2994
23620,medium_fine_sand,0.1541,1.1689,1.2642
23621,silt_clay,0.1559,1.0889,1.2526
23622,medium_fine_sand,0.1735,1.2639,1.3663
26001,medium_fine_sand,0.2062,1.5617,1.6889
26003,medium_fine_sand,0.2315,1.8006,1.9479
26005,medium_fine_sand,0.2344,1.7213,1.8609
26007,medium_fine_sand,0.2107,1.5427,1.6678
26009,medium_fine_sand,0.2282,1.8242,1.974
26011,medium_fine_sand,0.2163,1.5603,1.6865
26013,medium_fine_sand,0.1963,1.4472,1.5646
26015,medium_fine_sand,0.2377,1.7128,1.8513
26017,medium_fine_sand,0.2356,1.6849,1.821
26021,medium_fine_sand,0.2319,1.6587,1.7926
26023,medium_fine_sand,0.2402,1.7305,1.8705
26025,medium_fine_sand,0.2371,1.7432,1.8846
26027,medium_fine_sand,0.2398,1.7898,1.9353
26029,medium_fine_sand,0.2206,1.6786,1.8155
26031,medium_fine_sand,0.2165,1.6637,1.7996
26033,medium_fine_sand,0.1972,1.4464,1.5637
26035,medium_fine_sand,0.2182,1.6519,1.7866
26037,medium_fine_sand,0.2329,1.6099,1.7392
26039,medium_fine_sand,0.1947,1.5778,1.7077
26041,medium_fine_sand,0.2156,1.6352,1.7685
26043,medium_fine_sand,0.2196,1.703,1.8423
26045,medium_fine_sand,0.2362,1.6511,1.7839
26047,medium_fine_sand,0.2064,1.6167,1.7492
26049,medium_fine_sand,0.2316,1.6192,1.7495
26051,medium_fine_sand,0.221,1.6673,1.8031
26053,medium_fine_sand,0.2214,1.5506,1.6754
26055,medium_fine_sand,0.2251,1.7281,1.8692
26057,medium_fine_sand,0.2284,1.615,1.7452
26059,medium_fine_sand,0.2327,1.5725,1.6984
26061,medium_fine_sand,0.1984,1.4554,1.5734
26063,medium_fine_sand,0.2329,1.6347,1.7664
26065,medium_fine_sand,0.2318,1.6198,1.7501
26067,medium_fine_sand,0.2319,1.6107,1.7401
26069,medium_fine_sand,0.2059,1.5436,1.6692
26071,medium_fine_sand,0.1989,1.4616,1.5801
26073,medium_fine_sand,0.2322,1.691,1.828
26075,medium_fine_sand,0.2273,1.6384,1.7709
26077,medium_fine_sand,0.2361,1.776,1.9206
26079,medium_fine_sand,0.206,1.646,1.7813
26081,medium_fine_sand,0.2351,1.6755,1.8108
26087,medium_fine_sand,0.228,1.5405,1.6637
26089,medium_fine_sand,0.2167,1.6228,1.7548
26091,silt_clay,0.2303,1.3987,1.6037
26093,medium_fine_sand,0.224,1.6018,1.7312
26095,medium_fine_sand,0.2241,1.7439,1.8866
26097,medium_fine_sand,0.1945,1.4472,1.5649
26099,medium_fine_sand,0.2298,1.5667,1.6922
26103,medium_fine_sand,0.2303,1.7303,1.8711
26105,medium_fine_sand,0.2147,1.6445,1.7788
26107,medium_fine_sand,0.2341,1.7468,1.8888
26109,medium_fine_sand,0.2158,1.5867,1.7155
26111,medium_fine_sand,0.2312,1.6721,1.8074
26113,medium_fine_sand,0.2157,1.6792,1.8166
26115,medium_fine_sand,0.2295,1.5726,1.6987
26117,medium_fine_sand,0.228,1.6844,1.8211
26119,medium_fine_sand,0.2133,1.6544,1.7897
26121,medium_fine_sand,0.2313,1.7285,1.8691
26123,medium_fine_sand,0.2319,1.7604,1.9039
26125,medium_fine_sand,0.226,1.5712,1.6975
26127,medium_fine_sand,0.2199,1.6822,1.8195
26129,medium_fine_sand,0.2198,1.6229,1.7547
26131,medium_fine_sand,0.2117,1.4811,1.6003
26133,medium_fine_sand,0.2205,1.599,1.7284
26135,medium_fine_sand,0.2064,1.5879,1.7176
26137,medium_fine_sand,0.2109,1.6782,1.8159
26139,medium_fine_sand,0.2277,1.6394,1.772
26141,medium_fine_sand,0.2164,1.6226,1.7547
26143,medium_fine_sand,0.2017,1.5761,1.7052
26145,medium_fine_sand,0.2364,1.6092,1.7381
26147,medium_fine_sand,0.2297,1.5574,1.6821
26149,medium_fine_sand,0.2408,1.7988,1.9451
26151,medium_fine_sand,0.2257,1.6071,1.7368
26153,medium_fine_sand,0.2268,1.7986,1.9462
26155,medium_fine_sand,0.2328,1.6046,1.7334
26157,medium_fine_sand,0.2275,1.5581,1.683
26159,medium_fine_sand,0.2375,1.7796,1.9244
26161,medium_fine_sand,0.2291,1.5687,1.6944
26163,medium_fine_sand,0.2352,1.5694,1.6947
26600,medium_fine_sand,0.2195,1.7228,1.864
26605,medium_fine_sand,0.2368,1.8467,1.9978
26606,silt_clay,0.1793,1.206,1.3861
26614,medium_fine_sand,0.2169,1.7648,1.9102
27001,medium_fine_sand,0.2253,1.5322,1.655
27003,medium_fine_sand,0.2333,1.7362,1.8773
27005,medium_fine_sand,0.2197,1.4756,1.5935
27007,medium_fine_sand,0.212,1.5266,1.6501
27009,medium_fine_sand,0.2449,1.7483,1.8895
27011,silt_clay,0.2081,1.2329,1.4127
27013,silt_clay,0.2001,1.1828,1.3552
27015,silt_clay,0.2025,1.2562,1.441
27017,silt_clay,0.2307,1.4002,1.6054
27019,silt_clay,0.2094,1.3136,1.5073
27021,medium_fine_sand,0.2276,1.6645,1.7994
27023,silt_clay,0.2051,1.2291,1.4088
27025,medium_fine_sand,0.2372,1.5802,1.7063
27027,silt_clay,0.2019,1.2697,1.457
27029,medium_fine_sand,0.2129,1.5435,1.6684
27031,silt_clay,0.223,1.3875,1.5918
27033,silt_clay,0.2072,1.268,1.4541
27035,medium_fine_sand,0.2476,1.8023,1.9483
27037,silt_clay,0.2181,1.3668,1.5684
27039,silt_clay,0.2254,1.2347,1.4118
27041,medium_fine_sand,0.2149,1.4542,1.5706
27043,silt_clay,0.1962,1.1578,1.3264
27045,silt_clay,0.2201,1.2708,1.4551
27047,silt_clay,0.2055,1.2454,1.4279
27049,silt_clay,0.2206,1.2745,1.4594
27051,silt_clay,0.2053,1.2658,1.4518
27053,medium_fine_sand,0.2171,1.5374,1.6613
27055,silt_clay,0.2133,1.2045,1.3784
27057,medium_fine_sand,0.235,1.7422,1.8838
27059,silt_clay,0.2348,1.433,1.6432
27061,medium_fine_sand,0.2088,1.437,1.5523
27063,silt_clay,0.1989,1.1991,1.3746
27065,medium_fine_sand,0.2366,1.5453,1.6682
27067,silt_clay,0.203,1.2557,1.4404
27069,silt_clay,0.2126,1.3414,1.5394
27073,silt_clay,0.2067,1.251,1.4342
27075,silt_clay,0.2256,1.3943,1.5993
27077,silt_clay,0.2079,1.3062,1.4989
27079,silt_clay,0.2045,1.2566,1.4412
27081,silt_clay,0.2115,1.2634,1.448
27083,silt_clay,0.2123,1.2707,1.4564
27085,silt_clay,0.2033,1.2278,1.4076
27087,silt_clay,0.2137,1.3412,1.5389
27089,medium_fine_sand,0.2064,1.4364,1.5519
27091,silt_clay,0.1984,1.192,1.3663
27093,silt_clay,0.2014,1.237,1.4186
27095,medium_fine_sand,0.2339,1.5441,1.6671
27097,medium_fine_sand,0.2418,1.7102,1.848
27099,silt_clay,0.2265,1.338,1.533
27101,silt_clay,0.2117,1.2544,1.4373
27103,silt_clay,0.2038,1.2412,1.4232
27105,silt_clay,0.204,1.2069,1.3828
27107,silt_clay,0.1994,1.2624,1.4489
27109,silt_clay,0.2198,1.2784,1.4641
27111,medium_fine_sand,0.2176,1.4879,1.6072
27113,medium_fine_sand,0.1944,1.4006,1.5138
27115,medium_fine_sand,0.2374,1.5517,1.6751
27117,silt_clay,0.2105,1.235,1.4148
27119,silt_clay,0.201,1.2971,1.4894
27121,silt_clay,0.2102,1.2802,1.468
27123,medium_fine_sand,0.2373,1.5729,1.6983
27125,medium_fine_sand,0.1956,1.4053,1.5189
27127,silt_clay,0.2101,1.28,1.4678
27129,silt_clay,0.2038,1.215,1.3924
27131,silt_clay,0.2105,1.2321,1.4113
27133,silt_clay,0.202,1.3391,1.5386
27135,medium_fine_sand,0.2085,1.4662,1.5843
27139,silt_clay,0.2133,1.3492,1.5485
27141,medium_fine_sand,0.2407,1.7622,1.905
27143,silt_clay,0.202,1.2165,1.3945
27145,medium_fine_sand,0.214,1.483,1.6022
27147,silt_clay,0.2076,1.2549,1.4386
27149,silt_clay,0.2044,1.2195,1.3976
27151,silt_clay,0.2082,1.2527,1.436
27153,medium_fine_sand,0.2354,1.6855,1.8216
27155,silt_clay,0.2003,1.1586,1.3268
27157,silt_clay,0.2189,1.2471,1.4274
27159,medium_fine_sand,0.2428,1.8305,1.9796
27161,silt_clay,0.199,1.2014,1.3773
27163,medium_fine_sand,0.2372,1.5441,1.6668
27165,silt_clay,0.1991,1.2141,1.3922
27167,silt_clay,0.1979,1.2027,1.379
27169,silt_clay,0.2138,1.2062,1.3803
27171,medium_fine_sand,0.2104,1.4707,1.5891
27173,silt_clay,0.2087,1.248,1.4304
27613,silt_clay,0.2058,1.278,1.4662
27615,silt_clay,0.2031,1.2573,1.4423
27617,medium_fine_sand,0.2137,1.4663,1.5839
27619,silt_clay,0.1996,1.269,1.4566
27621,silt_clay,0.2079,1.3131,1.507
27625,silt_clay,0.2006,1.226,1.4059
27627,silt_clay,0.2043,1.222,1.4006
29001,silt_clay,0.2024,1.315,1.5102
29003,silt_clay,0.2017,1.2887,1.4795
29005,silt_clay,0.1987,1.2774,1.4667
29007,silt_clay,0.2079,1.3043,1.4967
29009,silt_clay,0.2035,1.3209,1.5169
29011,silt_clay,0.2103,1.36,1.5617
29013,silt_clay,0.2059,1.3057,1.4987
29015,silt_clay,0.2067,1.3273,1.5239
29017,silt_clay,0.2177,1.4098,1.619
29019,silt_clay,0.2085,1.3233,1.5189
29021,silt_clay,0.2,1.2831,1.4731
29023,silt_clay,0.222,1.2309,1.4079
29025,silt_clay,0.2047,1.2906,1.4811
29027,silt_clay,0.208,1.3299,1.5267
29029,silt_clay,0.2047,1.3324,1.5303
29031,silt_clay,0.213,1.3735,1.5771
29033,silt_clay,0.2013,1.2841,1.4741
29035,silt_clay,0.2161,1.1964,1.3684
29037,silt_clay,0.202,1.2794,1.4684
29039,silt_clay,0.2055,1.3294,1.5266
29041,silt_clay,0.2022,1.2976,1.4898
29043,silt_clay,0.2045,1.3289,1.5262
29045,silt_clay,0.2059,1.3299,1.527
29047,silt_clay,0.2017,1.2789,1.4679
29049,silt_clay,0.2048,1.3012,1.4936
29051,silt_clay,0.2077,1.3301,1.527
29053,silt_clay,0.207,1.3074,1.5005
29055,silt_clay,0.2077,1.3576,1.5593
29057,silt_clay,0.2085,1.3381,1.5363
29059,silt_clay,0.2053,1.3222,1.5182
29061,silt_clay,0.2051,1.2988,1.4907
29063,silt_clay,0.2067,1.3123,1.5063
29065,silt_clay,0.2137,1.1891,1.3602
29067,silt_clay,0.2061,1.3449,1.5446
29069,silt_clay,0.2169,1.1955,1.3672
29071,silt_clay,0.2094,1.1602,1.3271
29073,silt_clay,0.2088,1.36,1.5619
29075,silt_clay,0.206,1.3137,1.508
29077,silt_clay,0.2072,1.322,1.5176
29079,silt_clay,0.2064,1.3294,1.5264
29081,silt_clay,0.2059,1.3207,1.5163
29083,silt_clay,0.2062,1.3316,1.529
29085,silt_clay,0.2051,1.3173,1.5124
29087,silt_clay,0.2005,1.2946,1.4866
29089,silt_clay,0.2075,1.3178,1.5126
29091,silt_clay,0.2072,1.3378,1.5362
29093,silt_clay,0.2124,1.1767,1.3459
29095,silt_clay,0.1998,1.2533,1.4381
29097,silt_clay,0.209,1.3262,1.5222
29099,silt_clay,0.208,1.3444,1.5438
29101,silt_clay,0.2035,1.2926,1.4837
29103,silt_clay,0.2042,1.2966,1.4883
29105,silt_clay,0.2024,1.309,1.5032
29107,silt_clay,0.2006,1.2604,1.4463
29109,silt_clay,0.2083,1.3342,1.5317
29111,silt_clay,0.2044,1.2924,1.4832
29113,silt_clay,0.203,1.2854,1.4753
29115,silt_clay,0.2046,1.3113,1.5055
29117,silt_clay,0.2017,1.279,1.468
29119,silt_clay,0.2064,1.325,1.5212
29121,silt_clay,0.2036,1.3126,1.5072
29123,silt_clay,0.2165,1.1936,1.365
29125,silt_clay,0.2091,1.3386,1.5368
29127,silt_clay,0.206,1.3106,1.5044
29129,silt_clay,0.2079,1.3373,1.5354
29131,silt_clay,0.2054,1.3184,1.5137
29133,silt_clay,0.2121,1.229,1.4074
29135,silt_clay,0.2073,1.315,1.5093
29137,silt_clay,0.2069,1.3174,1.5122
29139,silt_clay,0.2071,1.3245,1.5205
29141,silt_clay,0.206,1.3059,1.4989
29143,silt_clay,0.2164,1.2779,1.4641
29145,silt_clay,0.2085,1.3296,1.5263
29147,silt_clay,0.2043,1.3083,1.502
29149,silt_clay,0.2114,1.3771,1.5816
29151,silt_clay,0.2093,1.336,1.5336
29153,silt_clay,0.2019,1.3263,1.5236
29155,silt_clay,0.2092,1.1952,1.3681
29157,silt_clay,0.2117,1.3781,1.5827
29159,silt_clay,0.2041,1.2991,1.4912
29161,silt_clay,0.2114,1.1735,1.3422
29163,silt_clay,0.2035,1.2864,1.4764
29165,silt_clay,0.2005,1.2722,1.4602
29167,silt_clay,0.2067,1.3267,1.5232
29169,silt_clay,0.2074,1.3484,1.5486
29171,silt_clay,0.2064,1.3287,1.5256
29173,silt_clay,0.2063,1.3028,1.4952
29175,silt_clay,0.2066,1.308,1.5012
29177,silt_clay,0.2007,1.2748,1.4632
29179,silt_clay,0.2158,1.2149,1.3902
29181,silt_clay,0.2172,1.2102,1.3844
29183,silt_clay,0.2078,1.3326,1.5299
29185,silt_clay,0.2065,1.3452,1.5449
29186,silt_clay,0.2116,1.3759,1.5802
29187,silt_clay,0.2127,1.3835,1.589
29189,silt_clay,0.2075,1.3295,1.5264
29195,silt_clay,0.204,1.2931,1.4842
29197,silt_clay,0.2024,1.304,1.4972
29199,silt_clay,0.2039,1.305,1.4981
29201,silt_clay,0.2144,1.229,1.407
29203,silt_clay,0.2147,1.1925,1.364
29205,silt_clay,0.2064,1.3147,1.5092
29207,silt_clay,0.2193,1.2063,1.3794
29209,silt_clay,0.1978,1.2953,1.4878
29211,silt_clay,0.2041,1.3266,1.5235
29213,silt_clay,0.1992,1.3286,1.5268
29215,silt_clay,0.2091,1.372,1.576
29217,silt_clay,0.2077,1.3454,1.545
29219,silt_clay,0.2067,1.3308,1.5281
29221,silt_clay,0.2075,1.356,1.5575
29223,silt_clay,0.217,1.1923,1.3634
29225,silt_clay,0.2041,1.3201,1.5159
29227,silt_clay,0.206,1.3185,1.5137
29229,silt_clay,0.2064,1.3328,1.5304
28001,silt_clay,0.2139,1.3631,1.5647
28003,silt_clay,0.2284,1.2835,1.4686
28005,silt_clay,0.2281,1.3064,1.4955
28007,silt_clay,0.2307,1.3292,1.5219
28009,silt_clay,0.227,1.2333,1.4098
28011,silt_clay,0.2127,1.1715,1.3397
28013,silt_clay,0.2232,1.4221,1.6325
28015,silt_clay,0.2183,1.3705,1.5726
28017,silt_clay,0.2206,1.2308,1.4081
28019,silt_clay,0.2332,1.386,1.5882
28021,silt_clay,0.2142,1.3316,1.5276
28023,medium_fine_sand,0.2341,1.5558,1.6799
28025,silt_clay,0.2161,1.2207,1.3969
28027,silt_clay,0.214,1.3929,1.5997
28029,silt_clay,0.22,1.2173,1.3922
28031,medium_fine_sand,0.2388,1.5635,1.6878
28033,silt_clay,0.2158,1.3549,1.5548
28035,medium_fine_sand,0.2364,1.5747,1.7004
28037,silt_clay,0.2197,1.4134,1.6228
28039,medium_fine_sand,0.2364,1.6088,1.7376
28041,medium_fine_sand,0.2377,1.602,1.7301
28043,silt_clay,0.22,1.3952,1.6013
28045,medium_fine_sand,0.2381,1.5866,1.7132
28047,medium_fine_sand,0.2345,1.6358,1.7674
28049,silt_clay,0.2189,1.3644,1.5654
28051,silt_clay,0.2145,1.3633,1.5649
28053,silt_clay,0.2165,1.3494,1.5482
28055,silt_clay,0.2123,1.2019,1.3756
28057,silt_clay,0.2299,1.3834,1.5858
28059,medium_fine_sand,0.2364,1.6155,1.745
28061,medium_fine_sand,0.2338,1.534,1.6561
28063,silt_clay,0.2178,1.3842,1.5888
28065,silt_clay,0.2296,1.3666,1.566
28067,medium_fine_sand,0.2377,1.5714,1.6966
28069,silt_clay,0.2306,1.3767,1.5778
28071,silt_clay,0.2253,1.2289,1.4049
28073,medium_fine_sand,0.2294,1.5065,1.6264
28075,medium_fine_sand,0.2418,1.6313,1.7618
28077,silt_clay,0.2299,1.3642,1.5632
28079,silt_clay,0.2325,1.4137,1.621
28081,silt_clay,0.2252,1.3108,1.5013
28083,silt_clay,0.2123,1.2225,1.3998
28085,silt_clay,0.2231,1.2714,1.4554
28087,silt_clay,0.217,1.2491,1.4301
28089,silt_clay,0.2192,1.3704,1.5724
28091,medium_fine_sand,0.2345,1.5636,1.6884
28093,silt_clay,0.2192,1.391,1.5965
28095,silt_clay,0.2265,1.3343,1.5287
28097,silt_clay,0.2237,1.4303,1.642
28099,medium_fine_sand,0.2346,1.5358,1.658
28101,silt_clay,0.2274,1.3707,1.5713
28103,silt_clay,0.2175,1.2374,1.4163
28105,silt_clay,0.2179,1.2106,1.3847
28107,silt_clay,0.2192,1.381,1.5849
28109,medium_fine_sand,0.2336,1.5671,1.6923
28111,medium_fine_sand,0.2333,1.5602,1.6848
28113,silt_clay,0.2356,1.4233,1.6317
28115,silt_clay,0.2214,1.425,1.6362
28117,silt_clay,0.2259,1.3144,1.5054
28119,silt_clay,0.2129,1.3566,1.5573
28121,silt_clay,0.2261,1.263,1.4449
28123,silt_clay,0.2276,1.3408,1.5361
28125,silt_clay,0.2132,1.3652,1.5673
28127,silt_clay,0.234,1.4228,1.6314
28129,silt_clay,0.2322,1.4258,1.6352
28131,medium_fine_sand,0.2397,1.6184,1.7478
28133,silt_clay,0.2153,1.3751,1.5786
28135,silt_clay,0.2166,1.3544,1.554
28137,silt_clay,0.2155,1.3476,1.5462
28139,silt_clay,0.2289,1.2648,1.4465
28141,silt_clay,0.2309,1.3942,1.5983
28143,silt_clay,0.2108,1.1681,1.336
28145,silt_clay,0.2234,1.2447,1.4239
28147,medium_fine_sand,0.2399,1.5728,1.698
28149,silt_clay,0.2139,1.3498,1.549
28151,silt_clay,0.2134,1.3853,1.5909
28153,medium_fine_sand,0.2311,1.5364,1.659
28155,silt_clay,0.2265,1.2563,1.437
28157,silt_clay,0.218,1.402,1.6097
28159,silt_clay,0.2341,1.3966,1.6006
28161,silt_clay,0.2217,1.4081,1.6162
28163,silt_clay,0.217,1.3488,1.5474
30011,silt_clay,0.2036,1.0235,1.3765
30017,silt_clay,0.2026,1.015,1.3649
30021,silt_clay,0.2023,1.0282,1.3838
30025,silt_clay,0.2043,1.0323,1.3889
30027,silt_clay,0.1977,1.0018,1.3481
30033,silt_clay,0.2024,1.0092,1.3566
30041,silt_clay,0.2089,1.0726,1.4445
30051,silt_clay,0.207,1.0342,1.3904
30055,silt_clay,0.2026,1.0258,1.3803
30065,silt_clay,0.2021,1.0287,1.3847
30069,silt_clay,0.2038,0.9995,1.3422
30079,silt_clay,0.2031,1.035,1.3931
30083,silt_clay,0.2039,1.0309,1.3871
30091,silt_clay,0.2043,1.0384,1.3976
30101,silt_clay,0.2078,1.0461,1.4071
30103,silt_clay,0.1989,1.0319,1.3906
30105,silt_clay,0.2056,1.027,1.3807
30109,silt_clay,0.1976,0.9759,1.3111
30111,silt_clay,0.2007,1.0241,1.3787
30600,silt_clay,0.2006,1.0343,1.3933
30602,silt_clay,0.2008,1.0379,1.3985
30603,silt_clay,0.2114,1.1258,1.5195
30604,medium_fine_sand,0.2052,1.284,1.5326
30605,silt_clay,0.1906,1.0438,1.4112
30606,,,,
30607,silt_clay,0.1953,0.9755,1.3114
30608,silt_clay,0.2059,1.0324,1.3883
30609,silt_clay,0.2032,1.0783,1.4551
30610,silt_clay,0.1889,1.0285,1.3901
30611,silt_clay,0.1967,1.0076,1.3568
30612,silt_clay,0.1853,1.0261,1.3881
30613,silt_clay,0.2007,1.0199,1.3726
30614,silt_clay,0.1817,0.9905,1.3388
30615,silt_clay,0.2061,1.0525,1.417
30616,silt_clay,0.2082,1.116,1.5069
30617,silt_clay,0.1852,0.9927,1.3404
30618,silt_clay,0.1721,0.9366,1.2658
30619,silt_clay,0.1866,1.0019,1.353
30621,silt_clay,0.2118,1.0948,1.4751
30622,silt_clay,0.189,1.0303,1.3927
30623,silt_clay,0.1972,1.0733,1.4506
30624,silt_clay,0.2055,1.0577,1.4247
30627,silt_clay,0.2067,1.1062,1.4935
30629,silt_clay,0.207,1.0308,1.3855
30630,silt_clay,0.2003,1.055,1.423
30631,silt_clay,0.2019,1.0754,1.4516
30632,silt_clay,0.2078,1.0924,1.4733
30633,silt_clay,0.2054,1.1065,1.4945
30634,silt_clay,0.1864,1.0076,1.3613
30635,silt_clay,0.2036,1.1037,1.4913
30636,silt_clay,0.199,1.0861,1.4682
30637,silt_clay,0.1962,1.0363,1.3981
30638,silt_clay,0.1936,1.072,1.4502
30639,silt_clay,0.1949,1.0264,1.3844
30640,,,,
30641,silt_clay,0.2061,1.0217,1.3729
30642,,,,
30643,silt_clay,0.1916,0.9804,1.32
30644,silt_clay,0.2138,1.1207,1.5112
30645,medium_fine_sand,0.1849,1.2522,1.4982
30647,medium_fine_sand,0.1578,1.1114,1.3312
30649,silt_clay,0.2011,1.0066,1.3535
30651,silt_clay,0.2001,1.0437,1.407
30655,silt_clay,0.1999,1.0353,1.395
30657,silt_clay,0.2014,1.0217,1.375
30661,silt_clay,0.2058,1.0579,1.4249
30663,medium_fine_sand,0.1945,1.2296,1.4681
30666,silt_clay,0.1988,1.0196,1.373
30669,silt_clay,0.2066,1.0773,1.4522
30670,medium_fine_sand,0.2042,1.3047,1.5584
37001,silt_clay,0.2263,1.3457,1.5421
37003,medium_fine_sand,0.2147,1.4618,1.5789
37005,medium_fine_sand,0.2074,1.4487,1.5652
37007,silt_clay,0.2155,1.3317,1.5275
37009,medium_fine_sand,0.2052,1.4412,1.5573
37011,medium_fine_sand,0.2073,1.4857,1.6057
37013,medium_fine_sand,0.2069,1.4803,1.5998
37015,medium_fine_sand,0.2166,1.5177,1.6399
37017,medium_fine_sand,0.2191,1.5775,1.705
37019,medium_fine_sand,0.2248,1.6742,1.8103
37021,medium_fine_sand,0.2087,1.4508,1.5674
37023,medium_fine_sand,0.2158,1.5084,1.6297
37025,silt_clay,0.2071,1.2599,1.4445
37027,medium_fine_sand,0.2118,1.4698,1.5879
37029,medium_fine_sand,0.1939,1.3807,1.4921
37031,medium_fine_sand,0.2159,1.6592,1.7947
37033,silt_clay,0.232,1.4145,1.6219
37035,silt_clay,0.2103,1.3101,1.503
37037,silt_clay,0.2069,1.234,1.4141
37039,medium_fine_sand,0.2105,1.4594,1.5766
37041,medium_fine_sand,0.2106,1.5404,1.6653
37043,medium_fine_sand,0.2068,1.4431,1.5592
37045,silt_clay,0.2094,1.3272,1.5233
37047,medium_fine_sand,0.2216,1.6107,1.7411
37049,medium_fine_sand,0.2112,1.5297,1.6535
37051,medium_fine_sand,0.2285,1.6271,1.7584
37053,medium_fine_sand,0.2112,1.6326,1.7661
37055,medium_fine_sand,0.2077,1.6292,1.7627
37057,silt_clay,0.2104,1.2935,1.4835
37059,silt_clay,0.2121,1.3206,1.5151
37061,medium_fine_sand,0.2288,1.7031,1.8415
37063,silt_clay,0.209,1.2642,1.4493
37065,medium_fine_sand,0.2211,1.562,1.6879
37067,silt_clay,0.2093,1.3296,1.5262
37069,silt_clay,0.2108,1.3206,1.5153
37071,silt_clay,0.2073,1.2867,1.476
37073,medium_fine_sand,0.2095,1.513,1.6354
37075,medium_fine_sand,0.2064,1.4413,1.5573
37077,silt_clay,0.21,1.2934,1.4834
37079,medium_fine_sand,0.2301,1.6735,1.8091
37081,silt_clay,0.2105,1.3173,1.5115
37083,silt_clay,0.2124,1.337,1.5343
37085,medium_fine_sand,0.2287,1.6006,1.7294
37089,medium_fine_sand,0.2081,1.4722,1.5909
37091,medium_fine_sand,0.22,1.5489,1.6737
37093,medium_fine_sand,0.2343,1.6939,1.8309
37095,medium_fine_sand,0.1929,1.4035,1.5171
37097,silt_clay,0.2093,1.3223,1.5176
37099,medium_fine_sand,0.2033,1.4436,1.56
37101,medium_fine_sand,0.2165,1.489,1.6085
37103,medium_fine_sand,0.2234,1.6019,1.7313
37105,medium_fine_sand,0.2205,1.4931,1.6126
37107,medium_fine_sand,0.2292,1.6597,1.7941
37109,silt_clay,0.2056,1.2999,1.4919
37111,medium_fine_sand,0.2134,1.4963,1.6168
37113,medium_fine_sand,0.2055,1.4624,1.5804
37115,medium_fine_sand,0.2121,1.4737,1.5922
37117,medium_fine_sand,0.216,1.5536,1.6792
37119,silt_clay,0.2067,1.2844,1.4735
37121,medium_fine_sand,0.2104,1.4662,1.5841
37123,silt_clay,0.2104,1.2235,1.4013
37125,medium_fine_sand,0.2277,1.5396,1.6628
37127,medium_fine_sand,0.2155,1.4621,1.5791
37129,medium_fine_sand,0.2241,1.698,1.8363
37131,medium_fine_sand,0.216,1.5037,1.6246
37133,medium_fine_sand,0.2274,1.7279,1.8688
37135,silt_clay,0.21,1.2767,1.4639
37137,medium_fine_sand,0.2065,1.5172,1.6403
37139,medium_fine_sand,0.2009,1.3931,1.505
37141,medium_fine_sand,0.2245,1.667,1.8024
37143,medium_fine_sand,0.2106,1.5404,1.6653
37145,silt_clay,0.2106,1.3101,1.503
37147,medium_fine_sand,0.2205,1.5479,1.6726
37149,medium_fine_sand,0.2165,1.5032,1.624
37151,silt_clay,0.2087,1.2506,1.4333
37153,medium_fine_sand,0.2192,1.4661,1.5831
37155,medium_fine_sand,0.2242,1.6024,1.7318
37157,silt_clay,0.2101,1.3253,1.5209
37159,silt_clay,0.2083,1.2829,1.4714
37161,medium_fine_sand,0.2189,1.5306,1.6538
37163,medium_fine_sand,0.2257,1.6276,1.7592
37165,medium_fine_sand,0.2325,1.6931,1.8303
37167,silt_clay,0.2075,1.1909,1.3634
37169,silt_clay,0.2105,1.3267,1.5226
37171,medium_fine_sand,0.2071,1.4201,1.534
37175,medium_fine_sand,0.2066,1.4801,1.5996
37177,silt_clay,0.1933,1.2636,1.4513
37179,silt_clay,0.2104,1.2506,1.4331
37181,silt_clay,0.2108,1.3061,1.4982
37183,silt_clay,0.2336,1.4226,1.6311
37185,silt_clay,0.2103,1.3256,1.5212
37187,medium_fine_sand,0.1928,1.373,1.4839
37189,medium_fine_sand,0.2007,1.4394,1.5557
37191,medium_fine_sand,0.2244,1.6179,1.7488
37193,medium_fine_sand,0.2138,1.478,1.5967
37195,medium_fine_sand,0.2214,1.5488,1.6735
37197,silt_clay,0.2084,1.297,1.488
37199,medium_fine_sand,0.2115,1.4822,1.6015
37605,medium_fine_sand,0.2045,1.4501,1.567
37606,medium_fine_sand,0.2017,1.4333,1.549
38001,silt_clay,0.2033,1.0443,1.4065
38003,silt_clay,0.203,1.0495,1.4141
38005,silt_clay,0.2074,1.1053,1.492
38007,silt_clay,0.2024,1.0384,1.3984
38009,silt_clay,0.2043,1.0754,1.4506
38011,silt_clay,0.2018,1.0322,1.3898
38013,silt_clay,0.2015,1.0452,1.4085
38015,silt_clay,0.2064,1.0624,1.431
38017,silt_clay,0.2008,1.05,1.4157
38019,silt_clay,0.203,1.0595,1.4283
38021,silt_clay,0.2064,1.0985,1.4826
38023,silt_clay,0.2012,1.0426,1.4049
38025,silt_clay,0.2,1.0127,1.3626
38027,medium_fine_sand,0.2089,1.2871,1.5356
38029,silt_clay,0.2059,1.0617,1.4302
38031,silt_clay,0.2078,1.1142,1.5045
38033,silt_clay,0.2002,1.014,1.3645
38035,silt_clay,0.2041,1.0786,1.4552
38037,silt_clay,0.2042,1.0602,1.4288
38039,silt_clay,0.2057,1.0987,1.4833
38041,silt_clay,0.2015,1.0179,1.3695
38043,silt_clay,0.2089,1.0792,1.454
38045,silt_clay,0.2045,1.0647,1.4351
38047,silt_clay,0.2072,1.0758,1.4499
38049,silt_clay,0.2081,1.1169,1.5083
38051,silt_clay,0.2062,1.0602,1.428
38053,silt_clay,0.2006,1.0319,1.3899
38055,silt_clay,0.2066,1.0698,1.4415
38057,silt_clay,0.2004,1.0425,1.4052
38059,silt_clay,0.2017,1.0377,1.3977
38061,silt_clay,0.2046,1.0498,1.4138
38063,silt_clay,0.2073,1.1071,1.4946
38065,silt_clay,0.1999,1.0258,1.3814
38067,silt_clay,0.1984,1.0464,1.4115
38069,silt_clay,0.2084,1.1169,1.5081
38071,silt_clay,0.2049,1.0525,1.4175
38073,silt_clay,0.2045,1.1099,1.4998
38075,silt_clay,0.2065,1.0939,1.476
38077,silt_clay,0.2004,1.0493,1.4149
38079,silt_clay,0.2066,1.0915,1.4726
38081,silt_clay,0.2038,1.0721,1.446
38083,silt_clay,0.2083,1.1001,1.4841
38085,silt_clay,0.2032,1.0444,1.4066
38087,silt_clay,0.2022,1.024,1.3778
38089,silt_clay,0.2014,1.01,1.3582
38091,silt_clay,0.2037,1.0845,1.4638
38093,silt_clay,0.2059,1.0794,1.4556
38095,silt_clay,0.2065,1.0818,1.4588
38097,silt_clay,0.1993,1.0376,1.3986
38099,silt_clay,0.2014,1.0546,1.422
38101,silt_clay,0.2042,1.0684,1.4406
38103,silt_clay,0.2052,1.066,1.4367
38105,silt_clay,0.204,1.066,1.4372
31001,silt_clay,0.2057,0.9926,1.3315
31003,medium_fine_sand,0.2182,1.3285,1.5844
31005,medium_fine_sand,0.207,1.4827,1.7767
31007,medium_fine_sand,0.217,1.3579,1.6209
31009,medium_fine_sand,0.2294,1.6639,1.9946
31011,silt_clay,0.2098,1.0717,1.4428
31013,medium_fine_sand,0.211,1.3871,1.6581
31015,silt_clay,0.2088,1.0877,1.4662
31017,medium_fine_sand,0.2253,1.5934,1.9087
31019,silt_clay,0.2144,1.0894,1.4663
31021,silt_clay,0.1937,1.0626,1.4368
31023,silt_clay,0.2062,1.1542,1.5624
31025,silt_clay,0.2004,1.1014,1.4894
31027,silt_clay,0.203,0.9957,1.337
31029,silt_clay,0.2099,1.0933,1.4737
31031,medium_fine_sand,0.2189,1.556,1.8642
31033,medium_fine_sand,0.2173,1.3379,1.5962
31035,silt_clay,0.1982,1.0839,1.4653
31037,silt_clay,0.2041,1.001,1.3442
31039,silt_clay,0.2029,0.9803,1.3151
31041,medium_fine_sand,0.2178,1.3293,1.5855
31043,silt_clay,0.195,1.077,1.4568
31045,silt_clay,0.1998,1.0572,1.4265
31047,silt_clay,0.2068,1.0151,1.3632
31049,medium_fine_sand,0.2235,1.3766,1.6424
31051,silt_clay,0.2012,0.9744,1.3073
31053,silt_clay,0.2096,1.0552,1.4193
31055,silt_clay,0.2072,1.0171,1.3659
31057,medium_fine_sand,0.2291,1.42,1.6945
31059,silt_clay,0.1953,1.0611,1.434
31061,silt_clay,0.2041,1.1375,1.5394
31063,silt_clay,0.1995,1.1089,1.5005
31065,silt_clay,0.2047,1.1329,1.5325
31067,silt_clay,0.2032,1.1191,1.5134
31069,medium_fine_sand,0.2168,1.4667,1.7548
31071,medium_fine_sand,0.2159,1.4224,1.7005
31073,silt_clay,0.2026,1.1184,1.5128
31075,medium_fine_sand,0.2143,1.5514,1.8595
31077,silt_clay,0.2151,1.1376,1.5348
31079,silt_clay,0.2155,1.1371,1.534
31081,silt_clay,0.2045,1.1429,1.547
31083,silt_clay,0.203,1.1243,1.5211
31085,silt_clay,0.2092,1.0873,1.4655
31087,silt_clay,0.2108,1.0822,1.4574
31089,medium_fine_sand,0.2222,1.4787,1.7683
31091,medium_fine_sand,0.2155,1.5541,1.8626
31093,silt_clay,0.2132,1.104,1.4876
31095,silt_clay,0.2052,1.141,1.544
31097,silt_clay,0.2077,1.1565,1.565
31099,silt_clay,0.2073,1.0056,1.3494
31101,medium_fine_sand,0.2192,1.3891,1.6587
31103,medium_fine_sand,0.2202,1.4235,1.7008
31105,medium_fine_sand,0.2185,1.34,1.5984
31107,silt_clay,0.2051,1.0481,1.4112
31109,silt_clay,0.2058,1.1401,1.5424
31111,silt_clay,0.2111,1.1169,1.507
31113,medium_fine_sand,0.216,1.3274,1.5835
31115,medium_fine_sand,0.2187,1.4397,1.7211
31117,medium_fine_sand,0.2171,1.5634,1.8737
31119,silt_clay,0.2106,1.0769,1.4499
31121,medium_fine_sand,0.2215,1.3415,1.5996
31123,medium_fine_sand,0.2191,1.4634,1.7501
31125,silt_clay,0.2093,1.0471,1.4079
31127,silt_clay,0.2017,1.1047,1.4935
31129,silt_clay,0.2022,1.1196,1.5146
31131,silt_clay,0.2054,1.1359,1.5366
31133,silt_clay,0.2082,1.1544,1.5619
31135,silt_clay,0.2095,1.1127,1.5016
31137,silt_clay,0.2067,0.9869,1.3229
31139,silt_clay,0.2126,1.0927,1.4717
31141,silt_clay,0.2056,1.0125,1.3599
31143,silt_clay,0.2095,1.0205,1.3697
31145,silt_clay,0.2068,1.0018,1.3442
31147,silt_clay,0.2024,1.1068,1.4962
31149,medium_fine_sand,0.2274,1.6162,1.9363
31151,silt_clay,0.2019,1.1065,1.496
31153,silt_clay,0.2049,1.0032,1.347
31155,silt_clay,0.2072,1.0063,1.3504
31157,medium_fine_sand,0.2171,1.4083,1.6829
31159,silt_clay,0.203,1.1172,1.5109
31161,medium_fine_sand,0.2101,1.3761,1.6448
31163,silt_clay,0.2066,1.0181,1.3676
31165,silt_clay,0.2049,1.1106,1.5007
31167,silt_clay,0.2118,1.0875,1.4646
31169,silt_clay,0.1991,1.1036,1.4931
31171,coarse_sand,0.3022,1.8027,2.0755
31173,silt_clay,0.1991,1.1077,1.4989
31175,silt_clay,0.2113,1.0828,1.458
31177,silt_clay,0.1973,1.1013,1.4906
31179,silt_clay,0.2043,0.9963,1.3373
31181,silt_clay,0.2012,1.1189,1.5142
31183,medium_fine_sand,0.2186,1.4562,1.7414
31185,silt_clay,0.1964,1.0682,1.4436
33005,medium_fine_sand,0.1873,1.4108,1.5257
33009,medium_fine_sand,0.1866,1.4079,1.5226
33015,medium_fine_sand,0.1988,1.4595,1.5779
33017,medium_fine_sand,0.2005,1.4724,1.5918
33019,medium_fine_sand,0.1909,1.4115,1.5261
33601,medium_fine_sand,0.2077,1.5761,1.7045
33602,medium_fine_sand,0.1847,1.4121,1.5273
33603,medium_fine_sand,0.1854,1.4228,1.539
33605,,,,
33607,medium_fine_sand,0.1705,1.3067,1.4134
33609,medium_fine_sand,0.1878,1.4539,1.5727
34001,medium_fine_sand,0.2135,1.6095,1.7406
34003,medium_fine_sand,0.199,1.4381,1.5544
34005,medium_fine_sand,0.2166,1.6232,1.7553
34007,medium_fine_sand,0.2222,1.6625,1.7977
34009,medium_fine_sand,0.1869,1.4647,1.5847
34011,medium_fine_sand,0.2174,1.6007,1.7305
34013,medium_fine_sand,0.1892,1.4011,1.5148
34015,medium_fine_sand,0.2309,1.6866,1.8233
34017,medium_fine_sand,0.2128,1.4907,1.6107
34019,silt_clay,0.2104,1.2187,1.3956
34021,silt_clay,0.2152,1.3013,1.4918
34023,medium_fine_sand,0.2094,1.4643,1.5822
34025,medium_fine_sand,0.2188,1.6162,1.7474
34027,medium_fine_sand,0.203,1.4061,1.5191
34029,medium_fine_sand,0.2003,1.5023,1.6246
34031,medium_fine_sand,0.1972,1.4131,1.5273
34033,medium_fine_sand,0.2165,1.539,1.6631
34035,silt_clay,0.2104,1.2336,1.4131
34037,silt_clay,0.1845,1.2297,1.413
34039,silt_clay,0.1998,1.2924,1.4841
34041,medium_fine_sand,0.1859,1.3196,1.426
35007,silt_clay,0.2022,0.7997,1.3838
35011,medium_fine_sand,0.2104,1.1377,1.6228
35019,silt_clay,0.2112,0.883,1.5397
35021,silt_clay,0.214,0.8721,1.5154
35023,silt_clay,0.2142,0.8661,1.5034
35025,medium_fine_sand,0.2255,1.2022,1.7131
35029,medium_fine_sand,0.2083,1.0951,1.559
35041,medium_fine_sand,0.2233,1.1855,1.6888
35059,silt_clay,0.2197,0.888,1.5412
35600,medium_fine_sand,0.2113,1.123,1.5999
35606,silt_clay,0.2063,0.8513,1.4818
35612,medium_fine_sand,0.2174,1.1479,1.6347
35614,silt_clay,0.2134,0.8833,1.5382
35618,medium_fine_sand,0.2157,1.1409,1.6249
35622,,,,
35630,silt_clay,0.2104,0.841,1.4575
35632,silt_clay,0.1965,0.809,1.4077
35636,silt_clay,0.1853,0.7514,1.3048
35638,silt_clay,0.2035,0.8031,1.3893
35644,silt_clay,0.2101,0.8643,1.5038
35646,silt_clay,0.1988,0.8308,1.4485
35648,silt_clay,0.206,0.8576,1.4945
35650,silt_clay,0.1931,0.8195,1.4317
35656,medium_fine_sand,0.2127,1.1151,1.5872
35660,medium_fine_sand,0.2138,1.1049,1.5711
35662,silt_clay,0.2075,0.8591,1.4959
35664,medium_fine_sand,0.215,1.1213,1.5955
35666,silt_clay,0.2115,0.8572,1.4882
35669,silt_clay,0.2119,0.8782,1.5295
35670,silt_clay,0.216,0.877,1.5231
35672,silt_clay,0.212,0.8717,1.5165
35674,silt_clay,0.2027,0.8304,1.4439
35676,medium_fine_sand,0.2128,1.1053,1.5722
35678,medium_fine_sand,0.2248,1.1425,1.6227
35682,silt_clay,0.1998,0.8334,1.4527
35687,medium_fine_sand,0.2061,1.1088,1.581
35688,medium_fine_sand,0.1989,1.0859,1.5499
35690,medium_fine_sand,0.2191,1.1898,1.6976
35692,silt_clay,0.2061,0.862,1.5032
35694,,,,
35696,,,,
35698,silt_clay,0.1954,0.8294,1.4492
35717,medium_fine_sand,0.2188,1.1655,1.6608
35719,medium_fine_sand,0.1922,1.029,1.4667
35780,silt_clay,0.1881,0.7646,1.328
35781,medium_fine_sand,0.1815,1.0424,1.4928
32602,silt_clay,0.1894,0.755,1.3078
32603,medium_fine_sand,0.2223,1.1573,1.6465
32608,medium_fine_sand,0.2276,1.2482,1.7822
32611,medium_fine_sand,0.2269,1.2507,1.7863
32612,silt_clay,0.1998,0.8136,1.4136
32621,silt_clay,0.2016,0.8314,1.4469
32622,medium_fine_sand,0.2259,1.2377,1.767
32625,medium_fine_sand,0.22,1.177,1.6776
32628,medium_fine_sand,0.2158,1.1378,1.6201
32629,medium_fine_sand,0.2185,1.1572,1.6482
32708,medium_fine_sand,0.1912,1.0193,1.4525
32709,medium_fine_sand,0.1998,1.0481,1.4918
32713,medium_fine_sand,0.2089,1.0949,1.5584
32754,medium_fine_sand,0.2188,1.1897,1.6977
32755,medium_fine_sand,0.225,1.2297,1.7553
32757,medium_fine_sand,0.2089,1.1298,1.6116
32759,silt_clay,0.1919,0.8008,1.396
32760,silt_clay,0.2119,0.8806,1.5342
32761,medium_fine_sand,0.229,1.1949,1.7002
32763,silt_clay,0.1962,0.7987,1.3877
32764,silt_clay,0.2004,0.8267,1.4389
32765,silt_clay,0.1992,0.814,1.415
32766,silt_clay,0.2155,0.8817,1.5328
32767,silt_clay,0.1977,0.7971,1.3829
32768,silt_clay,0.2105,0.864,1.5028
32769,medium_fine_sand,0.2168,1.1084,1.5749
32770,medium_fine_sand,0.219,1.1528,1.6413
32771,silt_clay,0.2046,0.8537,1.4882
32772,silt_clay,0.2071,0.8724,1.5227
32773,medium_fine_sand,0.2109,1.1228,1.5999
32774,medium_fine_sand,0.2217,1.2307,1.7585
32775,silt_clay,0.2068,0.8333,1.4457
32776,silt_clay,0.206,0.8521,1.4836
32777,silt_clay,0.2074,0.861,1.5
32778,silt_clay,0.2039,0.8524,1.4863
32779,silt_clay,0.2106,0.8637,1.5019
32780,silt_clay,0.2079,0.8443,1.4664
32781,medium_fine_sand,0.2219,1.2194,1.7412
32782,medium_fine_sand,0.215,1.1294,1.6078
32783,medium_fine_sand,0.2186,1.175,1.6754
32784,medium_fine_sand,0.212,1.1217,1.5976
32785,medium_fine_sand,0.2236,1.217,1.7367
32786,,,,
32788,medium_fine_sand,0.2192,1.2096,1.7277
32792,silt_clay,0.1949,0.8015,1.3944
32796,medium_fine_sand,0.2225,1.2286,1.755
32799,medium_fine_sand,0.2219,1.2378,1.7692
36001,silt_clay,0.2012,1.2204,1.3992
36003,silt_clay,0.2123,1.1978,1.3707
36005,medium_fine_sand,0.2217,1.5561,1.6814
36007,silt_clay,0.2135,1.2308,1.4092
36009,silt_clay,0.2079,1.1788,1.3492
36011,silt_clay,0.2077,1.2117,1.3879
36013,silt_clay,0.2111,1.2012,1.3749
36015,silt_clay,0.2118,1.2198,1.3966
36017,silt_clay,0.2113,1.228,1.4064
36019,medium_fine_sand,0.159,1.2421,1.3438
36021,silt_clay,0.1991,1.2044,1.3807
36023,silt_clay,0.2189,1.2313,1.4089
36025,silt_clay,0.2066,1.2304,1.41
36027,silt_clay,0.198,1.2625,1.4493
36029,silt_clay,0.2077,1.1935,1.3665
36031,medium_fine_sand,0.1554,1.2165,1.3161
36033,medium_fine_sand,0.1538,1.227,1.3277
36035,medium_fine_sand,0.1646,1.2811,1.3859
36037,silt_clay,0.2083,1.1947,1.3677
36039,silt_clay,0.1991,1.2013,1.3771
36041,medium_fine_sand,0.1364,1.13,1.2233
36043,medium_fine_sand,0.1596,1.2224,1.3222
36045,silt_clay,0.1844,1.1837,1.359
36047,medium_fine_sand,0.2207,1.6629,1.7983
36049,medium_fine_sand,0.1583,1.2353,1.3364
36051,silt_clay,0.2115,1.2149,1.391
36053,silt_clay,0.2081,1.2123,1.3885
36055,silt_clay,0.2081,1.2337,1.4137
36057,silt_clay,0.2108,1.238,1.4182
36059,medium_fine_sand,0.2043,1.6048,1.7364
36061,medium_fine_sand,0.2254,1.5833,1.7108
36065,silt_clay,0.1804,1.2015,1.3806
36067,silt_clay,0.2079,1.2197,1.3972
36069,silt_clay,0.2119,1.2318,1.4107
36071,silt_clay,0.197,1.2316,1.4131
36073,silt_clay,0.2028,1.1988,1.3735
36075,medium_fine_sand,0.1728,1.2985,1.4042
36077,silt_clay,0.2097,1.2129,1.3889
36079,medium_fine_sand,0.2102,1.5001,1.6212
36081,medium_fine_sand,0.2209,1.6336,1.7663
36083,silt_clay,0.1987,1.2641,1.451
36085,medium_fine_sand,0.2201,1.5979,1.7273
36087,medium_fine_sand,0.2043,1.4946,1.6158
36089,medium_fine_sand,0.1597,1.221,1.3207
36091,medium_fine_sand,0.1807,1.3555,1.4658
36093,silt_clay,0.2074,1.2127,1.389
36095,silt_clay,0.2091,1.1919,1.3643
36097,silt_clay,0.2085,1.1795,1.3499
36099,silt_clay,0.207,1.1794,1.35
36101,silt_clay,0.2107,1.2111,1.3867
36103,medium_fine_sand,0.2106,1.6365,1.7704
36105,silt_clay,0.1904,1.2318,1.4146
36107,silt_clay,0.2164,1.2409,1.4206
36109,silt_clay,0.2129,1.2081,1.3827
36111,silt_clay,0.2027,1.2263,1.4058
36113,medium_fine_sand,0.1801,1.3824,1.4953
36115,silt_clay,0.1944,1.2179,1.3975
36117,silt_clay,0.2066,1.2551,1.4391
36119,medium_fine_sand,0.2099,1.5014,1.6227
36121,silt_clay,0.2122,1.2173,1.3937
36123,silt_clay,0.2113,1.2231,1.4006
36605,silt_clay,0.2069,1.1999,1.3741
36663,,,,
36664,silt_clay,0.2068,1.2229,1.4011
36689,silt_clay,0.1912,1.2095,1.3882
39001,silt_clay,0.2179,1.3838,1.5884
39003,silt_clay,0.2427,1.2991,1.4844
39005,silt_clay,0.2242,1.2254,1.4011
39007,silt_clay,0.2239,1.2236,1.3989
39009,silt_clay,0.2129,1.3626,1.5643
39011,silt_clay,0.2367,1.4887,1.7083
39013,silt_clay,0.2189,1.3953,1.6017
39015,silt_clay,0.2268,1.43,1.6411
39017,silt_clay,0.2331,1.2661,1.4473
39019,silt_clay,0.2187,1.2035,1.3763
39021,silt_clay,0.2297,1.2879,1.4736
39023,silt_clay,0.2292,1.2833,1.4682
39025,silt_clay,0.2288,1.2192,1.393
39027,silt_clay,0.233,1.2522,1.431
39029,silt_clay,0.2214,1.203,1.3752
39031,silt_clay,0.2155,1.1986,1.371
39033,silt_clay,0.2334,1.4698,1.6867
39035,silt_clay,0.2253,1.2091,1.3816
39037,silt_clay,0.2402,1.2835,1.4665
39039,silt_clay,0.2314,1.2772,1.4607
39041,silt_clay,0.2371,1.4888,1.7084
39043,silt_clay,0.2243,1.2575,1.4388
39045,silt_clay,0.2271,1.2309,1.407
39047,silt_clay,0.2325,1.2831,1.4675
39049,silt_clay,0.2348,1.269,1.4504
39051,medium_fine_sand,0.2338,1.5246,1.6458
39053,silt_clay,0.2102,1.3758,1.5803
39055,silt_clay,0.2298,1.2217,1.3957
39057,silt_clay,0.2334,1.2851,1.4696
39059,silt_clay,0.2162,1.3719,1.5746
39061,silt_clay,0.2299,1.2274,1.4023
39063,silt_clay,0.2429,1.3126,1.5002
39065,silt_clay,0.2386,1.246,1.4227
39067,silt_clay,0.2164,1.3865,1.5917
39069,silt_clay,0.229,1.3901,1.5938
39071,silt_clay,0.2275,1.2171,1.3907
39073,silt_clay,0.2183,1.402,1.6097
39075,silt_clay,0.2184,1.2206,1.3964
39077,silt_clay,0.2306,1.2322,1.408
39079,silt_clay,0.2096,1.17,1.3385
39081,silt_clay,0.2161,1.3902,1.5962
39083,silt_clay,0.221,1.261,1.4434
39085,silt_clay,0.2261,1.2281,1.4039
39087,silt_clay,0.2131,1.3875,1.5935
39089,silt_clay,0.2235,1.2247,1.4003
39091,silt_clay,0.2326,1.2665,1.4479
39093,silt_clay,0.2274,1.4416,1.6546
39095,medium_fine_sand,0.2251,1.4915,1.6104
39097,silt_clay,0.2314,1.2791,1.4629
39099,silt_clay,0.2285,1.2165,1.3899
39101,silt_clay,0.2424,1.257,1.435
39103,silt_clay,0.2307,1.4586,1.674
39105,silt_clay,0.209,1.3727,1.5768
39107,silt_clay,0.2446,1.5117,1.734
39109,silt_clay,0.2368,1.2942,1.4797
39111,silt_clay,0.2115,1.3454,1.5443
39113,silt_clay,0.2333,1.3028,1.4904
39115,silt_clay,0.2165,1.3816,1.586
39117,silt_clay,0.2375,1.2502,1.4279
39119,silt_clay,0.2195,1.4114,1.6205
39121,silt_clay,0.2161,1.36,1.5607
39123,silt_clay,0.2216,1.2102,1.3837
39125,silt_clay,0.2241,1.2116,1.3849
39127,silt_clay,0.2175,1.3818,1.5861
39129,silt_clay,0.2314,1.3012,1.4889
39131,silt_clay,0.2143,1.388,1.5939
39133,silt_clay,0.2258,1.2297,1.4059
39135,silt_clay,0.2372,1.2967,1.4826
39137,silt_clay,0.2316,1.2589,1.4392
39139,silt_clay,0.2262,1.2255,1.4008
39141,silt_clay,0.225,1.2269,1.4027
39143,silt_clay,0.2322,1.291,1.4768
39145,silt_clay,0.2111,1.3721,1.5758
39147,silt_clay,0.2377,1.2793,1.462
39149,silt_clay,0.2419,1.2763,1.4577
39151,silt_clay,0.2222,1.2194,1.3943
39153,silt_clay,0.2269,1.2356,1.4126
39155,silt_clay,0.2312,1.2272,1.4019
39157,silt_clay,0.218,1.1994,1.3715
39159,silt_clay,0.24,1.2609,1.4401
39161,silt_clay,0.2393,1.4995,1.7206
39163,silt_clay,0.2121,1.3863,1.5922
39165,silt_clay,0.2304,1.2392,1.4162
39167,silt_clay,0.2141,1.3826,1.5876
39169,silt_clay,0.2261,1.2245,1.3996
39171,silt_clay,0.2307,1.3078,1.4967
39173,silt_clay,0.2328,1.4067,1.6126
39175,silt_clay,0.235,1.2512,1.4295
40001,silt_clay,0.2151,1.0063,1.347
40003,silt_clay,0.2292,1.1791,1.5881
40005,silt_clay,0.2193,1.1006,1.4801
40007,medium_fine_sand,0.2205,1.3347,1.5916
40009,silt_clay,0.2319,1.2039,1.6224
40011,silt_clay,0.2286,1.1701,1.5755
40013,silt_clay,0.219,1.0677,1.4332
40015,silt_clay,0.2281,1.1871,1.6001
40017,silt_clay,0.2237,1.0942,1.4691
40019,silt_clay,0.2225,1.097,1.4736
40021,silt_clay,0.2146,1.1703,1.5819
40023,silt_clay,0.218,1.0954,1.4733
40025,medium_fine_sand,0.2215,1.3338,1.5901
40027,silt_clay,0.2267,1.1237,1.51
40029,silt_clay,0.2208,1.0698,1.4354
40031,silt_clay,0.2189,1.0656,1.4302
40033,silt_clay,0.2257,1.0997,1.476
40035,silt_clay,0.2099,1.1373,1.5366
40037,silt_clay,0.2238,1.1289,1.5187
40039,silt_clay,0.2273,1.1501,1.5475
40041,silt_clay,0.2161,1.1678,1.5776
40043,medium_fine_sand,0.2334,1.4431,1.7219
40045,medium_fine_sand,0.2308,1.4525,1.7341
40047,silt_clay,0.2239,1.059,1.4186
40049,silt_clay,0.2219,1.0713,1.437
40051,silt_clay,0.2244,1.1484,1.5463
40053,silt_clay,0.2237,1.0811,1.4504
40055,silt_clay,0.2346,1.1507,1.5451
40057,silt_clay,0.237,1.1945,1.6068
40059,silt_clay,0.228,1.1964,1.6134
40061,silt_clay,0.2248,1.0735,1.4389
40063,silt_clay,0.218,1.0698,1.4366
40065,silt_clay,0.2336,1.1616,1.5612
40067,silt_clay,0.2251,1.1431,1.5384
40069,silt_clay,0.2244,1.1039,1.4826
40071,silt_clay,0.2236,1.0579,1.4172
40073,silt_clay,0.2265,1.1181,1.5021
40075,silt_clay,0.2259,1.0887,1.4603
40077,silt_clay,0.2234,1.0786,1.4468
40079,silt_clay,0.2226,1.0922,1.4667
40081,silt_clay,0.2249,1.1285,1.5175
40083,silt_clay,0.2298,1.1798,1.5889
40085,silt_clay,0.2269,1.1601,1.562
40087,silt_clay,0.2174,1.0467,1.4039
40089,silt_clay,0.2204,1.088,1.4616
40091,silt_clay,0.2189,1.0724,1.44
40093,silt_clay,0.2319,1.172,1.5769
40095,silt_clay,0.2262,1.1502,1.5481
40097,silt_clay,0.2127,1.1601,1.5681
40099,silt_clay,0.2237,1.0771,1.4446
40101,silt_clay,0.2165,1.0303,1.3807
40103,silt_clay,0.2229,1.0573,1.4166
40105,silt_clay,0.2099,1.1285,1.524
40107,silt_clay,0.2249,1.1466,1.5435
40109,silt_clay,0.2262,1.1137,1.4958
40111,silt_clay,0.2166,1.1923,1.6124
40113,silt_clay,0.2198,1.1989,1.6205
40115,silt_clay,0.2128,1.1505,1.5543
40117,silt_clay,0.224,1.0729,1.4385
40119,silt_clay,0.2269,1.1419,1.536
40121,silt_clay,0.2217,1.0816,1.4518
40123,silt_clay,0.2228,1.0969,1.4732
40125,silt_clay,0.2247,1.1617,1.5652
40127,silt_clay,0.2243,1.1608,1.5641
40129,medium_fine_sand,0.2345,1.465,1.7486
40131,silt_clay,0.2134,1.1576,1.5642
40133,silt_clay,0.2247,1.1099,1.4911
40135,silt_clay,0.2212,1.0486,1.4049
40137,silt_clay,0.2268,1.1716,1.5784
40139,medium_fine_sand,0.2195,1.3542,1.6157
40141,silt_clay,0.2266,1.1293,1.5181
40143,silt_clay,0.2166,1.018,1.3631
40145,silt_clay,0.2151,1.1804,1.5961
40147,silt_clay,0.213,1.1591,1.5664
40149,silt_clay,0.23,1.1967,1.613
40151,silt_clay,0.2282,1.1602,1.5615
40153,medium_fine_sand,0.2357,1.4673,1.7512
41003,silt_clay,0.1564,0.9518,1.2944
41007,silt_clay,0.1218,0.7396,1.0056
41009,silt_clay,0.1526,0.9409,1.2804
41011,silt_clay,0.1464,0.8507,1.154
41015,silt_clay,0.1506,0.8796,1.1935
41021,silt_clay,0.1917,0.977,1.3151
41033,silt_clay,0.162,0.9157,1.2402
41051,silt_clay,0.1625,0.8762,1.1836
41053,silt_clay,0.1668,0.9774,1.3265
41055,silt_clay,0.187,0.9636,1.2981
41057,silt_clay,0.1293,0.7689,1.0444
41067,silt_clay,0.1528,0.9297,1.2643
41071,silt_clay,0.1696,0.9842,1.335
41601,silt_clay,0.1222,0.7549,1.0274
41603,,,,
41604,silt_clay,0.1703,0.9226,1.2466
41605,medium_fine_sand,0.1352,1.0691,1.2843
41607,silt_clay,0.1717,0.9295,1.2558
41608,,,,
41610,silt_clay,0.1659,0.9941,1.3507
41618,silt_clay,0.1643,0.9408,1.2751
41620,medium_fine_sand,0.1512,1.0691,1.2806
41622,,,,
41625,silt_clay,0.1636,0.8835,1.1935
41626,silt_clay,0.1706,0.9335,1.262
41627,silt_clay,0.174,0.9415,1.272
41628,silt_clay,0.1948,1.0229,1.3795
41629,silt_clay,0.1434,0.8584,1.1662
41631,silt_clay,0.1727,0.9323,1.2594
41632,silt_clay,0.1508,0.8691,1.1784
41635,medium_fine_sand,0.172,1.173,1.4037
41636,silt_clay,0.1707,0.9515,1.2877
41637,silt_clay,0.1431,0.8256,1.1195
41638,silt_clay,0.1259,0.7617,1.0355
41639,silt_clay,0.1427,0.8165,1.1067
41640,silt_clay,0.1325,0.8298,1.1301
41641,silt_clay,0.1895,1.0007,1.3499
41643,silt_clay,0.1434,0.8197,1.111
41644,silt_clay,0.2023,1.0681,1.441
41645,silt_clay,0.212,1.0563,1.4199
41648,silt_clay,0.1751,0.9386,1.2673
41649,silt_clay,0.1504,0.8465,1.1463
41657,silt_clay,0.128,0.8067,1.0989
41666,silt_clay,0.1713,0.9495,1.2845
41667,silt_clay,0.1789,0.9513,1.2839
41670,silt_clay,0.1622,0.8872,1.1995
41673,silt_clay,0.17,0.9327,1.2611
41674,silt_clay,0.1473,0.8655,1.1749
41677,silt_clay,0.1726,0.9394,1.2696
41680,,,,
41682,medium_fine_sand,0.1016,0.852,1.0249
41683,medium_fine_sand,0.1175,0.908,1.0902
42001,silt_clay,0.209,1.1861,1.3575
42003,silt_clay,0.2106,1.3588,1.5602
42005,silt_clay,0.2061,1.3584,1.5606
42007,silt_clay,0.2148,1.1824,1.3522
42009,silt_clay,0.2035,1.175,1.3455
42011,silt_clay,0.2156,1.2112,1.3858
42013,silt_clay,0.2013,1.1635,1.3323
42017,silt_clay,0.2153,1.219,1.3951
42019,silt_clay,0.2144,1.2189,1.3951
42021,silt_clay,0.1905,1.1171,1.2797
42025,silt_clay,0.2102,1.2455,1.4272
42027,silt_clay,0.1992,1.1732,1.3441
42029,silt_clay,0.214,1.2255,1.4029
42031,silt_clay,0.1998,1.1629,1.3318
42033,silt_clay,0.1959,1.16,1.3291
42035,silt_clay,0.1988,1.1915,1.3657
42037,silt_clay,0.2092,1.2218,1.3994
42039,silt_clay,0.2173,1.257,1.4394
42041,silt_clay,0.2052,1.2022,1.3771
42043,silt_clay,0.2063,1.1991,1.3733
42045,silt_clay,0.231,1.3189,1.5097
42049,silt_clay,0.2177,1.2758,1.4614
42051,silt_clay,0.1882,1.1183,1.2815
42055,silt_clay,0.2059,1.1898,1.3624
42057,silt_clay,0.2086,1.1896,1.3617
42061,silt_clay,0.2062,1.2066,1.3821
42063,silt_clay,0.1958,1.1456,1.3122
42065,silt_clay,0.1929,1.136,1.3015
42069,silt_clay,0.2129,1.2539,1.4365
42071,silt_clay,0.2105,1.1934,1.3658
42073,silt_clay,0.2165,1.21,1.3843
42075,silt_clay,0.2093,1.1901,1.3622
42077,silt_clay,0.2152,1.2163,1.3919
42079,silt_clay,0.2119,1.2402,1.4206
42081,silt_clay,0.208,1.2243,1.4026
42083,silt_clay,0.201,1.1849,1.3575
42085,silt_clay,0.2198,1.2909,1.4789
42089,silt_clay,0.2116,1.2641,1.4487
42091,silt_clay,0.216,1.2187,1.3946
42093,silt_clay,0.2071,1.2005,1.3748
42095,silt_clay,0.212,1.2344,1.4138
42097,silt_clay,0.206,1.2021,1.3769
42099,silt_clay,0.2076,1.205,1.3799
42101,silt_clay,0.217,1.2446,1.4249
42103,medium_fine_sand,0.2025,1.3942,1.5061
42105,silt_clay,0.2037,1.2203,1.3986
42107,silt_clay,0.2066,1.2501,1.4332
42109,silt_clay,0.2063,1.196,1.3696
42111,silt_clay,0.1939,1.1442,1.3109
42115,silt_clay,0.2139,1.2464,1.4275
42117,silt_clay,0.2138,1.2466,1.4278
42119,silt_clay,0.2056,1.2019,1.3767
42121,silt_clay,0.2186,1.2432,1.4229
42127,silt_clay,0.2113,1.2774,1.4645
42129,silt_clay,0.1915,1.1062,1.2667
42131,silt_clay,0.2129,1.25,1.4319
42133,silt_clay,0.2116,1.2007,1.3742
42605,silt_clay,0.2064,1.1848,1.3564
42607,silt_clay,0.1962,1.1742,1.3458
42609,silt_clay,0.2081,1.2087,1.3843
42610,silt_clay,0.212,1.2517,1.4342
42611,silt_clay,0.2089,1.3343,1.5318
44600,medium_fine_sand,0.205,1.5031,1.625
45001,medium_fine_sand,0.2249,1.4866,1.6051
45005,medium_fine_sand,0.2346,1.7244,1.8643
45007,silt_clay,0.2162,1.3571,1.5573
45009,medium_fine_sand,0.2293,1.6727,1.8083
45013,medium_fine_sand,0.22,1.6144,1.7454
45015,medium_fine_sand,0.2208,1.5762,1.7035
45017,medium_fine_sand,0.2344,1.6917,1.8285
45021,silt_clay,0.2143,1.3222,1.5166
45023,medium_fine_sand,0.2207,1.4897,1.6089
45025,medium_fine_sand,0.2323,1.5941,1.722
45027,medium_fine_sand,0.2215,1.621,1.7524
45029,medium_fine_sand,0.2234,1.6308,1.7629
45031,medium_fine_sand,0.2398,1.7612,1.9041
45033,medium_fine_sand,0.2217,1.5907,1.7192
45035,medium_fine_sand,0.2236,1.6667,1.8022
45037,medium_fine_sand,0.2234,1.5081,1.6287
45039,medium_fine_sand,0.2197,1.4755,1.5935
45041,medium_fine_sand,0.2246,1.6328,1.765
45043,medium_fine_sand,0.2262,1.734,1.8755
45045,medium_fine_sand,0.2146,1.4769,1.5954
45047,silt_clay,0.2178,1.3077,1.4989
45049,medium_fine_sand,0.2251,1.6552,1.7895
45051,medium_fine_sand,0.2254,1.6818,1.8185
45053,medium_fine_sand,0.2219,1.6385,1.7715
45057,silt_clay,0.2164,1.3457,1.5438
45059,medium_fine_sand,0.2201,1.4936,1.6132
45061,medium_fine_sand,0.2367,1.7465,1.8883
45063,medium_fine_sand,0.2179,1.5427,1.667
45065,silt_clay,0.2174,1.3041,1.4947
45067,medium_fine_sand,0.2225,1.6065,1.7364
45069,medium_fine_sand,0.2359,1.672,1.8069
45071,silt_clay,0.2145,1.3555,1.5556
45075,medium_fine_sand,0.2368,1.7409,1.8821
45077,medium_fine_sand,0.2096,1.4524,1.569
45079,medium_fine_sand,0.2211,1.5013,1.6215
45081,silt_clay,0.2154,1.2848,1.4724
45083,medium_fine_sand,0.2093,1.4336,1.5486
45085,medium_fine_sand,0.2306,1.6882,1.825
45087,medium_fine_sand,0.2218,1.4927,1.612
45089,medium_fine_sand,0.2227,1.6292,1.7612
45091,silt_clay,0.2124,1.3325,1.529
45602,medium_fine_sand,0.2099,1.4326,1.5474
45604,medium_fine_sand,0.2035,1.4893,1.61
45610,medium_fine_sand,0.2251,1.5645,1.6903
45615,medium_fine_sand,0.2321,1.7101,1.8489
45665,medium_fine_sand,0.2426,1.749,1.8904
45690,medium_fine_sand,0.2166,1.6103,1.7412
45696,medium_fine_sand,0.2348,1.742,1.8835
46003,silt_clay,0.2022,1.0004,1.3441
46005,silt_clay,0.2025,1.0433,1.4053
46007,medium_fine_sand,0.2086,1.3634,1.6296
46009,silt_clay,0.1999,0.9906,1.331
46011,silt_clay,0.2008,1.0176,1.3693
46013,silt_clay,0.2004,1.0334,1.3922
46019,silt_clay,0.1918,0.9839,1.3249
46021,silt_clay,0.2039,1.0385,1.3979
46023,silt_clay,0.196,0.9553,1.2823
46025,silt_clay,0.2028,1.0266,1.3814
46027,silt_clay,0.196,0.9664,1.2982
46029,silt_clay,0.2022,1.0083,1.3554
46031,silt_clay,0.1968,1.0132,1.3647
46035,silt_clay,0.2028,1.0458,1.4088
46037,silt_clay,0.2003,1.0055,1.3522
46039,silt_clay,0.2032,1.0338,1.3915
46041,silt_clay,0.1894,0.944,1.2689
46043,silt_clay,0.2006,0.9878,1.3269
46045,silt_clay,0.2048,1.0406,1.4006
46047,silt_clay,0.1906,0.9664,1.3004
46049,silt_clay,0.2037,1.0271,1.3817
46051,silt_clay,0.2059,1.0494,1.4126
46053,silt_clay,0.1942,0.976,1.3127
46055,silt_clay,0.1833,1.0382,1.4063
46057,silt_clay,0.201,1.0158,1.3667
46059,silt_clay,0.1973,0.9741,1.3086
46063,silt_clay,0.2059,1.0972,1.481
46065,silt_clay,0.1912,1.0888,1.4753
46069,silt_clay,0.1958,0.9584,1.2868
46073,silt_clay,0.2008,0.9995,1.3434
46075,silt_clay,0.1819,1.0266,1.3904
46077,silt_clay,0.2011,0.9925,1.3332
46079,silt_clay,0.1987,0.9738,1.3076
46081,silt_clay,0.1878,0.9589,1.2909
46083,silt_clay,0.1961,1.1026,1.493
46085,silt_clay,0.1819,1.028,1.3923
46087,silt_clay,0.2008,0.9962,1.3388
46089,silt_clay,0.2053,1.0567,1.4233
46091,silt_clay,0.201,1.0293,1.386
46095,silt_clay,0.1862,0.935,1.2575
46097,silt_clay,0.201,0.9792,1.3144
46099,silt_clay,0.1982,0.9778,1.3135
46101,silt_clay,0.2009,1.0119,1.3611
46105,silt_clay,0.2,1.0411,1.4033
46107,silt_clay,0.1995,0.9857,1.3242
46109,silt_clay,0.204,1.0466,1.4094
46111,silt_clay,0.2031,1.0888,1.4702
46115,silt_clay,0.199,0.9968,1.3403
46117,silt_clay,0.179,1.0092,1.3667
46119,silt_clay,0.193,1.0952,1.4837
46121,medium_fine_sand,0.2074,1.3495,1.6127
46123,silt_clay,0.1959,1.0146,1.3672
46125,silt_clay,0.2013,1.0093,1.3573
46127,silt_clay,0.1967,1.1136,1.5084
46129,silt_clay,0.2018,1.0188,1.3706
46135,silt_clay,0.199,0.9742,1.308
46137,silt_clay,0.1938,0.978,1.3157
46600,silt_clay,0.1877,0.9584,1.2902
46601,silt_clay,0.192,0.9638,1.2961
46602,silt_clay,0.2028,1.0241,1.3778
46603,silt_clay,0.191,1.0847,1.4695
46606,silt_clay,0.1853,1.0713,1.4528
46607,silt_clay,0.1864,0.9671,1.3033
46610,silt_clay,0.1893,0.9442,1.2693
46611,silt_clay,0.1798,1.0354,1.4038
46612,silt_clay,0.1842,1.0706,1.4524
46613,silt_clay,0.1934,1.0223,1.3793
47001,silt_clay,0.2107,1.1814,1.3517
47003,silt_clay,0.2025,1.2981,1.4903
47005,silt_clay,0.2204,1.2079,1.3812
47007,silt_clay,0.2116,1.2033,1.3773
47011,silt_clay,0.2094,1.3671,1.5702
47013,silt_clay,0.2134,1.1935,1.3654
47015,silt_clay,0.2066,1.3345,1.5324
47017,silt_clay,0.2219,1.4124,1.6213
47019,silt_clay,0.2118,1.3019,1.4931
47021,silt_clay,0.2119,1.3439,1.5425
47023,silt_clay,0.2265,1.2854,1.4712
47025,silt_clay,0.2109,1.1643,1.3315
47027,silt_clay,0.2041,1.3316,1.5294
47031,silt_clay,0.2122,1.3619,1.5636
47033,silt_clay,0.2163,1.3228,1.5169
47035,silt_clay,0.2144,1.2593,1.4427
47037,silt_clay,0.2072,1.3282,1.5249
47039,silt_clay,0.2219,1.2198,1.3948
47041,silt_clay,0.2079,1.3317,1.5288
47043,silt_clay,0.2123,1.3565,1.5572
47045,silt_clay,0.2151,1.3305,1.5262
47047,silt_clay,0.2171,1.3589,1.5592
47051,silt_clay,0.2119,1.3709,1.5742
47053,silt_clay,0.2172,1.3445,1.5423
47055,silt_clay,0.2047,1.3133,1.5077
47057,silt_clay,0.2141,1.1971,1.3695
47059,silt_clay,0.2119,1.2216,1.3987
47061,silt_clay,0.2138,1.2461,1.4272
47063,silt_clay,0.212,1.3777,1.5823
47065,silt_clay,0.214,1.1946,1.3666
47069,silt_clay,0.2179,1.1995,1.3717
47071,silt_clay,0.222,1.2165,1.391
47075,silt_clay,0.2178,1.3464,1.5444
47077,silt_clay,0.2237,1.2639,1.4464
47079,silt_clay,0.2196,1.4145,1.6242
47081,silt_clay,0.2107,1.3477,1.5471
47083,silt_clay,0.2126,1.3493,1.5487
47085,silt_clay,0.2129,1.3565,1.5571
47087,silt_clay,0.2046,1.3172,1.5124
47089,silt_clay,0.2115,1.3755,1.5797
47091,silt_clay,0.2127,1.3427,1.541
47093,silt_clay,0.2117,1.1853,1.3561
47095,silt_clay,0.2063,1.3381,1.5367
47097,silt_clay,0.2153,1.3281,1.5234
47099,silt_clay,0.2145,1.3545,1.5545
47101,silt_clay,0.2106,1.3449,1.5438
47103,silt_clay,0.2076,1.3232,1.5189
47105,silt_clay,0.2118,1.3775,1.582
47107,silt_clay,0.2032,1.1672,1.3363
47109,silt_clay,0.2263,1.2901,1.4767
47111,silt_clay,0.2045,1.3129,1.5073
47113,silt_clay,0.2207,1.3879,1.5927
47115,silt_clay,0.2148,1.2066,1.3807
47117,silt_clay,0.2047,1.3168,1.5119
47119,silt_clay,0.205,1.3179,1.5131
47121,silt_clay,0.2104,1.1686,1.3367
47123,silt_clay,0.2117,1.1891,1.3606
47125,silt_clay,0.2124,1.3407,1.5386
47127,silt_clay,0.2048,1.3099,1.5038
47131,silt_clay,0.2156,1.3074,1.4989
47133,silt_clay,0.2038,1.1608,1.3287
47135,silt_clay,0.2115,1.3551,1.5557
47139,silt_clay,0.2108,1.2283,1.4067
47143,silt_clay,0.2128,1.2362,1.4158
47145,silt_clay,0.213,1.2076,1.3821
47147,silt_clay,0.2092,1.3294,1.5259
47149,silt_clay,0.2092,1.3376,1.5356
47153,silt_clay,0.2145,1.2432,1.4236
47157,silt_clay,0.2151,1.3116,1.504
47159,silt_clay,0.2069,1.3272,1.5238
47161,silt_clay,0.2162,1.3733,1.5763
47163,silt_clay,0.2156,1.2739,1.4595
47165,silt_clay,0.2064,1.3246,1.5207
47167,silt_clay,0.214,1.3197,1.5137
47169,silt_clay,0.2044,1.3161,1.5111
47171,silt_clay,0.2147,1.3365,1.5333
47173,silt_clay,0.2102,1.3667,1.5696
47177,silt_clay,0.2142,1.1834,1.3534
47179,silt_clay,0.2134,1.2306,1.409
47181,silt_clay,0.2116,1.3537,1.554
47183,silt_clay,0.2183,1.349,1.5474
47187,silt_clay,0.2055,1.3246,1.521
47189,silt_clay,0.2086,1.3378,1.5359
47602,silt_clay,0.212,1.1836,1.3541
47604,silt_clay,0.2086,1.1863,1.3578
47606,silt_clay,0.2158,1.3153,1.5082
47607,silt_clay,0.2017,1.1974,1.372
47608,silt_clay,0.2119,1.2132,1.3889
47609,silt_clay,0.2114,1.1682,1.336
47610,silt_clay,0.2057,1.3457,1.5456
47629,silt_clay,0.2013,1.2021,1.3777
47640,medium_fine_sand,0.1898,1.3437,1.452
47650,silt_clay,0.2,1.2409,1.4235
47701,silt_clay,0.2043,1.1687,1.3379
48001,silt_clay,0.2181,1.1653,1.5732
48003,medium_fine_sand,0.2152,1.3277,1.5841
48005,silt_clay,0.2168,1.1391,1.5363
48009,silt_clay,0.2245,1.0544,1.4118
48011,silt_clay,0.2128,1.0685,1.437
48013,silt_clay,0.2234,1.1794,1.5911
48017,medium_fine_sand,0.2218,1.3826,1.6502
48019,silt_clay,0.1957,1.1098,1.5033
48021,silt_clay,0.2203,1.1127,1.497
48023,silt_clay,0.2265,1.0979,1.4732
48025,medium_fine_sand,0.2166,1.3228,1.5777
48027,silt_clay,0.2024,1.1297,1.529
48029,silt_clay,0.2096,1.0511,1.4135
48033,silt_clay,0.2161,1.1272,1.5196
48035,silt_clay,0.2187,1.115,1.5009
48037,silt_clay,0.2139,1.0643,1.4305
48039,silt_clay,0.202,1.0207,1.3733
48041,silt_clay,0.2139,1.0973,1.4777
48045,silt_clay,0.2098,1.0641,1.4319
48047,medium_fine_sand,0.2397,1.5842,1.8941
48051,silt_clay,0.2125,1.0903,1.4683
48055,silt_clay,0.2185,1.084,1.4567
48057,silt_clay,0.219,1.14,1.5366
48059,silt_clay,0.2269,1.1202,1.5049
48061,silt_clay,0.2159,1.0707,1.4388
48065,silt_clay,0.2076,1.045,1.4056
48069,silt_clay,0.2092,1.0721,1.4437
48071,silt_clay,0.2159,1.0524,1.4127
48073,medium_fine_sand,0.2224,1.3659,1.6295
48075,silt_clay,0.2314,1.1885,1.6007
48077,silt_clay,0.2296,1.1773,1.5854
48079,medium_fine_sand,0.2216,1.3947,1.6651
48081,silt_clay,0.2206,1.1026,1.4824
48083,silt_clay,0.2183,1.0743,1.4429
48085,silt_clay,0.2057,1.1453,1.5499
48087,medium_fine_sand,0.2286,1.3744,1.6384
48089,silt_clay,0.2263,1.1875,1.6014
48093,silt_clay,0.2271,1.1584,1.5595
48095,silt_clay,0.2059,1.0018,1.3445
48097,silt_clay,0.2236,1.1408,1.5357
48099,silt_clay,0.2077,1.0099,1.3553
48101,silt_clay,0.234,1.209,1.6288
48105,silt_clay,0.1987,0.9945,1.3371
48107,silt_clay,0.2213,1.1752,1.5859
48111,medium_fine_sand,0.2334,1.4194,1.6927
48113,silt_clay,0.2119,1.032,1.3851
48115,medium_fine_sand,0.2201,1.3582,1.6205
48117,silt_clay,0.2081,1.0678,1.4379
48121,silt_clay,0.2145,1.0499,1.4096
48123,silt_clay,0.2219,1.1655,1.5718
48125,silt_clay,0.2184,1.1383,1.5344
48129,silt_clay,0.2228,1.1672,1.5738
48131,medium_fine_sand,0.2196,1.3544,1.6159
48133,silt_clay,0.2349,1.2087,1.628
48139,silt_clay,0.2084,1.1612,1.5715
48143,silt_clay,0.2278,1.1741,1.5815
48145,silt_clay,0.2109,1.0319,1.3854
48147,silt_clay,0.216,1.0391,1.3936
48149,silt_clay,0.2144,1.1122,1.4988
48151,silt_clay,0.2286,1.1555,1.5546
48153,silt_clay,0.2145,1.1219,1.5126
48155,silt_clay,0.2264,1.1177,1.5015
48157,silt_clay,0.2125,1.0451,1.4036
48161,silt_clay,0.2195,1.1364,1.5312
48163,silt_clay,0.2199,1.1337,1.5272
48165,medium_fine_sand,0.2267,1.4515,1.7338
48167,silt_clay,0.2119,1.1358,1.5336
48169,silt_clay,0.2179,1.1519,1.554
48171,silt_clay,0.2099,1.0506,1.4127
48173,medium_fine_sand,0.2222,1.3591,1.6211
48175,medium_fine_sand,0.2201,1.3308,1.5868
48177,silt_clay,0.2171,1.11,1.4945
48179,silt_clay,0.2177,1.1311,1.5245
48181,silt_clay,0.219,1.0631,1.4266
48185,silt_clay,0.2176,1.1363,1.532
48187,silt_clay,0.2115,1.042,1.3996
48189,medium_fine_sand,0.2204,1.3374,1.5948
48191,medium_fine_sand,0.2326,1.4155,1.6881
48193,silt_clay,0.2154,1.0862,1.4612
48195,silt_clay,0.2193,1.1227,1.5117
48197,silt_clay,0.2306,1.1929,1.6074
48199,silt_clay,0.2224,1.1344,1.5271
48201,silt_clay,0.2238,1.1316,1.5225
48203,silt_clay,0.2247,1.1662,1.5716
48205,medium_fine_sand,0.2329,1.4177,1.6907
48207,silt_clay,0.2242,1.1434,1.5392
48211,medium_fine_sand,0.2205,1.3412,1.5995
48213,silt_clay,0.2138,1.1467,1.5485
48215,silt_clay,0.2222,1.1543,1.5558
48217,silt_clay,0.2125,1.0517,1.413
48219,medium_fine_sand,0.2163,1.3342,1.5918
48225,silt_clay,0.2143,1.1279,1.5214
48227,medium_fine_sand,0.2199,1.3499,1.6103
48231,silt_clay,0.2098,0.9975,1.3367
48233,silt_clay,0.2227,1.1711,1.5796
48235,silt_clay,0.2051,1.1363,1.5372
48237,silt_clay,0.2306,1.1716,1.5768
48239,silt_clay,0.2232,1.1713,1.5796
48243,silt_clay,0.2081,1.0627,1.4307
48247,medium_fine_sand,0.2348,1.552,1.8556
48249,medium_fine_sand,0.2211,1.3571,1.619
48251,silt_clay,0.2148,1.0533,1.4144
48253,silt_clay,0.2263,1.1705,1.577
48255,silt_clay,0.2136,1.0962,1.4762
48259,silt_clay,0.1942,1.1024,1.4935
48263,medium_fine_sand,0.2324,1.4002,1.6693
48265,silt_clay,0.1915,1.0901,1.477
48267,silt_clay,0.2006,0.984,1.3214
48269,silt_clay,0.233,1.1631,1.5637
48271,silt_clay,0.2034,1.0187,1.3697
48275,silt_clay,0.228,1.1566,1.5565
48279,medium_fine_sand,0.2209,1.3647,1.6283
48281,silt_clay,0.2095,1.0401,1.3978
48283,silt_clay,0.2116,1.0814,1.4559
48285,silt_clay,0.2234,1.1739,1.5832
48287,silt_clay,0.2209,1.1472,1.546
48289,silt_clay,0.2179,1.1406,1.538
48291,silt_clay,0.2237,1.1281,1.5175
48293,silt_clay,0.2174,1.1051,1.4873
48295,silt_clay,0.2213,1.1573,1.5604
48297,silt_clay,0.2065,1.0507,1.4142
48299,silt_clay,0.2194,1.1528,1.5548
48303,silt_clay,0.2175,1.1564,1.5608
48305,medium_fine_sand,0.2176,1.3431,1.6025
48307,silt_clay,0.2121,1.0513,1.4127
48309,silt_clay,0.2104,1.0263,1.3776
48311,silt_clay,0.2122,1.0909,1.4693
48313,silt_clay,0.2168,1.1283,1.5208
48317,medium_fine_sand,0.2209,1.381,1.6483
48319,medium_fine_sand,0.2164,1.3158,1.5692
48321,silt_clay,0.2051,1.0181,1.3682
48323,silt_clay,0.2109,1.0487,1.4095
48325,silt_clay,0.2131,1.0928,1.4717
48327,silt_clay,0.2053,1.008,1.3536
48329,medium_fine_sand,0.2207,1.3942,1.6647
48331,silt_clay,0.2106,1.0404,1.3977
48335,silt_clay,0.2258,1.1158,1.4991
48337,silt_clay,0.229,1.1906,1.6046
48339,medium_fine_sand,0.2265,1.3521,1.6116
48341,silt_clay,0.2243,1.182,1.5945
48345,silt_clay,0.2234,1.182,1.5947
48347,silt_clay,0.2201,1.1696,1.5785
48349,silt_clay,0.2126,1.049,1.4092
48353,silt_clay,0.2176,1.0905,1.4664
48355,silt_clay,0.2126,1.1282,1.5224
48357,silt_clay,0.2103,1.0402,1.3975
48359,silt_clay,0.2112,1.0552,1.4186
48363,silt_clay,0.228,1.1668,1.5711
48365,silt_clay,0.226,1.1641,1.5681
48367,medium_fine_sand,0.2301,1.3681,1.6304
48369,silt_clay,0.212,1.1053,1.4899
48371,silt_clay,0.2044,0.9975,1.339
48375,silt_clay,0.212,1.0554,1.4186
48377,silt_clay,0.2139,1.1273,1.5206
48381,silt_clay,0.2115,1.0802,1.4543
48387,silt_clay,0.2098,1.0514,1.4138
48389,silt_clay,0.2042,1.0143,1.3631
48391,silt_clay,0.2175,1.1423,1.5405
48393,silt_clay,0.2171,1.1096,1.4938
48395,silt_clay,0.2161,1.1244,1.5156
48399,silt_clay,0.2199,1.1058,1.4873
48401,silt_clay,0.2218,1.1688,1.5766
48411,silt_clay,0.2186,1.0956,1.4733
48413,silt_clay,0.1913,1.0849,1.4696
48415,silt_clay,0.2287,1.1383,1.5299
48417,silt_clay,0.2239,1.0689,1.4328
48419,silt_clay,0.2237,1.1723,1.5807
48421,silt_clay,0.2236,1.165,1.5703
48423,medium_fine_sand,0.2224,1.3776,1.6438
48427,silt_clay,0.2191,1.1037,1.4846
48429,silt_clay,0.2283,1.1195,1.5033
48431,silt_clay,0.2051,0.9828,1.3177
48433,silt_clay,0.2288,1.1803,1.59
48435,silt_clay,0.1899,1.0697,1.4486
48437,silt_clay,0.2052,1.0131,1.361
48439,silt_clay,0.2204,1.1116,1.4953
48441,silt_clay,0.2216,1.0758,1.4437
48443,silt_clay,0.201,0.9928,1.3338
48445,medium_fine_sand,0.22,1.3826,1.6506
48447,silt_clay,0.2233,1.078,1.4461
48451,silt_clay,0.2066,0.9976,1.3382
48453,silt_clay,0.2063,0.996,1.336
48455,silt_clay,0.2133,1.1157,1.5043
48457,silt_clay,0.2187,1.16,1.5653
48463,silt_clay,0.2059,1.0291,1.3836
48465,silt_clay,0.2056,1.0052,1.3495
48467,silt_clay,0.2184,1.1259,1.5167
48469,silt_clay,0.216,1.138,1.5351
48471,silt_clay,0.213,1.1114,1.4982
48475,medium_fine_sand,0.2098,1.297,1.5475
48477,silt_clay,0.2119,1.0753,1.4471
48479,silt_clay,0.218,1.1389,1.5355
48481,silt_clay,0.2248,1.1378,1.5309
48483,medium_fine_sand,0.2313,1.4046,1.6751
48485,silt_clay,0.2244,1.0856,1.4564
48487,silt_clay,0.2286,1.1908,1.6051
48489,medium_fine_sand,0.2315,1.4635,1.7474
48491,silt_clay,0.2031,1.1372,1.5394
48493,silt_clay,0.2219,1.156,1.5583
48497,silt_clay,0.2272,1.1547,1.5541
48499,medium_fine_sand,0.2209,1.3621,1.6251
48501,medium_fine_sand,0.2246,1.4245,1.701
48503,silt_clay,0.2321,1.1583,1.5572
48505,silt_clay,0.2193,1.1487,1.5489
48600,silt_clay,0.2238,1.1539,1.5544
48601,silt_clay,0.2045,1.0255,1.3791
48602,silt_clay,0.219,1.0907,1.4661
48603,silt_clay,0.2178,1.1262,1.5174
48604,silt_clay,0.1949,1.1052,1.4972
48605,silt_clay,0.2109,1.0706,1.4409
48606,silt_clay,0.21,1.115,1.5047
48607,silt_clay,0.1955,0.9763,1.3125
48608,medium_fine_sand,0.2254,1.3807,1.6469
48609,medium_fine_sand,0.2302,1.3671,1.6292
48610,silt_clay,0.2174,1.0699,1.4369
48611,silt_clay,0.2169,1.1463,1.5466
48612,silt_clay,0.2076,1.0222,1.3729
48613,medium_fine_sand,0.2271,1.5313,1.8319
48614,silt_clay,0.2101,1.01,1.3544
48615,medium_fine_sand,0.2167,1.3406,1.5997
48616,medium_fine_sand,0.2279,1.3583,1.6188
48617,silt_clay,0.2238,1.1753,1.5851
48618,silt_clay,0.2093,1.0451,1.405
48619,silt_clay,0.217,1.1448,1.5443
48620,medium_fine_sand,0.2177,1.333,1.5901
48621,silt_clay,0.2094,1.1062,1.4924
48622,silt_clay,0.2069,1.0693,1.4406
48623,silt_clay,0.204,1.0078,1.3539
48624,medium_fine_sand,0.2183,1.3274,1.583
48625,medium_fine_sand,0.2094,1.294,1.544
48626,silt_clay,0.2084,1.0912,1.4713
48627,silt_clay,0.2175,1.1579,1.5628
49013,silt_clay,0.2159,1.129,1.5222
49047,silt_clay,0.1949,1.0668,1.4423
49601,silt_clay,0.1904,1.0357,1.3996
49602,silt_clay,0.1756,0.9131,1.2307
49603,silt_clay,0.1763,0.9214,1.2423
49604,silt_clay,0.1893,0.9903,1.3352
49607,silt_clay,0.1945,1.0578,1.4296
49608,silt_clay,0.1855,0.9727,1.3118
49609,silt_clay,0.1833,0.9797,1.3227
49611,silt_clay,0.1972,1.0539,1.4228
49612,silt_clay,0.1863,0.9722,1.3106
49613,silt_clay,0.1858,1.0029,1.3548
49616,silt_clay,0.191,1.0306,1.3922
49617,silt_clay,0.2199,1.1034,1.4839
49618,silt_clay,0.1912,1.0223,1.3802
49621,silt_clay,0.1848,0.9869,1.3323
49622,silt_clay,0.1863,1.0243,1.3852
49623,silt_clay,0.192,1.0712,1.4498
49624,silt_clay,0.2025,1.1088,1.4991
49625,medium_fine_sand,0.226,1.3892,1.6573
49626,medium_fine_sand,0.2024,1.2621,1.5063
49627,silt_clay,0.1797,0.9577,1.2928
49628,silt_clay,0.184,1.0324,1.3977
49629,medium_fine_sand,0.2203,1.3541,1.6155
49631,medium_fine_sand,0.1981,1.2945,1.5471
49632,silt_clay,0.1883,0.9607,1.2933
49633,medium_fine_sand,0.2065,1.3146,1.5699
49634,silt_clay,0.1985,1.059,1.4295
49636,silt_clay,0.1926,1.0643,1.4397
49638,medium_fine_sand,0.2088,1.3828,1.6534
49639,silt_clay,0.1876,0.9629,1.2967
49640,silt_clay,0.1991,1.0871,1.4694
49641,medium_fine_sand,0.207,1.2788,1.5259
49642,medium_fine_sand,0.2295,1.4029,1.6733
49643,medium_fine_sand,0.2107,1.411,1.6876
49645,silt_clay,0.2186,1.1158,1.5022
49646,silt_clay,0.2146,1.0999,1.4811
49647,silt_clay,0.2083,1.1168,1.5081
49648,,,,
49649,silt_clay,0.214,1.1023,1.4849
49650,,,,
49651,silt_clay,0.2134,1.1027,1.4856
49653,,,,
49685,medium_fine_sand,0.2304,1.4662,1.751
49686,medium_fine_sand,0.2068,1.3541,1.6185
49687,medium_fine_sand,0.2447,1.7215,2.0618
49688,medium_fine_sand,0.2499,1.7587,2.1064
49689,medium_fine_sand,0.2138,1.4509,1.736
49690,medium_fine_sand,0.2231,1.3531,1.6135
51001,medium_fine_sand,0.2074,1.6108,1.7426
51003,silt_clay,0.2022,1.2048,1.3807
51005,silt_clay,0.2052,1.195,1.3687
51007,silt_clay,0.2091,1.3145,1.5084
51009,silt_clay,0.2003,1.1911,1.3649
51011,silt_clay,0.2071,1.2483,1.4309
51013,medium_fine_sand,0.1941,1.3644,1.4743
51015,silt_clay,0.2002,1.1871,1.3602
51017,silt_clay,0.2032,1.1995,1.3742
51019,silt_clay,0.2077,1.3102,1.5037
51021,silt_clay,0.1963,1.1717,1.3428
51023,silt_clay,0.2044,1.2078,1.3839
51025,silt_clay,0.2046,1.2525,1.4364
51027,silt_clay,0.1997,1.2364,1.4183
51029,silt_clay,0.204,1.2742,1.462
51033,medium_fine_sand,0.2084,1.4596,1.5771
51035,silt_clay,0.2004,1.245,1.4283
51036,medium_fine_sand,0.206,1.4447,1.561
51037,silt_clay,0.2115,1.26,1.444
51041,medium_fine_sand,0.2163,1.4551,1.5714
51043,silt_clay,0.199,1.1476,1.3141
51045,silt_clay,0.2018,1.1917,1.3653
51047,silt_clay,0.2022,1.1862,1.3588
51049,medium_fine_sand,0.2108,1.4277,1.5419
51051,silt_clay,0.2018,1.25,1.4338
51057,medium_fine_sand,0.2084,1.4465,1.5628
51059,silt_clay,0.2118,1.2361,1.4158
51061,silt_clay,0.2039,1.2075,1.3836
51063,medium_fine_sand,0.1997,1.38,1.4909
51065,silt_clay,0.206,1.2464,1.429
51067,silt_clay,0.2003,1.2593,1.4451
51069,silt_clay,0.2006,1.1727,1.3433
51071,silt_clay,0.1975,1.1893,1.3633
51073,medium_fine_sand,0.2179,1.5627,1.689
51075,silt_clay,0.2091,1.2895,1.4791
51077,medium_fine_sand,0.1976,1.3832,1.4945
51079,silt_clay,0.1979,1.2373,1.4196
51081,silt_clay,0.21,1.2704,1.4564
51083,silt_clay,0.2056,1.2512,1.4346
51085,medium_fine_sand,0.2194,1.5099,1.6311
51087,silt_clay,0.2146,1.3467,1.5454
51089,silt_clay,0.2103,1.2761,1.4631
51091,silt_clay,0.2022,1.1959,1.3703
51093,medium_fine_sand,0.2024,1.4204,1.5348
51097,medium_fine_sand,0.2006,1.4439,1.5607
51101,medium_fine_sand,0.2135,1.5288,1.6523
51105,silt_clay,0.1966,1.153,1.3208
51107,silt_clay,0.2034,1.1821,1.3538
51109,silt_clay,0.2071,1.2886,1.4784
51111,silt_clay,0.2092,1.2993,1.4905
51113,silt_clay,0.2041,1.2523,1.4362
51115,medium_fine_sand,0.214,1.494,1.6142
51117,silt_clay,0.206,1.2527,1.4363
51119,medium_fine_sand,0.2128,1.4813,1.6004
51121,silt_clay,0.2071,1.1892,1.3615
51125,silt_clay,0.2016,1.2269,1.4068
51127,medium_fine_sand,0.2051,1.4435,1.5598
51131,medium_fine_sand,0.2091,1.5367,1.6614
51133,medium_fine_sand,0.2174,1.4547,1.5709
51135,silt_clay,0.2095,1.2897,1.4792
51137,silt_clay,0.2171,1.2508,1.4321
51139,silt_clay,0.1996,1.222,1.4013
51141,silt_clay,0.2053,1.2973,1.4889
51143,silt_clay,0.2092,1.2913,1.4811
51145,silt_clay,0.2118,1.3173,1.5113
51147,silt_clay,0.2087,1.2837,1.4723
51149,silt_clay,0.2042,1.2702,1.4572
51153,silt_clay,0.2053,1.2641,1.4498
51155,silt_clay,0.2061,1.1884,1.3607
51157,silt_clay,0.2043,1.2956,1.487
51159,medium_fine_sand,0.2025,1.4153,1.5291
51161,silt_clay,0.2013,1.21,1.387
51163,silt_clay,0.202,1.2254,1.405
51165,silt_clay,0.203,1.19,1.3632
51167,silt_clay,0.1984,1.1769,1.3486
51169,silt_clay,0.1985,1.1544,1.3221
51171,silt_clay,0.2032,1.1821,1.3538
51173,silt_clay,0.2021,1.175,1.3457
51175,medium_fine_sand,0.2133,1.5026,1.6237
51177,silt_clay,0.2109,1.3347,1.5319
51179,medium_fine_sand,0.2131,1.4391,1.5543
51181,medium_fine_sand,0.2043,1.4193,1.5334
51183,medium_fine_sand,0.2126,1.4529,1.5693
51185,silt_clay,0.2038,1.1769,1.3476
51187,silt_clay,0.2045,1.1837,1.3555
51191,silt_clay,0.2013,1.1768,1.3479
51193,silt_clay,0.2141,1.3399,1.5374
51195,silt_clay,0.1993,1.235,1.4167
51197,silt_clay,0.2087,1.1883,1.3601
51510,silt_clay,0.2143,1.3273,1.5226
51515,silt_clay,0.2009,1.2789,1.468
51540,silt_clay,0.1985,1.1988,1.3743
51550,medium_fine_sand,0.241,1.6885,1.8244
51600,silt_clay,0.2051,1.2177,1.3954
51606,silt_clay,0.1572,1.0577,1.2157
51610,silt_clay,0.2089,1.2506,1.4333
51630,medium_fine_sand,0.2116,1.491,1.6111
51631,silt_clay,0.2086,1.2601,1.4446
51653,silt_clay,0.2073,1.2784,1.4663
51695,medium_fine_sand,0.1996,1.3978,1.5103
51715,medium_fine_sand,0.2016,1.4384,1.5545
51760,medium_fine_sand,0.2124,1.4472,1.5631
51790,silt_clay,0.1989,1.3077,1.5022
51800,medium_fine_sand,0.2059,1.5008,1.6224
51810,medium_fine_sand,0.1996,1.3855,1.4969
51820,silt_clay,0.2008,1.2245,1.4041
51840,silt_clay,0.202,1.3327,1.5311
51850,silt_clay,0.189,1.2207,1.4017
50001,medium_fine_sand,0.1981,1.3846,1.4961
50003,medium_fine_sand,0.1713,1.2834,1.3878
50005,medium_fine_sand,0.18,1.3486,1.4583
50007,medium_fine_sand,0.1984,1.436,1.5522
50009,medium_fine_sand,0.1746,1.3499,1.4603
50011,medium_fine_sand,0.1957,1.4058,1.5194
50013,silt_clay,0.213,1.276,1.4624
50015,medium_fine_sand,0.1859,1.3654,1.4761
50017,medium_fine_sand,0.1782,1.3355,1.4442
50019,medium_fine_sand,0.1824,1.3619,1.4726
50021,medium_fine_sand,0.19,1.3742,1.4854
50023,medium_fine_sand,0.1716,1.3077,1.4143
50025,medium_fine_sand,0.1792,1.3634,1.4746
50027,medium_fine_sand,0.1685,1.3057,1.4125
53001,silt_clay,0.1903,1.0321,1.3946
53011,silt_clay,0.1664,0.9152,1.2377
53015,silt_clay,0.1467,0.8725,1.185
53017,medium_fine_sand,0.2006,1.2562,1.4994
53021,silt_clay,0.1971,1.0799,1.4601
53025,medium_fine_sand,0.1995,1.2581,1.5021
53029,medium_fine_sand,0.175,1.1914,1.4257
53043,silt_clay,0.1778,0.938,1.2654
53055,medium_fine_sand,0.1628,1.1165,1.3363
53063,silt_clay,0.1808,0.9902,1.3388
53065,silt_clay,0.1649,0.9677,1.3134
53075,silt_clay,0.1826,1.0457,1.4174
53603,silt_clay,0.1835,0.938,1.2629
53605,silt_clay,0.1971,1.0318,1.3912
53607,medium_fine_sand,0.1699,1.1338,1.356
53608,medium_fine_sand,0.1459,1.0794,1.2946
53609,silt_clay,0.1293,0.7947,1.0812
53613,silt_clay,0.1798,0.9275,1.2494
53619,medium_fine_sand,0.1741,1.173,1.4032
53623,silt_clay,0.1838,0.931,1.2528
53627,silt_clay,0.1468,0.8366,1.1337
53631,silt_clay,0.1576,0.9343,1.2687
53632,silt_clay,0.1206,0.7813,1.0658
53633,medium_fine_sand,0.194,1.254,1.4983
53634,medium_fine_sand,0.1402,1.0298,1.2348
53635,medium_fine_sand,0.1794,1.2161,1.455
53637,silt_clay,0.1659,0.9473,1.2837
53639,silt_clay,0.1859,0.9742,1.3137
53641,silt_clay,0.1542,0.8899,1.2067
53645,medium_fine_sand,0.1686,1.165,1.3946
53648,medium_fine_sand,0.1933,1.2315,1.4708
53649,medium_fine_sand,0.1656,1.1474,1.3737
53651,silt_clay,0.148,0.8987,1.2219
53653,medium_fine_sand,0.181,1.1898,1.4223
53657,silt_clay,0.1529,0.9244,1.2566
53659,medium_fine_sand,0.1374,1.0407,1.2489
53661,medium_fine_sand,0.1748,1.1547,1.3805
53667,silt_clay,0.1612,0.9322,1.2642
53671,silt_clay,0.1849,0.9668,1.3036
53673,silt_clay,0.1584,0.9296,1.2617
53676,medium_fine_sand,0.1415,1.0047,1.2036
53677,silt_clay,0.188,1.0037,1.355
53678,silt_clay,0.1953,1.0202,1.3754
53680,medium_fine_sand,0.1424,1.0352,1.241
53681,silt_clay,0.1869,0.9836,1.3267
53706,silt_clay,0.228,1.185,1.5971
53710,,,,
53714,silt_clay,0.1721,0.917,1.2377
53728,,,,
53730,silt_clay,0.1425,0.8407,1.1414
53749,medium_fine_sand,0.1651,1.1785,1.4121
53754,medium_fine_sand,0.1394,1.0539,1.2647
53760,,,,
53762,medium_fine_sand,0.1466,1.0841,1.3002
53774,medium_fine_sand,0.1222,0.9724,1.1684
53775,silt_clay,0.2219,1.1767,1.5879
53776,silt_clay,0.2202,1.1624,1.5681
53777,medium_fine_sand,0.1539,1.0928,1.3091
53778,medium_fine_sand,0.2251,1.3787,1.6446
55001,medium_fine_sand,0.2416,1.7774,1.9216
55003,medium_fine_sand,0.2158,1.5525,1.678
55005,medium_fine_sand,0.2394,1.558,1.6818
55007,medium_fine_sand,0.2192,1.594,1.7231
55009,silt_clay,0.2207,1.3028,1.4927
55011,medium_fine_sand,0.2326,1.5217,1.6427
55013,medium_fine_sand,0.2313,1.6079,1.7372
55015,silt_clay,0.2168,1.2564,1.4388
55017,medium_fine_sand,0.2381,1.5526,1.676
55019,medium_fine_sand,0.2386,1.6047,1.7329
55021,medium_fine_sand,0.229,1.5445,1.668
55023,silt_clay,0.2275,1.3399,1.5351
55025,silt_clay,0.2195,1.2882,1.4757
55027,silt_clay,0.2243,1.2739,1.458
55029,medium_fine_sand,0.2186,1.4681,1.5854
55031,medium_fine_sand,0.2243,1.6194,1.7504
55033,medium_fine_sand,0.2371,1.5792,1.7052
55035,medium_fine_sand,0.2381,1.6854,1.8213
55037,medium_fine_sand,0.2255,1.6113,1.7415
55039,silt_clay,0.2234,1.2479,1.4277
55041,medium_fine_sand,0.2231,1.5882,1.7164
55043,silt_clay,0.2153,1.2149,1.3903
55045,silt_clay,0.219,1.2403,1.4194
55047,silt_clay,0.2214,1.3382,1.5341
55049,silt_clay,0.2183,1.2451,1.4252
55051,medium_fine_sand,0.2177,1.5755,1.703
55053,medium_fine_sand,0.2372,1.7075,1.8456
55055,silt_clay,0.2235,1.3304,1.5246
55057,medium_fine_sand,0.235,1.6454,1.7778
55059,silt_clay,0.2284,1.2951,1.4822
55061,silt_clay,0.2191,1.3115,1.5031
55063,medium_fine_sand,0.2304,1.5153,1.636
55065,silt_clay,0.212,1.3791,1.5839
55067,medium_fine_sand,0.2269,1.5572,1.6821
55069,medium_fine_sand,0.2337,1.591,1.7184
55071,silt_clay,0.2198,1.297,1.486
55073,medium_fine_sand,0.2393,1.5767,1.7023
55075,medium_fine_sand,0.2195,1.6336,1.7664
55077,medium_fine_sand,0.2358,1.6614,1.7952
55078,medium_fine_sand,0.2091,1.548,1.6738
55079,silt_clay,0.2265,1.2648,1.447
55081,silt_clay,0.2278,1.4011,1.607
55083,medium_fine_sand,0.2201,1.6196,1.751
55085,medium_fine_sand,0.2214,1.6644,1.7999
55087,silt_clay,0.2158,1.2895,1.4779
55089,silt_clay,0.222,1.2613,1.4436
55091,medium_fine_sand,0.2349,1.5519,1.6755
55093,silt_clay,0.232,1.3863,1.5888
55095,medium_fine_sand,0.2343,1.6303,1.7614
55097,medium_fine_sand,0.2329,1.7081,1.8466
55099,medium_fine_sand,0.2288,1.5559,1.6805
55101,silt_clay,0.2281,1.2937,1.4807
55103,silt_clay,0.2265,1.3518,1.5493
55105,silt_clay,0.2224,1.3648,1.5652
55107,medium_fine_sand,0.2297,1.5494,1.6733
55109,medium_fine_sand,0.2391,1.5553,1.6788
55111,silt_clay,0.2273,1.4036,1.61
55113,medium_fine_sand,0.231,1.6044,1.7334
55115,medium_fine_sand,0.2252,1.6428,1.7759
55117,silt_clay,0.2187,1.2844,1.4714
55119,silt_clay,0.2328,1.4211,1.6296
55121,medium_fine_sand,0.2327,1.542,1.665
55123,silt_clay,0.2247,1.3037,1.493
55125,medium_fine_sand,0.2193,1.676,1.8127
55127,silt_clay,0.2226,1.3166,1.5085
55129,medium_fine_sand,0.2324,1.6485,1.7815
55131,silt_clay,0.2245,1.2955,1.4834
55133,silt_clay,0.2265,1.2962,1.4838
55135,medium_fine_sand,0.2337,1.6689,1.8037
55137,medium_fine_sand,0.2326,1.6908,1.8277
55139,silt_clay,0.2183,1.2789,1.465
55141,medium_fine_sand,0.2357,1.6496,1.7824
54001,silt_clay,0.218,1.3923,1.5983
54003,silt_clay,0.2023,1.1705,1.3404
54005,silt_clay,0.2012,1.2684,1.4556
54007,silt_clay,0.2031,1.1682,1.3375
54011,silt_clay,0.2046,1.3394,1.5385
54015,silt_clay,0.2036,1.1701,1.3397
54017,silt_clay,0.2052,1.3466,1.5468
54021,silt_clay,0.2071,1.3573,1.559
54025,silt_clay,0.1991,1.1755,1.3468
54037,silt_clay,0.2006,1.1663,1.3357
54039,silt_clay,0.224,1.2473,1.4269
54041,silt_clay,0.2145,1.1771,1.346
54043,silt_clay,0.2037,1.1956,1.3696
54047,silt_clay,0.197,1.2344,1.4164
54051,silt_clay,0.2079,1.3466,1.5463
54063,silt_clay,0.2034,1.1548,1.3217
54065,silt_clay,0.1995,1.2026,1.3786
54071,silt_clay,0.1979,1.1843,1.3573
54075,silt_clay,0.1752,1.0685,1.2252
54077,silt_clay,0.1925,1.13,1.2945
54079,silt_clay,0.2146,1.3781,1.5822
54085,silt_clay,0.2056,1.3099,1.5036
54097,silt_clay,0.2011,1.1589,1.327
54099,silt_clay,0.205,1.1737,1.3437
54101,silt_clay,0.1931,1.1712,1.3428
54103,silt_clay,0.2078,1.3279,1.5244
54109,silt_clay,0.1967,1.2409,1.4241
54600,silt_clay,0.2097,1.3515,1.5518
54601,silt_clay,0.2089,1.3531,1.5539
54602,silt_clay,0.1892,1.1104,1.272
54603,silt_clay,0.187,1.1171,1.2803
54604,silt_clay,0.2085,1.3647,1.5676
54608,silt_clay,0.1958,1.193,1.368
54610,silt_clay,0.209,1.3462,1.5457
54611,silt_clay,0.2085,1.1574,1.3239
54612,silt_clay,0.2112,1.3304,1.5267
54620,silt_clay,0.2011,1.2843,1.4744
54621,silt_clay,0.1419,0.9892,1.1379
54622,silt_clay,0.1428,0.9915,1.1404
54623,silt_clay,0.1563,1.0196,1.1711
54624,silt_clay,0.2063,1.3219,1.5176
54628,silt_clay,0.1996,1.1959,1.3707
54705,silt_clay,0.1679,1.0611,1.2178
54713,silt_clay,0.1963,1.1333,1.2977
54767,silt_clay,0.1832,1.1465,1.3155
56011,silt_clay,0.1866,0.9747,1.314
56027,silt_clay,0.1965,1.0774,1.4567
56031,medium_fine_sand,0.1928,1.2841,1.5356
56041,silt_clay,0.196,1.0613,1.4339
56043,silt_clay,0.2114,1.1063,1.4917
56045,silt_clay,0.1854,0.9799,1.322
56601,medium_fine_sand,0.1859,1.2255,1.4651
56603,silt_clay,0.217,1.1519,1.5544
56605,silt_clay,0.2034,1.0838,1.4629
56609,medium_fine_sand,0.2006,1.2719,1.5189
56613,medium_fine_sand,0.1896,1.2325,1.4728
56615,medium_fine_sand,0.1954,1.2583,1.5033
56617,silt_clay,0.2237,1.1696,1.5769
56619,silt_clay,0.1947,1.0397,1.4035
56621,medium_fine_sand,0.2118,1.36,1.6247
56622,silt_clay,0.2191,1.1624,1.5685
56623,silt_clay,0.2012,1.0248,1.3795
56625,silt_clay,0.1976,1.0811,1.4616
56629,medium_fine_sand,0.2229,1.3449,1.6035
56630,medium_fine_sand,0.2176,1.3188,1.5727
56632,silt_clay,0.2242,1.1797,1.5912
56633,silt_clay,0.1879,1.0149,1.3711
56635,medium_fine_sand,0.2158,1.3499,1.6113
56636,medium_fine_sand,0.2187,1.4084,1.6826
56638,medium_fine_sand,0.19,1.2208,1.4584
56647,medium_fine_sand,0.1873,1.1985,1.4315
56650,silt_clay,0.2165,1.1373,1.5337
56656,medium_fine_sand,0.1973,1.2441,1.4853
56661,silt_clay,0.2129,1.1226,1.5143
56662,medium_fine_sand,0.1771,1.2001,1.4359
56663,silt_clay,0.1818,0.9814,1.3257
56665,medium_fine_sand,0.2125,1.3205,1.5759
56666,silt_clay,0.186,1.0292,1.3922
56667,medium_fine_sand,0.2156,1.3328,1.5903
56677,silt_clay,0.1827,1.0122,1.3694
56705,silt_clay,0.1956,1.0431,1.408
56709,silt_clay,0.2075,1.1044,1.4906
56713,medium_fine_sand,0.1973,1.2528,1.4961
56715,medium_fine_sand,0.2035,1.3676,1.6359
56719,silt_clay,0.1958,1.0737,1.4517
56721,medium_fine_sand,0.1883,1.2033,1.4373
56723,silt_clay,0.2096,1.0808,1.4559
56737,medium_fine_sand,0.2259,1.3635,1.6257
